match_id,home_team,away_team,actual_result,argmax_result,predicted_result_main,predicted_result,decision_reason,prob_home_win,prob_draw,prob_away_win,draw_gap,draw_risk_flag,d_score_close,d_score_stall,d_score_total,d_combo_close_lowevent,d_combo_close_conflict,d_combo_drawrisk_stall,d_flag_close_lowevent,d_flag_close_conflict,d_flag_drawrisk_stall,d_flag_two_of_three,match_type,match_type_primary,match_type_flags,match_type_reason,lab_mix_home,lab_mix_draw,lab_mix_away,lab_prob_blend_alpha,lab_basis_hint,lab_draw_support_score,lab_dispersion_score,lab_scenario_entropy_score,match_type_lab_style_conflict,match_type_lab_low_event,match_type_lab_matchup_edge
j1_2026_02061903_京都_神戸,京都,神戸,D,A,D,D,MATCH_TYPE_MAIN_OVERRIDE,0.2474514970713653,0.3886100818646813,0.3639384210639533,-0.0246716608007279,True,0.8620531081423447,0.15,0.5772318648854069,0.0,0.0,0.1293079662213517,False,False,False,False,away_strong,away_strong,"draw_risk,away_strong,away_title_race,home_relegation_risk,away_adverse","type=away_strong; flags=draw_risk,away_strong,away_title_race,home_relegation_risk,away_adverse; elo=16.671; xg_diff=-7.600; rank_gap=7.000; prob_draw=0.389; draw_gap=-0.025; lab_edge=; adv_home=0.85; adv_away=1.33; home_ctx=relegation; away_ctx=title",0.2227176845924126,0.5299256078663142,0.2473567075412732,0.2497576719607255,draw_compressed,0.5757518824708202,0.3640275401639976,0.4753200476872469,False,False,
j1_2026_02061903_横浜FM_町田,横浜FM,町田,A,A,D,D,MATCH_TYPE_MAIN_OVERRIDE,0.2546076453767851,0.3945449904510446,0.3508473641721703,-0.0436976262788742,True,0.8162954222927515,0.15,0.549777253375651,0.0,0.0,0.1224443133439127,False,False,False,False,neutral,draw_risk,"draw_risk,away_title_race,home_relegation_risk","type=neutral; flags=draw_risk,away_title_race,home_relegation_risk; elo=-31.518; xg_diff=0.200; rank_gap=5.000; prob_draw=0.395; draw_gap=-0.044; lab_edge=; adv_home=0.40; adv_away=0.88; home_ctx=relegation; away_ctx=title",0.2283986074906287,0.5111126863665919,0.2604887061427793,0.2478090099777,basis_balanced,0.5550380259199842,0.3783309258968563,0.4913215865585627,False,False,
j1_2026_02071304_千葉_浦和,千葉,浦和,A,A,D,D,MATCH_TYPE_MAIN_OVERRIDE,0.256800744722831,0.3796747632016166,0.3635244920755524,-0.0161502711260642,True,0.8869197617676322,0.15,0.5921518570605794,0.0,0.0,0.1330379642651448,False,False,False,False,away_strong,away_strong,"draw_risk,away_strong,home_relegation_risk","type=away_strong; flags=draw_risk,away_strong,home_relegation_risk; elo=-20.484; xg_diff=-4.300; rank_gap=5.000; prob_draw=0.380; draw_gap=-0.016; lab_edge=; adv_home=0.40; adv_away=0.88; home_ctx=relegation; away_ctx=mid",0.241629080813047,0.4550644510846898,0.3033064681022631,0.222029392661999,basis_balanced,0.5013941043972733,0.3704240380082146,0.5188209122283423,False,False,
j1_2026_02071335_FC東京_鹿島,FC東京,鹿島,D,A,D,D,MATCH_TYPE_MAIN_OVERRIDE,0.2529111797943753,0.3929549505900517,0.3541338696155729,-0.0388210809744788,True,0.8281395206703025,0.15,0.5568837124021815,0.0,0.0,0.1242209281005454,False,False,False,False,signal_conflict,signal_conflict,"draw_risk,signal_conflict,home_title_race,away_title_race,away_adverse","type=signal_conflict; flags=draw_risk,signal_conflict,home_title_race,away_title_race,away_adverse; elo=-68.575; xg_diff=3.000; rank_gap=1.000; prob_draw=0.393; draw_gap=-0.039; lab_edge=; adv_home=0.85; adv_away=1.33; home_ctx=title; away_ctx=title",0.2109051686427851,0.5858716613996708,0.203223169957544,0.2545583129430866,draw_compressed,0.6163473486129174,0.3560021019439532,0.4299368714490009,False,False,
j1_2026_02131903_神戸_長崎,神戸,長崎,H,H,D,D,MATCH_TYPE_MAIN_OVERRIDE,0.3268487591279423,0.3668511369563338,0.306300103915724,-0.0400023778283915,True,0.837425416012465,0.15,0.5624552496074791,0.0,0.0,0.1256138124018697,False,False,False,False,home_strong,home_strong,"draw_risk,home_strong,home_title_race,away_relegation_risk","type=home_strong; flags=draw_risk,home_strong,home_title_race,away_relegation_risk; elo=40.429; xg_diff=5.500; rank_gap=-8.000; prob_draw=0.367; draw_gap=-0.040; lab_edge=; adv_home=0.40; adv_away=0.71; home_ctx=title; away_ctx=relegation",0.2841487988825515,0.4829220455913545,0.2329291555260939,0.2461881415374331,basis_balanced,0.5303889103404641,0.3566754649169844,0.4925053699306674,False,False,
j1_2026_02141403_広島_岡山,広島,岡山,D,A,D,D,MATCH_TYPE_MAIN_OVERRIDE,0.3053048021066156,0.3595394176266597,0.3351557802667246,-0.024383637359935,True,0.8770183383080349,0.1496161813555498,0.5860574755270409,0.0,0.0,0.1312161347564379,False,False,False,False,home_strong,home_strong,"draw_risk,home_strong,away_relegation_risk","type=home_strong; flags=draw_risk,home_strong,away_relegation_risk; elo=88.537; xg_diff=8.500; rank_gap=-2.000; prob_draw=0.360; draw_gap=-0.024; lab_edge=; adv_home=0.40; adv_away=0.88; home_ctx=mid; away_ctx=relegation",0.2640407332080414,0.5214071490911231,0.2145521177008355,0.2475485054879515,basis_balanced,0.522524652349608,0.3912682003487406,0.4764640086576116,False,False,
j1_2026_02211403_東京Ｖ_町田,東京Ｖ,町田,D,A,D,D,MATCH_TYPE_MAIN_OVERRIDE,0.2551450004708742,0.4072288629789212,0.3376261365502045,-0.0696027264287167,True,0.7499204873920355,0.15,0.5099522924352213,0.0,0.0,0.1124880731088053,False,False,False,False,away_strong,away_strong,"draw_risk,away_strong,away_title_race,away_adverse","type=away_strong; flags=draw_risk,away_strong,away_title_race,away_adverse; elo=-41.800; xg_diff=-4.300; rank_gap=1.000; prob_draw=0.407; draw_gap=-0.070; lab_edge=; adv_home=0.85; adv_away=1.32; home_ctx=mid; away_ctx=title",0.2066907525341176,0.5637603344992967,0.2295489129665856,0.2525414968819196,draw_compressed,0.5790497550616491,0.3653976987961059,0.4374356188649476,False,False,
j1_2026_02211403_横浜FM_浦和,横浜FM,浦和,A,A,D,D,MATCH_TYPE_MAIN_OVERRIDE,0.2487766471398037,0.3765444700186729,0.3746788828415233,-0.0018655871771496,True,0.9199356060203292,0.15,0.6119613636121977,0.0,0.0,0.1379903409030494,False,False,False,False,away_strong,away_strong,"draw_risk,away_strong,home_relegation_risk","type=away_strong; flags=draw_risk,away_strong,home_relegation_risk; elo=-47.681; xg_diff=-4.900; rank_gap=3.000; prob_draw=0.377; draw_gap=-0.002; lab_edge=; adv_home=0.40; adv_away=1.03; home_ctx=relegation; away_ctx=mid",0.2220169175286988,0.5195178625314965,0.2584652199398047,0.2488626088407725,basis_balanced,0.5445993607872369,0.3692215512254048,0.4703052227245273,False,False,
j1_2026_02221403_京都_福岡,京都,福岡,H,A,D,D,MATCH_TYPE_MAIN_OVERRIDE,0.2859239015872598,0.3904916206767878,0.3235844777359524,-0.0669071429408354,True,0.7651498291021499,0.15,0.51908989746129,0.0,0.0,0.1147724743653225,False,False,False,False,home_strong,home_strong,"draw_risk,home_strong,home_relegation_risk,away_relegation_risk","type=home_strong; flags=draw_risk,home_strong,home_relegation_risk,away_relegation_risk; elo=67.977; xg_diff=2.400; rank_gap=1.000; prob_draw=0.390; draw_gap=-0.067; lab_edge=; adv_home=0.40; adv_away=0.71; home_ctx=relegation; away_ctx=relegation",0.2372168627974109,0.5382657479636959,0.2245173892388932,0.2504258972162696,basis_balanced,0.5576781179410252,0.3462896329476426,0.4554461071624485,False,False,
j1_2026_02221403_岡山_Ｇ大阪,岡山,Ｇ大阪,A,A,D,D,MATCH_TYPE_MAIN_OVERRIDE,0.2449434080198658,0.3838629234347165,0.3711936685454176,-0.0126692548892989,True,0.8913583471876843,0.15,0.5948150083126106,0.0,0.0,0.1337037520781526,False,False,False,False,away_strong,away_strong,"draw_risk,away_strong,away_title_race,home_relegation_risk","type=away_strong; flags=draw_risk,away_strong,away_title_race,home_relegation_risk; elo=-44.809; xg_diff=-4.000; rank_gap=4.000; prob_draw=0.384; draw_gap=-0.013; lab_edge=; adv_home=0.40; adv_away=0.51; home_ctx=relegation; away_ctx=title",0.2137687951518603,0.5457185296376756,0.2405126752104638,0.2517705233751497,draw_compressed,0.5809483951310231,0.3499300989419001,0.4495344632870182,False,False,
j1_2026_02221503_Ｃ大阪_広島,Ｃ大阪,広島,A,A,D,D,MATCH_TYPE_MAIN_OVERRIDE,0.25930056064503,0.382768457249816,0.3579309821051539,-0.024837475144662,True,0.8658083079421899,0.15,0.579484984765314,0.0,0.0,0.1298712461913285,False,False,False,False,away_strong,away_strong,"draw_risk,away_strong","type=away_strong; flags=draw_risk,away_strong; elo=-47.767; xg_diff=-7.900; rank_gap=-1.000; prob_draw=0.383; draw_gap=-0.025; lab_edge=; adv_home=0.40; adv_away=0.87; home_ctx=mid; away_ctx=mid",0.2220269156303196,0.5300837525506479,0.2478893318190324,0.248740185845521,basis_balanced,0.5386241772530717,0.3701326665909542,0.4686397320657398,False,False,
j1_2026_02271903_神戸_福岡,神戸,福岡,H,A,D,D,MATCH_TYPE_MAIN_OVERRIDE,0.3195153269891944,0.3638530558415861,0.3166316171692196,-0.0443377288523917,True,0.8272692733844722,0.15,0.5563615640306834,0.0,0.0,0.1240903910076708,False,False,False,False,home_strong,home_strong,"draw_risk,home_strong,home_title_race,away_relegation_risk","type=home_strong; flags=draw_risk,home_strong,home_title_race,away_relegation_risk; elo=56.844; xg_diff=10.000; rank_gap=-6.000; prob_draw=0.364; draw_gap=-0.044; lab_edge=; adv_home=0.43; adv_away=0.74; home_ctx=title; away_ctx=relegation",0.2722188068596055,0.5006039914800928,0.2271772016603016,0.2475099558084438,basis_balanced,0.5428866761126706,0.3690315415792173,0.4886501605151854,False,False,
j1_2026_02281403_浦和_鹿島,浦和,鹿島,A,A,D,D,MATCH_TYPE_MAIN_OVERRIDE,0.248934678791201,0.3886521388497184,0.3624131823590806,-0.0262389564906377,True,0.8586462136496036,0.15,0.5751877281897622,0.0,0.0,0.1287969320474405,False,False,False,False,away_strong,away_strong,"draw_risk,away_strong,away_title_race","type=away_strong; flags=draw_risk,away_strong,away_title_race; elo=-50.515; xg_diff=0.600; rank_gap=4.000; prob_draw=0.389; draw_gap=-0.026; lab_edge=; adv_home=0.40; adv_away=0.56; home_ctx=mid; away_ctx=title",0.2170346570306899,0.5497500212178675,0.2332153217514424,0.2524346081706766,draw_compressed,0.5948552167969883,0.3431731809056011,0.4479942928743268,False,False,
j1_2026_02281503_FC東京_柏,FC東京,柏,A,A,D,D,MATCH_TYPE_MAIN_OVERRIDE,0.3104690392207753,0.3683391649234993,0.3211917958557254,-0.0471473690677738,True,0.8195796831987853,0.15,0.5517478099192712,0.0,0.0,0.1229369524798178,False,False,False,False,home_strong,home_strong,"draw_risk,home_strong,home_title_race,away_relegation_risk","type=home_strong; flags=draw_risk,home_strong,home_title_race,away_relegation_risk; elo=-35.953; xg_diff=3.300; rank_gap=-7.000; prob_draw=0.368; draw_gap=-0.047; lab_edge=; adv_home=0.40; adv_away=0.90; home_ctx=title; away_ctx=relegation",0.293152977502542,0.4696907378067811,0.2371562846906768,0.2351921305235293,basis_balanced,0.5235944563361813,0.3581654081034628,0.5027662838117934,False,False,
j1_2026_03071603_福岡_名古屋,福岡,名古屋,A,A,D,D,MATCH_TYPE_MAIN_OVERRIDE,0.2453935979903788,0.3893542010799748,0.3652522009296464,-0.0241020001503284,True,0.8626996010632793,0.3216874999999999,0.6462947606379675,0.0,0.0,0.2775196779170436,False,False,False,False,away_strong,away_strong,"draw_risk,away_strong,away_title_race,home_relegation_risk","type=away_strong; flags=draw_risk,away_strong,away_title_race,home_relegation_risk; elo=-7.379; xg_diff=-6.900; rank_gap=7.000; prob_draw=0.389; draw_gap=-0.024; lab_edge=2.506; adv_home=0.40; adv_away=0.60; home_ctx=relegation; away_ctx=title",0.2211009879553081,0.5001073908489913,0.2787916211957005,0.2388822546650196,basis_balanced,0.5685898399270043,0.5771789456531946,0.6265905561722934,False,False,2.506000000000002
j1_2026_03141403_京都_Ｃ大阪,京都,Ｃ大阪,A,A,D,D,MATCH_TYPE_MAIN_OVERRIDE,0.2617035540282976,0.3796660636065625,0.3586303823651398,-0.0210356812414226,True,0.8761851299195885,0.15,0.5857110779517531,0.0,0.0,0.1314277694879383,False,False,False,False,away_strong,away_strong,"draw_risk,away_strong,home_relegation_risk","type=away_strong; flags=draw_risk,away_strong,home_relegation_risk; elo=57.904; xg_diff=-2.300; rank_gap=5.000; prob_draw=0.380; draw_gap=-0.021; lab_edge=; adv_home=0.40; adv_away=0.91; home_ctx=relegation; away_ctx=mid",0.2202813872100729,0.5539079056860245,0.2258107071039024,0.2517309116072949,basis_balanced,0.5591150903059455,0.336330808321445,0.4376241714991845,False,False,
j1_2026_03141403_名古屋_神戸,名古屋,神戸,A,A,D,D,MATCH_TYPE_MAIN_OVERRIDE,0.265482887268325,0.3939331820215068,0.340583930710168,-0.0533492513113387,True,0.7950587492601254,0.15,0.5370352495560753,0.0,0.0,0.1192588123890188,False,False,False,False,away_strong,away_strong,"draw_risk,away_strong,home_title_race,away_title_race","type=away_strong; flags=draw_risk,away_strong,home_title_race,away_title_race; elo=-53.791; xg_diff=-3.100; rank_gap=-1.000; prob_draw=0.394; draw_gap=-0.053; lab_edge=; adv_home=0.14; adv_away=0.31; home_ctx=title; away_ctx=title",0.2312648231538141,0.5511189006050278,0.2176162762411582,0.2510834315417098,draw_compressed,0.5716275179379965,0.3545621506204523,0.4540238453687139,False,False,
j1_2026_03181933_町田_鹿島,町田,鹿島,A,A,D,D,MATCH_TYPE_MAIN_OVERRIDE,0.2459392678964111,0.3823430264156828,0.3717177056879061,-0.0106253207277767,True,0.8968865116584688,0.15,0.5981319069950813,0.0,0.0,0.1345329767487703,False,False,False,False,away_strong,away_strong,"draw_risk,away_strong,home_title_race,away_title_race","type=away_strong; flags=draw_risk,away_strong,home_title_race,away_title_race; elo=-58.177; xg_diff=-4.500; rank_gap=2.000; prob_draw=0.382; draw_gap=-0.011; lab_edge=; adv_home=0.40; adv_away=0.70; home_ctx=title; away_ctx=title",0.2095358173140024,0.5601466782146242,0.2303175044713731,0.2534265234842795,draw_compressed,0.5985461473763465,0.3459721089763828,0.4359331772967768,False,False,
j1_2026_03221503_Ｃ大阪_神戸,Ｃ大阪,神戸,D,A,D,D,MATCH_TYPE_MAIN_OVERRIDE,0.2495202959098705,0.3895671094222805,0.3609125946678488,-0.0286545147544317,True,0.8527448760015498,0.5224843750000001,0.7206406756009299,0.0,0.843811628876292,0.4455458735721223,False,True,True,True,away_strong,away_strong,"draw_risk,away_strong,lab_style_conflict,away_title_race","type=away_strong; flags=draw_risk,away_strong,lab_style_conflict,away_title_race; elo=-48.362; xg_diff=-5.300; rank_gap=2.000; prob_draw=0.390; draw_gap=-0.029; lab_edge=-5.680; adv_home=0.60; adv_away=0.91; home_ctx=mid; away_ctx=title",0.2117345736102973,0.5607457259632022,0.2275197004265005,0.2452516693782298,split_side,0.5850751316468149,0.4923122355702767,0.5450190841091831,True,False,-5.680499999999998
j1_2026_04011903_神戸_清水,神戸,清水,H,A,D,D,MATCH_TYPE_MAIN_OVERRIDE,0.3059718538470862,0.3779256307786276,0.3161025153742862,-0.0618231154043414,True,0.7813768980837424,0.15,0.5288261388502454,0.0,0.0,0.1172065347125613,False,False,False,False,home_strong,home_strong,"draw_risk,home_strong,home_title_race","type=home_strong; flags=draw_risk,home_strong,home_title_race; elo=63.750; xg_diff=7.400; rank_gap=-4.000; prob_draw=0.378; draw_gap=-0.062; lab_edge=; adv_home=0.00; adv_away=0.90; home_ctx=title; away_ctx=mid",0.2463790689926585,0.5375138683166021,0.2161070626907394,0.2507679199949115,basis_balanced,0.5466805197888913,0.3533098097661816,0.4442757256663445,False,False,
j1_2026_04051403_広島_福岡,広島,福岡,A,A,D,D,MATCH_TYPE_MAIN_OVERRIDE,0.3135061685877693,0.3577921646311007,0.3287016667811301,-0.0290904978499705,True,0.8658990844205097,0.1481601371925839,0.5788035055293393,0.0,0.0,0.1282917271426755,False,False,False,False,home_strong,home_strong,"draw_risk,home_strong,away_relegation_risk","type=home_strong; flags=draw_risk,home_strong,away_relegation_risk; elo=75.677; xg_diff=12.600; rank_gap=-3.000; prob_draw=0.358; draw_gap=-0.029; lab_edge=; adv_home=0.40; adv_away=0.64; home_ctx=mid; away_ctx=relegation",0.2806501889255799,0.4942875874001344,0.2250622236742856,0.2468059903505493,basis_balanced,0.5233422047412393,0.3737700722660318,0.4875385405585751,False,False,
j1_2026_04051403_柏_横浜FM,柏,横浜FM,H,A,D,D,MATCH_TYPE_MAIN_OVERRIDE,0.2859816643824693,0.3982506036140261,0.3157677320035046,-0.0824828716105214,True,0.730940465691702,0.15,0.4985642794150212,0.0,0.0,0.1096410698537553,False,False,False,False,home_strong,home_strong,"draw_risk,home_strong,home_relegation_risk,away_relegation_risk,away_adverse","type=home_strong; flags=draw_risk,home_strong,home_relegation_risk,away_relegation_risk,away_adverse; elo=62.362; xg_diff=4.000; rank_gap=1.000; prob_draw=0.398; draw_gap=-0.082; lab_edge=; adv_home=0.40; adv_away=1.72; home_ctx=relegation; away_ctx=relegation",0.2370847566717564,0.5503220313168383,0.2125932120114051,0.2515618559151557,draw_compressed,0.5675661893358193,0.3572661466842697,0.4448684522611014,False,False,
j1_2026_04111503_神戸_名古屋,神戸,名古屋,H,A,D,D,MATCH_TYPE_MAIN_OVERRIDE,0.2787441812277044,0.4046237425993829,0.3166320761729128,-0.08799166642647,True,0.7288101440539313,0.15,0.4972860864323588,0.0,0.0,0.1093215216080897,False,False,False,False,home_strong,home_strong,"draw_risk,home_strong,home_title_race,away_title_race","type=home_strong; flags=draw_risk,home_strong,home_title_race,away_title_race; elo=62.574; xg_diff=3.100; rank_gap=1.000; prob_draw=0.405; draw_gap=-0.088; lab_edge=; adv_home=0.00; adv_away=0.82; home_ctx=title; away_ctx=title",0.2097326542152596,0.5736528739161615,0.2166144718685788,0.252719611581767,draw_compressed,0.5805496695347728,0.3518322399439911,0.4357482171374847,False,False,
j1_2026_04111603_京都_岡山,京都,岡山,H,A,D,D,MATCH_TYPE_MAIN_OVERRIDE,0.2764405553516731,0.3876757745171345,0.3358836701311923,-0.0517921043859421,True,0.8019869186966448,0.15,0.5411921512179869,0.0,0.0,0.1202980378044967,False,False,False,False,signal_conflict,signal_conflict,"draw_risk,signal_conflict,home_relegation_risk,away_relegation_risk","type=signal_conflict; flags=draw_risk,signal_conflict,home_relegation_risk,away_relegation_risk; elo=66.986; xg_diff=-1.700; rank_gap=2.000; prob_draw=0.388; draw_gap=-0.052; lab_edge=; adv_home=0.40; adv_away=0.72; home_ctx=relegation; away_ctx=relegation",0.2267878703602554,0.5546931314765955,0.2185189981631491,0.2504078824110987,basis_balanced,0.5519733140764904,0.3590507389402891,0.4524435735994423,False,False,
j1_2026_04181603_Ｃ大阪_京都,Ｃ大阪,京都,H,A,D,D,MATCH_TYPE_MAIN_OVERRIDE,0.2854714495261252,0.3852063101076755,0.3293222403661993,-0.0558840697414761,True,0.793481678693532,0.15,0.5360890072161192,0.0,0.0,0.1190222518040298,False,False,False,False,home_strong,home_strong,"draw_risk,home_strong,away_relegation_risk","type=home_strong; flags=draw_risk,home_strong,away_relegation_risk; elo=-47.548; xg_diff=2.300; rank_gap=-5.000; prob_draw=0.385; draw_gap=-0.056; lab_edge=; adv_home=1.00; adv_away=0.39; home_ctx=mid; away_ctx=relegation",0.2368200429173109,0.5383297404182454,0.2248502166644436,0.25038757817379,basis_balanced,0.5485519066267309,0.3418965032503028,0.4507785441611328,False,False,
j1_2026_04191303_水戸_柏,水戸,柏,H,A,D,D,MATCH_TYPE_MAIN_OVERRIDE,0.2621711007586583,0.3758280475599344,0.3620008516814074,-0.0138271958785269,True,0.8945070952772047,0.15,0.5967042571663229,0.0,0.0,0.1341760642915807,False,False,False,False,away_strong,away_strong,"draw_risk,away_strong,home_relegation_risk,away_relegation_risk","type=away_strong; flags=draw_risk,away_strong,home_relegation_risk,away_relegation_risk; elo=-51.550; xg_diff=-6.800; rank_gap=-2.000; prob_draw=0.376; draw_gap=-0.014; lab_edge=; adv_home=1.13; adv_away=0.85; home_ctx=relegation; away_ctx=relegation",0.2225119963829474,0.5254261912296087,0.252061812387444,0.2498314536075531,basis_balanced,0.5564235483308337,0.3551855980855972,0.4632212617954325,False,False,
j1_2026_04291403_神戸_Ｃ大阪,神戸,Ｃ大阪,D,A,D,D,MATCH_TYPE_MAIN_OVERRIDE,0.2934337282932502,0.393966243897176,0.3126000278095737,-0.0813662160876023,True,0.7323943953006498,0.15,0.4994366371803898,0.0,0.0,0.1098591592950974,False,False,False,False,home_strong,home_strong,"draw_risk,home_strong,home_title_race,away_adverse","type=home_strong; flags=draw_risk,home_strong,home_title_race,away_adverse; elo=66.213; xg_diff=5.300; rank_gap=-2.000; prob_draw=0.394; draw_gap=-0.081; lab_edge=; adv_home=0.46; adv_away=1.20; home_ctx=title; away_ctx=mid",0.2237069824458118,0.5691272915049128,0.2071657260492754,0.2510483781306446,draw_compressed,0.5773297729907965,0.3896310189925784,0.4577830398426753,False,False,
j1_2026_04291503_京都_Ｇ大阪,京都,Ｇ大阪,D,A,D,D,MATCH_TYPE_MAIN_OVERRIDE,0.2527276153112205,0.3923644684273603,0.3549079162614192,-0.037456552165941,True,0.8315492694177065,0.15,0.5589295616506239,0.0,0.0,0.1247323904126559,False,False,False,False,away_strong,away_strong,"draw_risk,away_strong,away_title_race,home_relegation_risk,away_adverse","type=away_strong; flags=draw_risk,away_strong,away_title_race,home_relegation_risk,away_adverse; elo=26.674; xg_diff=-5.700; rank_gap=6.000; prob_draw=0.392; draw_gap=-0.037; lab_edge=; adv_home=0.40; adv_away=1.60; home_ctx=relegation; away_ctx=title",0.2181536119640252,0.5442940748046949,0.2375523132312798,0.2476196734331508,split_side,0.5653984919172302,0.420366459829533,0.4999466606219777,False,False,
j1_2026_04291603_柏_FC東京,柏,FC東京,A,A,D,D,MATCH_TYPE_MAIN_OVERRIDE,0.2515498256054842,0.3936943410252705,0.3547558333692453,-0.0389385076560251,True,0.827354329553538,0.15,0.5564125977321228,0.0,0.0,0.1241031494330307,False,False,False,False,away_strong,away_strong,"draw_risk,away_strong,away_title_race,home_relegation_risk","type=away_strong; flags=draw_risk,away_strong,away_title_race,home_relegation_risk; elo=-10.558; xg_diff=-3.300; rank_gap=7.000; prob_draw=0.394; draw_gap=-0.039; lab_edge=; adv_home=1.11; adv_away=0.91; home_ctx=relegation; away_ctx=title",0.2341598862813232,0.4889157520421414,0.2769243616765354,0.2474077665936645,basis_balanced,0.5441357611422704,0.3542553281035739,0.490823769314661,False,False,
j1_2026_04291603_水戸_町田,水戸,町田,D,A,D,D,MATCH_TYPE_MAIN_OVERRIDE,0.2483994096290221,0.3775111496761991,0.3740894406947787,-0.0034217089814203,True,0.9158985025475972,0.15,0.6095391015285584,0.0,0.0,0.1373847753821396,False,False,False,False,away_strong,away_strong,"draw_risk,away_strong,away_title_race,home_relegation_risk,away_adverse","type=away_strong; flags=draw_risk,away_strong,away_title_race,home_relegation_risk,away_adverse; elo=-45.992; xg_diff=-2.600; rank_gap=4.000; prob_draw=0.378; draw_gap=-0.003; lab_edge=; adv_home=1.13; adv_away=2.48; home_ctx=relegation; away_ctx=title",0.2214364998298726,0.514659614555279,0.2639038856148483,0.2472845385878642,basis_balanced,0.5490376027641762,0.4041494516283052,0.4953852217528972,False,False,
j1_2026_05021403_京都_清水,京都,清水,A,A,D,D,MATCH_TYPE_MAIN_OVERRIDE,0.2730773814266393,0.3929740973489063,0.3339485212244543,-0.059025576124452,True,0.782558802907462,0.15,0.5295352817444773,0.0,0.0,0.1173838204361193,False,False,False,False,signal_conflict,signal_conflict,"draw_risk,signal_conflict,home_relegation_risk","type=signal_conflict; flags=draw_risk,signal_conflict,home_relegation_risk; elo=60.895; xg_diff=-0.200; rank_gap=3.000; prob_draw=0.393; draw_gap=-0.059; lab_edge=; adv_home=0.40; adv_away=0.90; home_ctx=relegation; away_ctx=mid",0.2221856284727854,0.5582014030442262,0.2196129684829882,0.2504815894400318,basis_balanced,0.5555527062411302,0.3579654151859943,0.4534359829944762,False,False,
j1_2026_05021503_Ｇ大阪_神戸,Ｇ大阪,神戸,H,A,D,D,MATCH_TYPE_MAIN_OVERRIDE,0.2553392573280862,0.4035868366702891,0.3410739060016247,-0.0625129306686644,True,0.7682849723856632,0.15,0.5209709834313979,0.0,0.0,0.1152427458578495,False,False,False,False,away_strong,away_strong,"draw_risk,away_strong,home_title_race,away_title_race","type=away_strong; flags=draw_risk,away_strong,home_title_race,away_title_race; elo=-53.447; xg_diff=-1.900; rank_gap=1.000; prob_draw=0.404; draw_gap=-0.063; lab_edge=; adv_home=0.40; adv_away=0.45; home_ctx=title; away_ctx=title",0.2112528431793921,0.5768210223389317,0.211926134481676,0.2525590748728367,draw_compressed,0.5906932311032708,0.3636137870727198,0.4438379195899163,False,False,
j1_2026_05031403_東京Ｖ_柏,東京Ｖ,柏,H,A,D,D,MATCH_TYPE_MAIN_OVERRIDE,0.2773259409561053,0.380471223021082,0.3422028360228126,-0.0382683869982694,True,0.836777229321359,0.15,0.5620663375928154,0.0,0.0,0.1255165843982038,False,False,False,False,signal_conflict,signal_conflict,"draw_risk,signal_conflict,away_relegation_risk","type=signal_conflict; flags=draw_risk,signal_conflict,away_relegation_risk; elo=-31.917; xg_diff=-8.500; rank_gap=-5.000; prob_draw=0.380; draw_gap=-0.038; lab_edge=; adv_home=0.53; adv_away=0.98; home_ctx=mid; away_ctx=relegation",0.228357798598032,0.5313466618756035,0.2402955395263642,0.2488148339203,draw_compressed,0.5700148014881048,0.3709301041629599,0.4855108305603445,False,False,
j1_2026_05031603_鹿島_町田,鹿島,町田,D,A,D,D,MATCH_TYPE_MAIN_OVERRIDE,0.2953866988409251,0.3902637168888447,0.3143495842702302,-0.0759141326186145,True,0.7434749655453987,0.15,0.5060849793272393,0.0,0.0,0.1115212448318098,False,False,False,False,home_strong,home_strong,"draw_risk,home_strong,home_title_race,away_title_race,away_adverse","type=home_strong; flags=draw_risk,home_strong,home_title_race,away_title_race,away_adverse; elo=69.430; xg_diff=4.500; rank_gap=-2.000; prob_draw=0.390; draw_gap=-0.076; lab_edge=; adv_home=0.27; adv_away=1.95; home_ctx=title; away_ctx=title",0.2320178887640617,0.5640100012581822,0.203972109977756,0.2516860312398626,draw_compressed,0.5983937299826064,0.3959207872845792,0.4607102565634514,False,False,
j1_2026_05031703_長崎_名古屋,長崎,名古屋,A,A,D,D,MATCH_TYPE_MAIN_OVERRIDE,0.2478508105617577,0.3780300205412196,0.3741191688970226,-0.0039108516441969,True,0.9144660032695382,0.15,0.608679601961723,0.0,0.0,0.1371699004904307,False,False,False,False,away_strong,away_strong,"draw_risk,away_strong,away_title_race,home_relegation_risk","type=away_strong; flags=draw_risk,away_strong,away_title_race,home_relegation_risk; elo=-8.230; xg_diff=-2.400; rank_gap=9.000; prob_draw=0.378; draw_gap=-0.004; lab_edge=; adv_home=0.40; adv_away=0.71; home_ctx=relegation; away_ctx=title",0.2401678998330327,0.4587010146308806,0.3011310855360867,0.2259976701581782,basis_balanced,0.5114483464225114,0.3535825299303252,0.505239025591135,False,False,
j1_2026_05061403_福岡_京都,福岡,京都,D,A,D,D,MATCH_TYPE_MAIN_OVERRIDE,0.2686183809885856,0.3982332071574775,0.3331484118539367,-0.0650847953035408,True,0.7657487973886873,0.15,0.5194492784332124,0.0,0.0,0.1148623196083031,False,False,False,False,away_strong,away_strong,"draw_risk,away_strong,home_relegation_risk,away_relegation_risk","type=away_strong; flags=draw_risk,away_strong,home_relegation_risk,away_relegation_risk; elo=-46.477; xg_diff=-2.400; rank_gap=-1.000; prob_draw=0.398; draw_gap=-0.065; lab_edge=; adv_home=0.80; adv_away=0.09; home_ctx=relegation; away_ctx=relegation",0.2303087774055913,0.5299302620933289,0.2397609605010796,0.2497764865961702,basis_balanced,0.5563637365008295,0.3422460297167624,0.463972326626614,False,False,
j1_2026_05061603_町田_横浜FM,町田,横浜FM,H,A,D,D,MATCH_TYPE_MAIN_OVERRIDE,0.3107593516041935,0.3729814750223733,0.3162591733734331,-0.0567223016489402,True,0.7950112655526458,0.15,0.5370067593315875,0.0,0.0,0.1192516898328968,False,False,False,False,home_strong,home_strong,"draw_risk,home_strong,home_title_race,away_relegation_risk,home_adverse,away_adverse","type=home_strong; flags=draw_risk,home_strong,home_title_race,away_relegation_risk,home_adverse,away_adverse; elo=59.253; xg_diff=-0.200; rank_gap=-5.000; prob_draw=0.373; draw_gap=-0.057; lab_edge=; adv_home=1.20; adv_away=1.20; home_ctx=title; away_ctx=relegation",0.2623891896694232,0.5108917365415225,0.2267190737890542,0.2465997615013077,basis_balanced,0.5511223456140206,0.4040540142916048,0.5063590331893295,False,False,
j1_2026_05091403_水戸_浦和,水戸,浦和,A,A,D,D,MATCH_TYPE_MAIN_OVERRIDE,0.2604968030737082,0.3842407971373394,0.3552623997889523,-0.0289783973483871,True,0.8557029286792441,0.15,0.5734217572075465,0.0,0.0,0.1283554393018866,False,False,False,False,neutral,draw_risk,"draw_risk,home_relegation_risk","type=neutral; flags=draw_risk,home_relegation_risk; elo=-26.515; xg_diff=-7.700; rank_gap=2.000; prob_draw=0.384; draw_gap=-0.029; lab_edge=; adv_home=0.20; adv_away=0.64; home_ctx=relegation; away_ctx=mid",0.2365011086874673,0.4684243581703257,0.2950745331422069,0.2328749973382974,basis_balanced,0.5023582715578101,0.3675483980885718,0.5032393540952629,False,False,
j1_2026_05101403_神戸_岡山,神戸,岡山,A,A,D,D,MATCH_TYPE_MAIN_OVERRIDE,0.3124196609038304,0.3585698368841178,0.3290105022120518,-0.0295593346720659,True,0.8646175374725111,0.1488081974034315,0.5782938014448793,0.0,0.0,0.1286621771946783,False,False,False,False,home_strong,home_strong,"draw_risk,home_strong,home_title_race,away_relegation_risk","type=home_strong; flags=draw_risk,home_strong,home_title_race,away_relegation_risk; elo=75.533; xg_diff=5.900; rank_gap=-5.000; prob_draw=0.359; draw_gap=-0.030; lab_edge=; adv_home=0.14; adv_away=0.80; home_ctx=title; away_ctx=relegation",0.2592589264607164,0.5201457909588426,0.220595282580441,0.2477245611394947,basis_balanced,0.5471257278939229,0.386603374299016,0.488006685375174,False,False,
j1_2026_05131903_町田_東京Ｖ,町田,東京Ｖ,D,A,D,D,MATCH_TYPE_MAIN_OVERRIDE,0.2949813684353245,0.3929435432832141,0.3120750882814614,-0.0808684550017526,True,0.7326935653805136,0.15,0.4996161392283081,0.0,0.0,0.109904034807077,False,False,False,False,home_strong,home_strong,"draw_risk,home_strong,home_title_race","type=home_strong; flags=draw_risk,home_strong,home_title_race; elo=65.912; xg_diff=4.300; rank_gap=-1.000; prob_draw=0.393; draw_gap=-0.081; lab_edge=; adv_home=0.40; adv_away=0.76; home_ctx=title; away_ctx=mid",0.2438095545887353,0.54286046008582,0.2133299853254447,0.2514797415359572,draw_compressed,0.5652446243009394,0.3563081344758468,0.4447149062297203,False,False,
