league,season_year,match_id,節,試合日,datetime,home_team,away_team,actual_result,pred_final_label,pred_postfusion_main_argmax,pred_argmax,is_hit_final_label,is_hit_postfusion_main_argmax,is_hit_argmax,max_prob,prob_home_win,prob_draw,prob_away_win,elo_diff_for_prob,applied_hfa_for_prob
j1,2025,j1_2025_02141903_Ｇ大阪_Ｃ大阪,第１節第１日,2025-02-14,2025-02-14 19:03:00,Ｇ大阪,Ｃ大阪,A,D,D,D,0,0,0,0.3697122792129021,0.34309197214568304,0.3697122792129021,0.28719574864141484,0.0,0.0
j1,2025,j1_2025_02151403_横浜FC_FC東京,第１節第２日,2025-02-15,2025-02-15 14:03:00,横浜FC,FC東京,A,D,D,D,0,0,0,0.3697122792129021,0.34309197214568304,0.3697122792129021,0.28719574864141484,0.0,0.0
j1,2025,j1_2025_02151403_横浜FM_新潟,第１節第２日,2025-02-15,2025-02-15 14:03:00,横浜FM,新潟,D,D,D,D,1,1,1,0.3697122792129021,0.34309197214568304,0.3697122792129021,0.28719574864141484,0.0,0.0
j1,2025,j1_2025_02151403_神戸_浦和,第１節第２日,2025-02-15,2025-02-15 14:03:00,神戸,浦和,D,D,D,D,1,1,1,0.3697122792129021,0.34309197214568304,0.3697122792129021,0.28719574864141484,0.0,0.0
j1,2025,j1_2025_02151404_岡山_京都,第１節第２日,2025-02-15,2025-02-15 14:04:00,岡山,京都,H,D,D,D,0,0,0,0.3697122792129021,0.34309197214568304,0.3697122792129021,0.28719574864141484,0.0,0.0
j1,2025,j1_2025_02151404_福岡_柏,第１節第２日,2025-02-15,2025-02-15 14:04:00,福岡,柏,A,D,D,D,0,0,0,0.3697122792129021,0.34309197214568304,0.3697122792129021,0.28719574864141484,0.0,0.0
j1,2025,j1_2025_02151503_川崎Ｆ_名古屋,第１節第２日,2025-02-15,2025-02-15 15:03:00,川崎Ｆ,名古屋,H,D,D,D,0,0,0,0.3697122792129021,0.34309197214568304,0.3697122792129021,0.28719574864141484,0.0,0.0
j1,2025,j1_2025_02151503_湘南_鹿島,第１節第２日,2025-02-15,2025-02-15 15:03:00,湘南,鹿島,H,D,D,D,0,0,0,0.3697122792129021,0.34309197214568304,0.3697122792129021,0.28719574864141484,0.0,0.0
j1,2025,j1_2025_02161403_東京Ｖ_清水,第１節第３日,2025-02-16,2025-02-16 14:03:00,東京Ｖ,清水,A,D,D,D,0,0,0,0.3697122792129021,0.34309197214568304,0.3697122792129021,0.28719574864141484,0.0,0.0
j1,2025,j1_2025_02161403_町田_広島,第１節第３日,2025-02-16,2025-02-16 14:03:00,町田,広島,A,D,D,D,0,0,0,0.3697122792129021,0.34309197214568304,0.3697122792129021,0.28719574864141484,0.0,0.0
j1,2025,j1_2025_02221403_京都_浦和,第２節第１日,2025-02-22,2025-02-22 14:03:00,京都,浦和,D,D,D,D,1,1,1,0.35624249492021093,0.28884326393564663,0.35624249492021093,0.3549142411441425,-7.3333,0.0
j1,2025,j1_2025_02221403_名古屋_神戸,第２節第１日,2025-02-22,2025-02-22 14:03:00,名古屋,神戸,D,D,D,D,1,1,1,0.35624249492021093,0.28884326393564663,0.35624249492021093,0.3549142411441425,-7.3333,0.0
j1,2025,j1_2025_02221403_柏_川崎Ｆ,第２節第１日,2025-02-22,2025-02-22 14:03:00,柏,川崎Ｆ,D,D,D,D,1,1,1,0.3697122792129021,0.34309197214568304,0.3697122792129021,0.28719574864141484,0.0,0.0
j1,2025,j1_2025_02221403_横浜FC_岡山,第２節第１日,2025-02-22,2025-02-22 14:03:00,横浜FC,岡山,H,A,A,A,0,0,0,0.35037927904478405,0.3056519691802383,0.3439687517749776,0.35037927904478405,-14.6667,0.0
j1,2025,j1_2025_02221403_清水_新潟,第２節第１日,2025-02-22,2025-02-22 14:03:00,清水,新潟,H,H,H,H,1,1,1,0.3580444056532419,0.3580444056532419,0.347500531084786,0.294455063261972,7.3333,0.0
j1,2025,j1_2025_02221503_FC東京_町田,第２節第１日,2025-02-22,2025-02-22 15:03:00,FC東京,町田,A,H,H,H,0,0,0,0.3728395796832705,0.3728395796832705,0.3259161276044811,0.3012442927122484,14.6667,0.0
j1,2025,j1_2025_02221503_鹿島_東京Ｖ,第２節第１日,2025-02-22,2025-02-22 15:03:00,鹿島,東京Ｖ,H,D,D,D,0,0,0,0.3697122792129021,0.34309197214568304,0.3697122792129021,0.28719574864141484,0.0,0.0
j1,2025,j1_2025_02221503_Ｃ大阪_湘南,第２節第１日,2025-02-22,2025-02-22 15:03:00,Ｃ大阪,湘南,A,D,D,D,0,0,0,0.3697122792129021,0.34309197214568304,0.3697122792129021,0.28719574864141484,0.0,0.0
j1,2025,j1_2025_02221503_Ｇ大阪_福岡,第２節第１日,2025-02-22,2025-02-22 15:03:00,Ｇ大阪,福岡,H,D,D,D,0,0,0,0.3697122792129021,0.34309197214568304,0.3697122792129021,0.28719574864141484,0.0,0.0
j1,2025,j1_2025_02231403_広島_横浜FM,第２節第２日,2025-02-23,2025-02-23 14:03:00,広島,横浜FM,H,H,H,H,1,1,1,0.3580444056532419,0.3580444056532419,0.347500531084786,0.294455063261972,7.3333,0.0
j1,2025,j1_2025_02261901_岡山_Ｇ大阪,第３節第１日,2025-02-26,2025-02-26 19:01:00,岡山,Ｇ大阪,H,D,D,D,0,0,0,0.367732547159472,0.27349221562812226,0.367732547159472,0.35877523721240584,-0.4217,0.0
j1,2025,j1_2025_02261903_FC東京_名古屋,第３節第１日,2025-02-26,2025-02-26 19:03:00,FC東京,名古屋,H,H,H,H,1,1,1,0.3567598536377382,0.3567598536377382,0.34939321094154874,0.293846935420713,6.7006,0.0
j1,2025,j1_2025_02261903_柏_Ｃ大阪,第３節第１日,2025-02-26,2025-02-26 19:03:00,柏,Ｃ大阪,H,H,H,H,1,1,1,0.3580444056532419,0.3580444056532419,0.347500531084786,0.294455063261972,7.3333,0.0
j1,2025,j1_2025_02261903_横浜FM_横浜FC,第３節第１日,2025-02-26,2025-02-26 19:03:00,横浜FM,横浜FC,D,D,D,D,1,1,1,0.35589099050652634,0.28931876346710783,0.35589099050652634,0.3547902460263658,-7.544,0.0
j1,2025,j1_2025_02261903_清水_広島,第３節第１日,2025-02-26,2025-02-26 19:03:00,清水,広島,D,D,D,D,1,1,1,0.3697122792129021,0.34309197214568304,0.3697122792129021,0.28719574864141484,0.0,0.0
j1,2025,j1_2025_02261903_湘南_浦和,第３節第１日,2025-02-26,2025-02-26 19:03:00,湘南,浦和,H,H,H,H,1,1,1,0.37326247943879803,0.37326247943879803,0.32530506295500144,0.30143245760620047,14.8777,0.0
j1,2025,j1_2025_02261903_町田_東京Ｖ,第３節第１日,2025-02-26,2025-02-26 19:03:00,町田,東京Ｖ,A,H,H,H,0,0,0,0.373684508290791,0.373684508290791,0.3246955876897609,0.3016199040194481,15.0883,0.0
j1,2025,j1_2025_02261903_神戸_京都,第３節第１日,2025-02-26,2025-02-26 19:03:00,神戸,京都,D,H,H,H,0,0,0,0.357187693347221,0.357187693347221,0.3487624976869741,0.2940498089658048,6.9113,0.0
j1,2025,j1_2025_02261903_福岡_川崎Ｆ,第３節第１日,2025-02-26,2025-02-26 19:03:00,福岡,川崎Ｆ,A,A,A,A,1,1,1,0.34539833742335757,0.3229676264106275,0.33163403616601494,0.34539833742335757,-22.0,0.0
j1,2025,j1_2025_02261903_鹿島_新潟,第３節第１日,2025-02-26,2025-02-26 19:03:00,鹿島,新潟,H,H,H,H,1,1,1,0.3576161141431814,0.3576161141431814,0.34813125523042615,0.29425263062639234,7.1223,0.0
j1,2025,j1_2025_03011304_横浜FM_湘南,第４節第１日,2025-03-01,2025-03-01 13:04:00,横浜FM,湘南,D,A,A,A,0,0,0,0.35533600237660967,0.3241831534806985,0.32048084414269185,0.35533600237660967,-28.4775,0.0
j1,2025,j1_2025_03011403_鹿島_FC東京,第４節第１日,2025-03-01,2025-03-01 14:03:00,鹿島,FC東京,H,D,D,D,0,0,0,0.3684565991104555,0.3439302927405611,0.3684565991104555,0.2876131081489834,0.4095,0.0
j1,2025,j1_2025_03011503_川崎Ｆ_京都,第４節第１日,2025-03-01,2025-03-01 15:03:00,川崎Ｆ,京都,A,H,H,H,0,0,0,0.3853713036788828,0.3853713036788828,0.3079508579706207,0.3066778383504965,20.9585,0.0
j1,2025,j1_2025_03011503_神戸_福岡,第４節第１日,2025-03-01,2025-03-01 15:03:00,神戸,福岡,A,H,H,H,0,0,0,0.3853713036788828,0.3853713036788828,0.3079508579706207,0.3066778383504965,20.9585,0.0
j1,2025,j1_2025_03021403_名古屋_町田,第４節第２日,2025-03-02,2025-03-02 14:03:00,名古屋,町田,A,D,D,D,0,0,0,0.35693628083325346,0.28790576235927273,0.35693628083325346,0.35515795680747386,-6.9174,0.0
j1,2025,j1_2025_03021403_岡山_清水,第４節第２日,2025-03-02,2025-03-02 14:03:00,岡山,清水,D,D,D,D,1,1,1,0.3559112433865741,0.28929135682837104,0.3559112433865741,0.3547973997850548,-7.5319,0.0
j1,2025,j1_2025_03021403_新潟_Ｃ大阪,第４節第２日,2025-03-02,2025-03-02 14:03:00,新潟,Ｃ大阪,D,D,D,D,1,1,1,0.3565843882616594,0.2883810996091308,0.3565843882616594,0.3550345121292099,-7.1284,0.0
j1,2025,j1_2025_03021403_東京Ｖ_Ｇ大阪,第４節第２日,2025-03-02,2025-03-02 14:03:00,東京Ｖ,Ｇ大阪,A,D,D,D,0,0,0,0.3683452013390907,0.34400470374220493,0.3683452013390907,0.28765009491870436,0.4459,0.0
j1,2025,j1_2025_03021431_広島_横浜FC,第４節第２日,2025-03-02,2025-03-02 14:31:00,広島,横浜FC,H,H,H,H,1,1,1,0.3720061237665986,0.3720061237665986,0.3271213916811521,0.30087248455224924,14.251,0.0
j1,2025,j1_2025_03021503_浦和_柏,第４節第２日,2025-03-02,2025-03-02 15:03:00,浦和,柏,A,A,A,A,1,1,1,0.34570096528544914,0.32194434269897765,0.3323546920155731,0.34570096528544914,-21.5723,0.0
j1,2025,j1_2025_03081403_浦和_岡山,第５節第１日,2025-03-08,2025-03-08 14:03:00,浦和,岡山,H,A,A,A,0,0,0,0.346123826742618,0.3205087194654693,0.3333674537919126,0.346123826742618,-20.971,0.0
j1,2025,j1_2025_03081408_新潟_東京Ｖ,第５節第１日,2025-03-08,2025-03-08 14:08:00,新潟,東京Ｖ,D,D,D,D,1,1,1,0.36909843930533176,0.34350168400826786,0.36909843930533176,0.2873998766864004,0.2001,0.0
j1,2025,j1_2025_03081503_Ｇ大阪_清水,第５節第１日,2025-03-08,2025-03-08 15:03:00,Ｇ大阪,清水,H,A,A,A,0,0,0,0.35065655745697266,0.30465570548302495,0.3446877370600025,0.35065655745697266,-14.2382,0.0
j1,2025,j1_2025_03081603_FC東京_湘南,第５節第１日,2025-03-08,2025-03-08 16:03:00,FC東京,湘南,D,A,A,A,0,0,0,0.34585149937630083,0.32143405587054885,0.33271444475315043,0.34585149937630083,-21.3587,0.0
j1,2025,j1_2025_03081603_柏_鹿島,第５節第１日,2025-03-08,2025-03-08 16:03:00,柏,鹿島,A,H,H,H,0,0,0,0.3567984172652465,0.3567984172652465,0.34933634777639333,0.29386523495836026,6.7196,0.0
j1,2025,j1_2025_03081603_横浜FC_町田,第５節第１日,2025-03-08,2025-03-08 16:03:00,横浜FC,町田,A,D,D,D,0,0,0,0.35761920911063677,0.28698425702754105,0.35761920911063677,0.3553965338618222,-6.5078,0.0
j1,2025,j1_2025_03081603_Ｃ大阪_名古屋,第５節第１日,2025-03-08,2025-03-08 16:03:00,Ｃ大阪,名古屋,D,H,H,H,0,0,0,0.3716422145176304,0.3716422145176304,0.3276480456631878,0.30070973981918175,14.0697,0.0
j1,2025,j1_2025_03091403_京都_福岡,第５節第２日,2025-03-09,2025-03-09 14:03:00,京都,福岡,A,H,H,H,0,0,0,0.3723949653615914,0.3723949653615914,0.3265589261095172,0.3010461085288914,14.4449,0.0
j1,2025,j1_2025_03151403_東京Ｖ_名古屋,第６節第１日,2025-03-15,2025-03-15 14:03:00,東京Ｖ,名古屋,H,H,H,H,1,1,1,0.3568653897250982,0.3568653897250982,0.34923760128340037,0.29389700899150134,6.7526,0.0
j1,2025,j1_2025_03151403_横浜FC_Ｃ大阪,第６節第１日,2025-03-15,2025-03-15 14:03:00,横浜FC,Ｃ大阪,H,D,D,D,0,0,0,0.358243868622127,0.2861425276300657,0.358243868622127,0.3556136037478074,-6.1331,0.0
j1,2025,j1_2025_03151403_町田_新潟,第６節第１日,2025-03-15,2025-03-15 14:03:00,町田,新潟,H,H,H,H,1,1,1,0.3854262964599625,0.3854262964599625,0.30787267758193465,0.306701025958103,20.9863,0.0
j1,2025,j1_2025_03151403_福岡_FC東京,第６節第１日,2025-03-15,2025-03-15 14:03:00,福岡,FC東京,H,D,D,D,0,0,0,0.35897350587876253,0.28516073424649147,0.35897350587876253,0.355865759874746,-5.6951,0.0
j1,2025,j1_2025_03161303_清水_京都,第６節第２日,2025-03-16,2025-03-16 13:03:00,清水,京都,A,H,H,H,0,0,0,0.3699620392955236,0.3699620392955236,0.33008278708871047,0.29995517361576596,13.2331,0.0
j1,2025,j1_2025_03161403_岡山_川崎Ｆ,第６節第２日,2025-03-16,2025-03-16 14:03:00,岡山,川崎Ｆ,D,D,D,D,1,1,1,0.3569738747502837,0.28785500104005574,0.3569738747502837,0.35517112420966046,-6.8949,0.0
j1,2025,j1_2025_03161403_広島_柏,第６節第２日,2025-03-16,2025-03-16 14:03:00,広島,柏,D,H,H,H,0,0,0,0.3588620751959835,0.3588620751959835,0.3462973001611697,0.29484062464284677,7.7364,0.0
j1,2025,j1_2025_03161403_横浜FM_Ｇ大阪,第６節第２日,2025-03-16,2025-03-16 14:03:00,横浜FM,Ｇ大阪,H,A,A,A,0,0,0,0.3509177986507116,0.30371361486657733,0.34536858648271107,0.3509177986507116,-13.8324,0.0
j1,2025,j1_2025_03161403_鹿島_浦和,第６節第２日,2025-03-16,2025-03-16 14:03:00,鹿島,浦和,D,H,H,H,0,0,0,0.39893299564999796,0.39893299564999796,0.2888489265855139,0.3122180777644881,27.8716,0.0
j1,2025,j1_2025_03161503_湘南_神戸,第６節第２日,2025-03-16,2025-03-16 15:03:00,湘南,神戸,A,H,H,H,0,0,0,0.40013018543963297,0.40013018543963297,0.28718008302290154,0.31268973153746543,28.4878,0.0
j1,2025,j1_2025_03281903_Ｃ大阪_浦和,第７節第１日,2025-03-28,2025-03-28 19:03:00,Ｃ大阪,浦和,D,A,A,A,0,0,0,0.35322809964038915,0.2952279149503762,0.35154398540923465,0.35322809964038915,-10.1459,0.0
j1,2025,j1_2025_03291300_岡山_横浜FM,第７節第２日,2025-03-29,2025-03-29 13:00:00,岡山,横浜FM,H,D,D,D,0,0,0,0.3647203217483852,0.2774804717340661,0.3647203217483852,0.35779920651754876,-2.2387,0.0
j1,2025,j1_2025_03291303_清水_湘南,第７節第２日,2025-03-29,2025-03-29 13:03:00,清水,湘南,H,A,A,A,0,0,0,0.35131550031895276,0.302272875781589,0.3464116238994584,0.35131550031895276,-13.2105,0.0
j1,2025,j1_2025_03291403_京都_広島,第７節第２日,2025-03-29,2025-03-29 14:03:00,京都,広島,H,A,A,A,0,0,0,0.34667594531765206,0.3186238905049303,0.33470016417741766,0.34667594531765206,-20.1796,0.0
j1,2025,j1_2025_03291403_名古屋_横浜FC,第７節第２日,2025-03-29,2025-03-29 14:03:00,名古屋,横浜FC,H,A,A,A,0,0,0,0.3455567397438687,0.3224324436479118,0.3320108166082196,0.3455567397438687,-21.7764,0.0
j1,2025,j1_2025_03291403_新潟_Ｇ大阪,第７節第２日,2025-03-29,2025-03-29 14:03:00,新潟,Ｇ大阪,D,A,A,A,0,0,0,0.3462475367843227,0.320087427343905,0.3336650358717723,0.3462475367843227,-20.7944,0.0
j1,2025,j1_2025_03291403_柏_東京Ｖ,第７節第２日,2025-03-29,2025-03-29 14:03:00,柏,東京Ｖ,D,H,H,H,0,0,0,0.38538703025046883,0.38538703025046883,0.3079284997259564,0.3066844700235748,20.9664,0.0
j1,2025,j1_2025_03291503_鹿島_神戸,第７節第２日,2025-03-29,2025-03-29 15:03:00,鹿島,神戸,H,H,H,H,1,1,1,0.3861905935097467,0.3861905935097467,0.30678671715917816,0.3070226893310752,21.3728,0.0
j1,2025,j1_2025_03291504_福岡_町田,第７節第２日,2025-03-29,2025-03-29 15:04:00,福岡,町田,D,A,A,A,0,0,0,0.35217245226046273,0.2991407549082391,0.3486867928312982,0.35217245226046273,-11.8529,0.0
j1,2025,j1_2025_03291703_FC東京_川崎Ｆ,第７節第２日,2025-03-29,2025-03-29 17:03:00,FC東京,川崎Ｆ,A,A,A,A,1,1,1,0.3512022951308964,0.3026837928701653,0.3461139119989382,0.3512022951308964,-13.388,0.0
j1,2025,j1_2025_04021903_京都_柏,第８節第１日,2025-04-02,2025-04-02 19:03:00,京都,柏,D,D,D,D,1,1,1,0.36117351879474413,0.2822095160246502,0.36117351879474413,0.35661696518060565,-4.3734,0.0
j1,2025,j1_2025_04021903_川崎Ｆ_湘南,第８節第１日,2025-04-02,2025-04-02 19:03:00,川崎Ｆ,湘南,H,H,H,H,1,1,1,0.3605521319496448,0.3605521319496448,0.3438141191990875,0.29563374885126764,8.5702,0.0
j1,2025,j1_2025_04021903_広島_鹿島,第８節第１日,2025-04-02,2025-04-02 19:03:00,広島,鹿島,H,A,A,A,0,0,0,0.3503878081842537,0.30562137952569585,0.3439908122900505,0.3503878081842537,-14.6535,0.0
j1,2025,j1_2025_04021903_新潟_福岡,第８節第１日,2025-04-02,2025-04-02 19:03:00,新潟,福岡,A,A,A,A,1,1,1,0.34515781345295876,0.32377848893335875,0.33106369761368243,0.34515781345295876,-22.3385,0.0
j1,2025,j1_2025_04021903_東京Ｖ_FC東京,第８節第１日,2025-04-02,2025-04-02 19:03:00,東京Ｖ,FC東京,D,H,H,H,0,0,0,0.3592671523436132,0.3592671523436132,0.34570165783081236,0.29503118982557447,7.9361,0.0
j1,2025,j1_2025_04021903_横浜FC_神戸,第８節第１日,2025-04-02,2025-04-02 19:03:00,横浜FC,神戸,A,D,D,D,0,0,0,0.3561329775396322,0.2889913768675412,0.3561329775396322,0.3548756455928267,-7.399,0.0
j1,2025,j1_2025_04021903_Ｃ大阪_岡山,第８節第１日,2025-04-02,2025-04-02 19:03:00,Ｃ大阪,岡山,H,A,A,A,0,0,0,0.3455746511052804,0.3223718688525089,0.3320534800422107,0.3455746511052804,-21.7511,0.0
j1,2025,j1_2025_04021903_Ｇ大阪_町田,第８節第１日,2025-04-02,2025-04-02 19:03:00,Ｇ大阪,町田,A,A,A,A,1,1,1,0.3508682705209167,0.3038924832177105,0.3452392462613728,0.3508682705209167,-13.9095,0.0
j1,2025,j1_2025_04021904_名古屋_横浜FM,第８節第１日,2025-04-02,2025-04-02 19:04:00,名古屋,横浜FM,H,A,A,A,0,0,0,0.35054084163714655,0.3050719283630245,0.3443872299998289,0.35054084163714655,-14.4173,0.0
j1,2025,j1_2025_04021933_浦和_清水,第８節第１日,2025-04-02,2025-04-02 19:33:00,浦和,清水,H,A,A,A,0,0,0,0.3521533600295508,0.2992109582955101,0.34863568167493914,0.3521533600295508,-11.8834,0.0
j1,2025,j1_2025_04051403_横浜FM_東京Ｖ,第９節第１日,2025-04-05,2025-04-05 14:03:00,横浜FM,東京Ｖ,D,D,D,D,1,1,1,0.35717149829630374,0.28758822463928757,0.35717149829630374,0.3552402770644086,-6.7764,0.0
j1,2025,j1_2025_04061301_岡山_FC東京,第９節第２日,2025-04-06,2025-04-06 13:01:00,岡山,FC東京,H,H,H,H,1,1,1,0.36959369367742073,0.36959369367742073,0.3306172518785143,0.29978905444406506,13.0499,0.0
j1,2025,j1_2025_04061403_横浜FC_清水,第９節第２日,2025-04-06,2025-04-06 14:03:00,横浜FC,清水,H,A,A,A,0,0,0,0.34662381246142443,0.3188023723627162,0.33457381517585927,0.34662381246142443,-20.2547,0.0
j1,2025,j1_2025_04061403_町田_川崎Ｆ,第９節第２日,2025-04-06,2025-04-06 14:03:00,町田,川崎Ｆ,D,D,D,D,1,1,1,0.3687262977642908,0.3437501671664345,0.3687262977642908,0.2875235350692747,0.3215,0.0
j1,2025,j1_2025_04061403_神戸_新潟,第９節第２日,2025-04-06,2025-04-06 14:03:00,神戸,新潟,A,H,H,H,0,0,0,0.3973969423631066,0.3973969423631066,0.2909943251171194,0.311608732519774,27.0825,0.0
j1,2025,j1_2025_04061404_福岡_浦和,第９節第２日,2025-04-06,2025-04-06 14:04:00,福岡,浦和,H,H,H,H,1,1,1,0.3564707698109564,0.3564707698109564,0.34981955770542944,0.29370967248361424,6.5583,0.0
j1,2025,j1_2025_04061503_広島_Ｃ大阪,第９節第２日,2025-04-06,2025-04-06 15:03:00,広島,Ｃ大阪,H,H,H,H,1,1,1,0.3991639882826072,0.3991639882826072,0.28852670722329654,0.31230930449409616,27.9904,0.0
j1,2025,j1_2025_04061503_柏_Ｇ大阪,第９節第２日,2025-04-06,2025-04-06 15:03:00,柏,Ｇ大阪,H,H,H,H,1,1,1,0.3847722079848579,0.3847722079848579,0.3088029369593448,0.3064248550557972,20.6557,0.0
j1,2025,j1_2025_04061503_湘南_名古屋,第９節第２日,2025-04-06,2025-04-06 15:03:00,湘南,名古屋,H,H,H,H,1,1,1,0.36267299747687937,0.36267299747687937,0.3407052287072462,0.29662177381587457,9.618,0.0
j1,2025,j1_2025_04061503_鹿島_京都,第９節第２日,2025-04-06,2025-04-06 15:03:00,鹿島,京都,A,H,H,H,0,0,0,0.3657205955387616,0.3657205955387616,0.33625212939729293,0.29802727506394555,11.1268,0.0
j1,2025,j1_2025_04091903_川崎Ｆ_横浜FM,第５節第３日,2025-04-09,2025-04-09 19:03:00,川崎Ｆ,横浜FM,D,H,H,H,0,0,0,0.4093214594267291,0.4093214594267291,0.27446424196733527,0.3162142986059356,33.2543,0.0
j1,2025,j1_2025_04111903_FC東京_柏,第１０節第１日,2025-04-11,2025-04-11 19:03:00,FC東京,柏,D,A,A,A,0,0,0,0.3874630666835206,0.31385083235607514,0.29868610096040416,0.3874630666835206,-41.0423,0.0
j1,2025,j1_2025_04121403_広島_岡山,第１０節第２日,2025-04-12,2025-04-12 14:03:00,広島,岡山,A,H,H,H,0,0,0,0.38689214456852994,0.38689214456852994,0.30579089872673826,0.30731695670473175,21.7279,0.0
j1,2025,j1_2025_04121403_清水_川崎Ｆ,第１０節第２日,2025-04-12,2025-04-12 14:03:00,清水,川崎Ｆ,D,A,A,A,0,0,0,0.3543592531759986,0.324484324709612,0.3211564221143893,0.3543592531759986,-28.0887,0.0
j1,2025,j1_2025_04121403_福岡_横浜FM,第１０節第２日,2025-04-12,2025-04-12 14:03:00,福岡,横浜FM,H,H,H,H,1,1,1,0.39985696971912144,0.39985696971912144,0.28756068424096926,0.31258234603990936,28.3471,0.0
j1,2025,j1_2025_04121403_Ｇ大阪_名古屋,第１０節第２日,2025-04-12,2025-04-12 14:03:00,Ｇ大阪,名古屋,H,D,D,D,0,0,0,0.3538301439447705,0.353756314589275,0.3538301439447705,0.2924135414659545,5.2235,0.0
j1,2025,j1_2025_04121503_東京Ｖ_神戸,第１０節第２日,2025-04-12,2025-04-12 15:03:00,東京Ｖ,神戸,A,D,D,D,0,0,0,0.3667039664539864,0.34510175407124005,0.3667039664539864,0.2881942794747736,0.9821,0.0
j1,2025,j1_2025_04121505_Ｃ大阪_鹿島,第１０節第２日,2025-04-12,2025-04-12 15:05:00,Ｃ大阪,鹿島,H,A,A,A,0,0,0,0.3491628156986673,0.32607311748289575,0.324764066818437,0.3491628156986673,-26.0122,0.0
j1,2025,j1_2025_04121603_京都_湘南,第１０節第２日,2025-04-12,2025-04-12 16:03:00,京都,湘南,H,H,H,H,1,1,1,0.3683259558000721,0.3683259558000721,0.3324586291406373,0.2992154150592906,12.4197,0.0
j1,2025,j1_2025_04131403_新潟_横浜FC,第１０節第３日,2025-04-13,2025-04-13 14:03:00,新潟,横浜FC,D,D,D,D,1,1,1,0.35971844120713053,0.28415990608100056,0.35971844120713053,0.3561216527118689,-5.2478,0.0
j1,2025,j1_2025_04131403_町田_浦和,第１０節第３日,2025-04-13,2025-04-13 14:03:00,町田,浦和,A,H,H,H,0,0,0,0.3935359930404148,0.3935359930404148,0.29640755323444495,0.3100564537251402,25.1061,0.0
j1,2025,j1_2025_04161903_横浜FM_清水,第１２節第１日,2025-04-16,2025-04-16 19:03:00,横浜FM,清水,A,A,A,A,1,1,1,0.3529569085606435,0.29623904783699445,0.350804043602362,0.3529569085606435,-10.5882,0.0
j1,2025,j1_2025_04161903_神戸_川崎Ｆ,第１２節第１日,2025-04-16,2025-04-16 19:03:00,神戸,川崎Ｆ,H,A,A,A,0,0,0,0.34767294121532766,0.31518956820910493,0.33713749057556747,0.34767294121532766,-18.7315,0.0
j1,2025,j1_2025_04161933_浦和_京都,第２０節第１日,2025-04-16,2025-04-16 19:33:00,浦和,京都,H,A,A,A,0,0,0,0.3464886008143413,0.319264783739319,0.3342466154463397,0.3464886008143413,-20.449,0.0
j1,2025,j1_2025_04191403_新潟_京都,第１１節第１日,2025-04-19,2025-04-19 14:03:00,新潟,京都,A,A,A,A,1,1,1,0.37019590922182705,0.319504956165953,0.31029913461222003,0.37019590922182705,-34.3406,0.0
j1,2025,j1_2025_04201403_名古屋_広島,第１１節第２日,2025-04-20,2025-04-20 14:03:00,名古屋,広島,H,A,A,A,0,0,0,0.40102994219574556,0.3092523584879749,0.28971769931627955,0.40102994219574556,-46.2369,0.0
j1,2025,j1_2025_04201403_岡山_鹿島,第１１節第２日,2025-04-20,2025-04-20 14:03:00,岡山,鹿島,A,H,H,H,0,0,0,0.36212834021199924,0.36212834021199924,0.34150284515180146,0.2963688146361994,9.3487,0.0
j1,2025,j1_2025_04201403_横浜FC_Ｇ大阪,第１１節第２日,2025-04-20,2025-04-20 14:03:00,横浜FC,Ｇ大阪,D,D,D,D,1,1,1,0.3574741393716918,0.2871798960845691,0.3574741393716918,0.3553459645437391,-6.5948,0.0
j1,2025,j1_2025_04201403_神戸_町田,第１１節第２日,2025-04-20,2025-04-20 14:03:00,神戸,町田,H,D,D,D,0,0,0,0.3603533353055133,0.28330815647239466,0.3603533353055133,0.35633850822209207,-4.8664,0.0
j1,2025,j1_2025_04201404_清水_福岡,第１１節第２日,2025-04-20,2025-04-20 14:04:00,清水,福岡,H,A,A,A,0,0,0,0.3441289691039427,0.3272232919219553,0.328647738974102,0.3441289691039427,-23.7717,0.0
j1,2025,j1_2025_04201503_川崎Ｆ_東京Ｖ,第１１節第２日,2025-04-20,2025-04-20 15:03:00,川崎Ｆ,東京Ｖ,D,H,H,H,0,0,0,0.39254634625227025,0.39254634625227025,0.29779981193383864,0.30965384181389105,24.6011,0.0
j1,2025,j1_2025_04201503_湘南_柏,第１１節第２日,2025-04-20,2025-04-20 15:03:00,湘南,柏,A,A,A,A,1,1,1,0.34579910758642995,0.3216117530258108,0.3325891393877592,0.34579910758642995,-21.4331,0.0
j1,2025,j1_2025_04201503_Ｃ大阪_FC東京,第１１節第２日,2025-04-20,2025-04-20 15:03:00,Ｃ大阪,FC東京,D,H,H,H,0,0,0,0.37260551981316137,0.37260551981316137,0.32625447259926593,0.3011400075875728,14.5499,0.0
j1,2025,j1_2025_04201603_浦和_横浜FM,第１１節第２日,2025-04-20,2025-04-20 16:03:00,浦和,横浜FM,H,H,H,H,1,1,1,0.41649801506371525,0.41649801506371525,0.2646566762008136,0.31884530873547123,37.0233,0.0
j1,2025,j1_2025_04251903_京都_横浜FC,第１２節第２日,2025-04-25,2025-04-25 19:03:00,京都,横浜FC,H,H,H,H,1,1,1,0.41371390195563934,0.41371390195563934,0.26844869499715174,0.31783740304720903,35.556,0.0
j1,2025,j1_2025_04251903_東京Ｖ_Ｃ大阪,第１２節第２日,2025-04-25,2025-04-25 19:03:00,東京Ｖ,Ｃ大阪,H,D,D,D,0,0,0,0.35560394191541206,0.2897073280258845,0.35560394191541206,0.35468873005870344,-7.716,0.0
j1,2025,j1_2025_04251903_町田_湘南,第１２節第２日,2025-04-25,2025-04-25 19:03:00,町田,湘南,A,H,H,H,0,0,0,0.3718362126170729,0.3718362126170729,0.32736725872298444,0.30079652865994266,14.1664,0.0
j1,2025,j1_2025_04251903_福岡_岡山,第１２節第２日,2025-04-25,2025-04-25 19:03:00,福岡,岡山,D,H,H,H,0,0,0,0.36008434420968893,0.36008434420968893,0.3445009208987495,0.29541473489156145,8.3393,0.0
j1,2025,j1_2025_04251903_鹿島_名古屋,第１２節第２日,2025-04-25,2025-04-25 19:03:00,鹿島,名古屋,H,H,H,H,1,1,1,0.40311208475752336,0.40311208475752336,0.28303592385515614,0.31385199138732045,30.0271,0.0
j1,2025,j1_2025_04251933_FC東京_Ｇ大阪,第１２節第２日,2025-04-25,2025-04-25 19:33:00,FC東京,Ｇ大阪,H,A,A,A,0,0,0,0.35188557035584056,0.30019358751175096,0.34792084213240837,0.35188557035584056,-12.3101,0.0
j1,2025,j1_2025_04251933_浦和_広島,第１２節第２日,2025-04-25,2025-04-25 19:33:00,浦和,広島,H,H,H,H,1,1,1,0.35629082941678697,0.35629082941678697,0.3500850127057623,0.2936241578774507,6.4698,0.0
j1,2025,j1_2025_04261403_柏_新潟,第１２節第３日,2025-04-26,2025-04-26 14:03:00,柏,新潟,D,H,H,H,0,0,0,0.4412391104617569,0.4412391104617569,0.2316977008409164,0.32706318869732676,50.3911,0.0
j1,2025,j1_2025_04291309_FC東京_清水,第１３節第１日,2025-04-29,2025-04-29 13:09:00,FC東京,清水,A,A,A,A,1,1,1,0.34773356423122387,0.3149794293696385,0.33728700639913756,0.34773356423122387,-18.6427,0.0
j1,2025,j1_2025_04291403_名古屋_柏,第１３節第１日,2025-04-29,2025-04-29 14:03:00,名古屋,柏,A,A,A,A,1,1,1,0.40693430492072746,0.30720989125960413,0.2858558038196684,0.40693430492072746,-48.4807,0.0
j1,2025,j1_2025_04291403_岡山_東京Ｖ,第１３節第１日,2025-04-29,2025-04-29 14:03:00,岡山,東京Ｖ,A,H,H,H,0,0,0,0.3683239688778721,0.3683239688778721,0.33246151744122704,0.29921451368090085,12.4187,0.0
j1,2025,j1_2025_04291403_広島_新潟,第１３節第１日,2025-04-29,2025-04-29 14:03:00,広島,新潟,A,H,H,H,0,0,0,0.39784062290470834,0.39784062290470834,0.2903741559616473,0.31178522113364426,27.3102,0.0
j1,2025,j1_2025_04291403_横浜FC_鹿島,第１３節第１日,2025-04-29,2025-04-29 14:03:00,横浜FC,鹿島,A,A,A,A,1,1,1,0.38031711346998204,0.3162183731411219,0.30346451338889596,0.38031711346998204,-38.2821,0.0
j1,2025,j1_2025_04291503_湘南_福岡,第１３節第１日,2025-04-29,2025-04-29 15:03:00,湘南,福岡,D,A,A,A,0,0,0,0.34953336467422624,0.30866866565482665,0.3417979696709471,0.34953336467422624,-15.9595,0.0
j1,2025,j1_2025_04291503_Ｃ大阪_町田,第１３節第１日,2025-04-29,2025-04-29 15:03:00,Ｃ大阪,町田,A,A,A,A,1,1,1,0.3530734648285922,0.2958049822458353,0.3511215529255726,0.3530734648285922,-10.3984,0.0
j1,2025,j1_2025_04291503_Ｇ大阪_京都,第１３節第１日,2025-04-29,2025-04-29 15:03:00,Ｇ大阪,京都,H,A,A,A,0,0,0,0.39345767928391084,0.3118354633333448,0.2947068573827443,0.39345767928391084,-43.3446,0.0
j1,2025,j1_2025_05031303_広島_福岡,第１４節第１日,2025-05-03,2025-05-03 13:03:00,広島,福岡,H,A,A,A,0,0,0,0.34807660201281726,0.31378744634451455,0.3381359516426681,0.34807660201281726,-18.138,0.0
j1,2025,j1_2025_05031403_新潟_FC東京,第１４節第１日,2025-05-03,2025-05-03 14:03:00,新潟,FC東京,A,D,D,D,0,0,0,0.3597448304528911,0.34976912496102047,0.3597448304528911,0.29048604458608845,3.2668,0.0
j1,2025,j1_2025_05031403_清水_名古屋,第１４節第１日,2025-05-03,2025-05-03 14:03:00,清水,名古屋,A,H,H,H,0,0,0,0.4295458817717952,0.4295458817717952,0.2471062112405209,0.32334790698768384,43.9953,0.0
j1,2025,j1_2025_05031503_浦和_東京Ｖ,第１４節第１日,2025-05-03,2025-05-03 15:03:00,浦和,東京Ｖ,H,H,H,H,1,1,1,0.3891469394203971,0.3891469394203971,0.302596755465697,0.30825630511390595,22.8713,0.0
j1,2025,j1_2025_05031503_神戸_岡山,第１４節第１日,2025-05-03,2025-05-03 15:03:00,神戸,岡山,H,H,H,H,1,1,1,0.37570180995481967,0.37570180995481967,0.3217868694169259,0.3025113206282545,16.0965,0.0
j1,2025,j1_2025_05031503_鹿島_町田,第１４節第１日,2025-05-03,2025-05-03 15:03:00,鹿島,町田,H,H,H,H,1,1,1,0.3848785783291797,0.3848785783291797,0.3086515988296793,0.3064698228411408,20.7095,0.0
j1,2025,j1_2025_05031503_Ｇ大阪_湘南,第１４節第１日,2025-05-03,2025-05-03 15:03:00,Ｇ大阪,湘南,H,D,D,D,0,0,0,0.3599006942260089,0.28391528588876075,0.3599006942260089,0.3561840198852303,-5.1383,0.0
j1,2025,j1_2025_05031903_京都_Ｃ大阪,第１４節第１日,2025-05-03,2025-05-03 19:03:00,京都,Ｃ大阪,A,H,H,H,0,0,0,0.4226204251487165,0.4226204251487165,0.2563756940272464,0.3210038808240369,40.2746,0.0
j1,2025,j1_2025_05061403_浦和_Ｇ大阪,第１５節第１日,2025-05-06,2025-05-06 14:03:00,浦和,Ｇ大阪,A,H,H,H,0,0,0,0.4032883512526686,0.4032883512526686,0.28279151512102574,0.3139201336263056,30.1183,0.0
j1,2025,j1_2025_05061403_神戸_Ｃ大阪,第１５節第１日,2025-05-06,2025-05-06 14:03:00,神戸,Ｃ大阪,A,H,H,H,0,0,0,0.4100621403878802,0.4100621403878802,0.2734470559156201,0.3164908036964999,33.6413,0.0
j1,2025,j1_2025_05061403_福岡_鹿島,第１５節第１日,2025-05-06,2025-05-06 14:03:00,福岡,鹿島,A,A,A,A,1,1,1,0.3479386389727436,0.32644407077589815,0.32561729025135816,0.3479386389727436,-25.5211,0.0
j1,2025,j1_2025_05061503_名古屋_岡山,第１５節第１日,2025-05-06,2025-05-06 15:03:00,名古屋,岡山,D,A,A,A,0,0,0,0.3510088110899762,0.3033846092587732,0.3456065796512506,0.3510088110899762,-13.6905,0.0
j1,2025,j1_2025_05061603_東京Ｖ_横浜FC,第１５節第１日,2025-05-06,2025-05-06 16:03:00,東京Ｖ,横浜FC,H,H,H,H,1,1,1,0.3855084092959162,0.3855084092959162,0.30775595281622825,0.30673563788785546,21.0278,0.0
j1,2025,j1_2025_05061603_柏_清水,第１５節第１日,2025-05-06,2025-05-06 16:03:00,柏,清水,H,H,H,H,1,1,1,0.3932923408479204,0.3932923408479204,0.29675015064056715,0.30995750851151244,24.9817,0.0
j1,2025,j1_2025_05071903_湘南_広島,第１５節第２日,2025-05-07,2025-05-07 19:03:00,湘南,広島,A,A,A,A,1,1,1,0.3519298634738564,0.30003132101797414,0.34803881550816934,0.3519298634738564,-12.2397,0.0
j1,2025,j1_2025_05071903_町田_京都,第１５節第２日,2025-05-07,2025-05-07 19:03:00,町田,京都,A,A,A,A,1,1,1,0.3507693024791023,0.3042495368026171,0.34498116071828056,0.3507693024791023,-14.0634,0.0
j1,2025,j1_2025_05101403_横浜FC_福岡,第１６節第１日,2025-05-10,2025-05-10 14:03:00,横浜FC,福岡,H,A,A,A,0,0,0,0.3645067033055975,0.3213171112618135,0.31417618543258896,0.3645067033055975,-32.1072,0.0
j1,2025,j1_2025_05101503_FC東京_神戸,第１６節第１日,2025-05-10,2025-05-10 15:03:00,FC東京,神戸,H,A,A,A,0,0,0,0.3457345252375638,0.3271087250093722,0.32715674975306397,0.3457345252375638,-24.635,0.0
j1,2025,j1_2025_05101603_柏_岡山,第１６節第１日,2025-05-10,2025-05-10 16:03:00,柏,岡山,H,H,H,H,1,1,1,0.4316261844174625,0.4316261844174625,0.24434241710151303,0.32403139848102464,45.1224,0.0
j1,2025,j1_2025_05111308_清水_町田,第１６節第２日,2025-05-11,2025-05-11 13:08:00,清水,町田,D,H,H,H,0,0,0,0.35939869567498783,0.35939869567498783,0.34550829432363345,0.29509301000137866,8.001,0.0
j1,2025,j1_2025_05111310_鹿島_川崎Ｆ,第１６節第２日,2025-05-11,2025-05-11 13:10:00,鹿島,川崎Ｆ,H,H,H,H,1,1,1,0.4000629674658331,0.4000629674658331,0.28727370667246166,0.3126633258617052,28.4532,0.0
j1,2025,j1_2025_05111403_京都_名古屋,第１６節第２日,2025-05-11,2025-05-11 14:03:00,京都,名古屋,D,H,H,H,0,0,0,0.42160127075002657,0.42160127075002657,0.25774860122595544,0.3206501280240181,39.731,0.0
j1,2025,j1_2025_05111408_新潟_浦和,第１６節第２日,2025-05-11,2025-05-11 14:08:00,新潟,浦和,D,A,A,A,0,0,0,0.4000562570520948,0.3095868127522413,0.2903569301956638,0.4000562570520948,-45.8659,0.0
j1,2025,j1_2025_05111503_東京Ｖ_湘南,第１６節第２日,2025-05-11,2025-05-11 15:03:00,東京Ｖ,湘南,A,H,H,H,0,0,0,0.37836039003209465,0.37836039003209465,0.3179651202494272,0.30367448971847805,17.4283,0.0
j1,2025,j1_2025_05111503_Ｃ大阪_横浜FM,第１６節第２日,2025-05-11,2025-05-11 15:03:00,Ｃ大阪,横浜FM,H,H,H,H,1,1,1,0.40017143253026266,0.40017143253026266,0.28712263705143737,0.31270593041829997,28.509,0.0
j1,2025,j1_2025_05111503_Ｇ大阪_広島,第１６節第２日,2025-05-11,2025-05-11 15:03:00,Ｇ大阪,広島,A,D,D,D,0,0,0,0.3664419126705842,0.2751978889267303,0.3664419126705842,0.3583601984026855,-1.2007,0.0
j1,2025,j1_2025_05141903_川崎Ｆ_横浜FC,第１４節第２日,2025-05-14,2025-05-14 19:03:00,川崎Ｆ,横浜FC,H,H,H,H,1,1,1,0.39841874174852066,0.39841874174852066,0.2895666591074684,0.3120145991440108,27.6072,0.0
j1,2025,j1_2025_05141903_横浜FM_柏,第１４節第２日,2025-05-14,2025-05-14 19:03:00,横浜FM,柏,A,A,A,A,1,1,1,0.4952002168695124,0.27398141082046357,0.23081837231002414,0.4952002168695124,-81.3094,0.0
j1,2025,j1_2025_05171403_広島_東京Ｖ,第１７節第１日,2025-05-17,2025-05-17 14:03:00,広島,東京Ｖ,H,H,H,H,1,1,1,0.39118390602855513,0.39118390602855513,0.2997196624457814,0.3090964315256635,23.907,0.0
j1,2025,j1_2025_05171403_横浜FM_京都,第１７節第１日,2025-05-17,2025-05-17 14:03:00,横浜FM,京都,A,A,A,A,1,1,1,0.4400109927038281,0.29532946176707897,0.2646595455290929,0.4400109927038281,-60.9018,0.0
j1,2025,j1_2025_05171403_神戸_Ｇ大阪,第１７節第１日,2025-05-17,2025-05-17 14:03:00,神戸,Ｇ大阪,H,D,D,D,0,0,0,0.3595184422994675,0.34992139035246983,0.3595184422994675,0.29056016734806267,3.3415,0.0
j1,2025,j1_2025_05171404_町田_柏,第１７節第１日,2025-05-17,2025-05-17 14:04:00,町田,柏,H,A,A,A,0,0,0,0.4298334406190289,0.2990621007661404,0.2711044586148308,0.4298334406190289,-57.1031,0.0
j1,2025,j1_2025_05171435_福岡_名古屋,第１７節第１日,2025-05-17,2025-05-17 14:35:00,福岡,名古屋,D,H,H,H,0,0,0,0.36630379863202045,0.36630379863202045,0.33540188740947857,0.29829431395850103,11.416,0.0
j1,2025,j1_2025_05171503_湘南_横浜FC,第１７節第１日,2025-05-17,2025-05-17 15:03:00,湘南,横浜FC,A,H,H,H,0,0,0,0.3897582620530807,0.3897582620530807,0.30173245175229435,0.30850928619462487,23.1819,0.0
j1,2025,j1_2025_05171504_鹿島_清水,第１７節第１日,2025-05-17,2025-05-17 15:04:00,鹿島,清水,H,H,H,H,1,1,1,0.4340912502069292,0.4340912502069292,0.24107994893214757,0.3248288008609232,46.4638,0.0
j1,2025,j1_2025_05171603_浦和_FC東京,第１７節第１日,2025-05-17,2025-05-17 16:03:00,浦和,FC東京,H,H,H,H,1,1,1,0.393194546252923,0.393194546252923,0.29688769161920886,0.30991776212786815,24.9318,0.0
j1,2025,j1_2025_05181503_川崎Ｆ_Ｃ大阪,第１７節第２日,2025-05-18,2025-05-18 15:03:00,川崎Ｆ,Ｃ大阪,H,H,H,H,1,1,1,0.35694498277066045,0.35694498277066045,0.3491202569704032,0.29393476025893633,6.7918,0.0
j1,2025,j1_2025_05181504_岡山_新潟,第１７節第２日,2025-05-18,2025-05-18 15:04:00,岡山,新潟,H,H,H,H,1,1,1,0.3572323394229252,0.3572323394229252,0.348696700104341,0.2940709604727337,6.9333,0.0
j1,2025,j1_2025_05211903_川崎Ｆ_浦和,第１３節第２日,2025-05-21,2025-05-21 19:03:00,川崎Ｆ,浦和,D,A,A,A,0,0,0,0.3523562591553492,0.29846387947259523,0.3491798613720557,0.3523562591553492,-11.5585,0.0
j1,2025,j1_2025_05211903_横浜FM_神戸,第１３節第２日,2025-05-21,2025-05-21 19:03:00,横浜FM,神戸,A,A,A,A,1,1,1,0.4428377542358963,0.29428097383851126,0.2628812719255925,0.4428377542358963,-61.954,0.0
j1,2025,j1_2025_05241503_Ｃ大阪_福岡,第１８節第１日,2025-05-24,2025-05-24 15:03:00,Ｃ大阪,福岡,H,D,D,D,0,0,0,0.35466720129398965,0.35319088880031313,0.35466720129398965,0.2921419099056972,4.9457,0.0
j1,2025,j1_2025_05241733_名古屋_浦和,第１８節第１日,2025-05-24,2025-05-24 17:33:00,名古屋,浦和,H,A,A,A,0,0,0,0.40566337476816217,0.3076516080039691,0.28668501722786865,0.40566337476816217,-47.9985,0.0
j1,2025,j1_2025_05251303_岡山_町田,第１８節第２日,2025-05-25,2025-05-25 13:03:00,岡山,町田,D,D,D,D,1,1,1,0.3567972310721159,0.28809354939133236,0.3567972310721159,0.3551092195365517,-7.0008,0.0
j1,2025,j1_2025_05251403_新潟_湘南,第１８節第２日,2025-05-25,2025-05-25 14:03:00,新潟,湘南,H,A,A,A,0,0,0,0.3515752281189346,0.3013276276601068,0.3470971442209588,0.3515752281189346,-12.8016,0.0
j1,2025,j1_2025_05251403_横浜FC_柏,第１８節第２日,2025-05-25,2025-05-25 14:03:00,横浜FC,柏,D,A,A,A,0,0,0,0.4423912445164036,0.29444692745344325,0.2631618280301532,0.4423912445164036,-61.7879,0.0
j1,2025,j1_2025_05251403_横浜FM_鹿島,第１８節第２日,2025-05-25,2025-05-25 14:03:00,横浜FM,鹿島,H,A,A,A,0,0,0,0.5605147628899911,0.246509723318693,0.1929755137913158,0.5605147628899911,-105.5577,0.0
j1,2025,j1_2025_05251403_清水_神戸,第１８節第２日,2025-05-25,2025-05-25 14:03:00,清水,神戸,H,A,A,A,0,0,0,0.3492578618852619,0.3260442627846476,0.32469787533009054,0.3492578618852619,-26.0503,0.0
j1,2025,j1_2025_05251503_東京Ｖ_京都,第１８節第２日,2025-05-25,2025-05-25 15:03:00,東京Ｖ,京都,H,A,A,A,0,0,0,0.3731846953990689,0.3185427000812809,0.3082726045196502,0.3731846953990689,-35.5086,0.0
j1,2025,j1_2025_05251504_FC東京_広島,第１８節第２日,2025-05-25,2025-05-25 15:04:00,FC東京,広島,A,A,A,A,1,1,1,0.37003244925814655,0.3195573806653083,0.31041017007654514,0.37003244925814655,-34.2766,0.0
j1,2025,j1_2025_05251603_川崎Ｆ_Ｇ大阪,第１８節第２日,2025-05-25,2025-05-25 16:03:00,川崎Ｆ,Ｇ大阪,D,H,H,H,0,0,0,0.38811541361942054,0.38811541361942054,0.30405679571105276,0.3078277906695267,22.3479,0.0
j1,2025,j1_2025_05281933_浦和_Ｃ大阪,第２２節第１日,2025-05-28,2025-05-28 19:33:00,浦和,Ｃ大阪,D,H,H,H,0,0,0,0.37631598916028436,0.37631598916028436,0.32090280115815395,0.30278120968156175,16.4039,0.0
j1,2025,j1_2025_05311403_名古屋_新潟,第１９節第１日,2025-05-31,2025-05-31 14:03:00,名古屋,新潟,H,H,H,H,1,1,1,0.362782024224786,0.362782024224786,0.3405456302730554,0.2966723455021585,9.6719,0.0
j1,2025,j1_2025_05311403_町田_横浜FM,第１９節第１日,2025-05-31,2025-05-31 14:03:00,町田,横浜FM,A,H,H,H,0,0,0,0.42970678171622734,0.42970678171622734,0.246892104187901,0.3234011140958716,44.0823,0.0
j1,2025,j1_2025_05311404_福岡_東京Ｖ,第１９節第１日,2025-05-31,2025-05-31 14:04:00,福岡,東京Ｖ,D,A,A,A,0,0,0,0.35206849880373314,0.2995227621935438,0.3484087390027232,0.35206849880373314,-12.0189,0.0
j1,2025,j1_2025_05311603_柏_神戸,第１９節第１日,2025-05-31,2025-05-31 16:03:00,柏,神戸,A,H,H,H,0,0,0,0.39705911063362587,0.39705911063362587,0.29146680298150585,0.3114740863848683,26.9091,0.0
j1,2025,j1_2025_05311733_広島_川崎Ｆ,第１９節第１日,2025-05-31,2025-05-31 17:33:00,広島,川崎Ｆ,A,H,H,H,0,0,0,0.37216257930526553,0.37216257930526553,0.32689504259399726,0.30094237810073715,14.329,0.0
j1,2025,j1_2025_05311803_Ｇ大阪_鹿島,第１９節第１日,2025-05-31,2025-05-31 18:03:00,Ｇ大阪,鹿島,A,A,A,A,1,1,1,0.3977459618666693,0.3103776753748396,0.29187636275849127,0.3977459618666693,-44.9846,0.0
j1,2025,j1_2025_05311903_京都_FC東京,第１９節第１日,2025-05-31,2025-05-31 19:03:00,京都,FC東京,H,H,H,H,1,1,1,0.40419475342223654,0.40419475342223654,0.2815357041283252,0.3142695424494382,30.5877,0.0
j1,2025,j1_2025_06011503_湘南_岡山,第１９節第２日,2025-06-01,2025-06-01 15:03:00,湘南,岡山,D,A,A,A,0,0,0,0.34930670101648253,0.30947133569122226,0.34122196329229526,0.34930670101648253,-16.3023,0.0
j1,2025,j1_2025_06011503_Ｃ大阪_清水,第１９節第２日,2025-06-01,2025-06-01 15:03:00,Ｃ大阪,清水,H,D,D,D,0,0,0,0.36000888289976885,0.34959156169867966,0.36000888289976885,0.29039955540155143,3.1798,0.0
j1,2025,j1_2025_06011604_浦和_横浜FC,第１９節第２日,2025-06-01,2025-06-01 16:04:00,浦和,横浜FC,H,H,H,H,1,1,1,0.4223711053054077,0.4223711053054077,0.2567113469013254,0.3209175477932669,40.1415,0.0
j1,2025,j1_2025_06141733_湘南_町田,第２０節第２日,2025-06-14,2025-06-14 17:33:00,湘南,町田,A,A,A,A,1,1,1,0.3509116374185015,0.3037358724929003,0.34535249008859825,0.3509116374185015,-13.842,0.0
j1,2025,j1_2025_06141803_横浜FC_川崎Ｆ,第２０節第２日,2025-06-14,2025-06-14 18:03:00,横浜FC,川崎Ｆ,A,A,A,A,1,1,1,0.415471936757357,0.30421359113974433,0.28031447210289856,0.415471936757357,-51.7093,0.0
j1,2025,j1_2025_06141803_鹿島_広島,第２０節第２日,2025-06-14,2025-06-14 18:03:00,鹿島,広島,D,H,H,H,0,0,0,0.3901638707145568,0.3901638707145568,0.3011593923255528,0.30867673695989045,23.388,0.0
j1,2025,j1_2025_06141903_FC東京_Ｃ大阪,第２０節第２日,2025-06-14,2025-06-14 19:03:00,FC東京,Ｃ大阪,D,A,A,A,0,0,0,0.3674286524757263,0.32038961541653244,0.3121817321077413,0.3674286524757263,-33.2559,0.0
j1,2025,j1_2025_06151403_新潟_横浜FM,第２０節第３日,2025-06-15,2025-06-15 14:03:00,新潟,横浜FM,H,H,H,H,1,1,1,0.3596780464802538,0.3596780464802538,0.34509776264615344,0.29522419087359275,8.1388,0.0
j1,2025,j1_2025_06151803_神戸_名古屋,第２０節第３日,2025-06-15,2025-06-15 18:03:00,神戸,名古屋,H,H,H,H,1,1,1,0.38827347969704296,0.38827347969704296,0.30383293250978094,0.30789358779317627,22.428,0.0
j1,2025,j1_2025_06151804_岡山_福岡,第２０節第３日,2025-06-15,2025-06-15 18:04:00,岡山,福岡,A,H,H,H,0,0,0,0.36009642671915154,0.36009642671915154,0.3444831765191355,0.29542039676171283,8.3452,0.0
j1,2025,j1_2025_06151804_東京Ｖ_柏,第２０節第３日,2025-06-15,2025-06-15 18:04:00,東京Ｖ,柏,A,A,A,A,1,1,1,0.36840656479479805,0.3200776816211742,0.31151575358402783,0.36840656479479805,-33.6396,0.0
j1,2025,j1_2025_06151833_清水_Ｇ大阪,第２０節第３日,2025-06-15,2025-06-15 18:33:00,清水,Ｇ大阪,D,D,D,D,1,1,1,0.35873786889958303,0.35044660297517866,0.35873786889958303,0.2908155281252382,3.599,0.0
j1,2025,j1_2025_06211603_町田_鹿島,第２１節第１日,2025-06-21,2025-06-21 16:03:00,町田,鹿島,H,A,A,A,0,0,0,0.4059111133592978,0.30756559415323387,0.28652329248746844,0.4059111133592978,-48.0926,0.0
j1,2025,j1_2025_06211603_福岡_新潟,第２１節第１日,2025-06-21,2025-06-21 16:03:00,福岡,新潟,H,H,H,H,1,1,1,0.36831946865010684,0.36831946865010684,0.33246805924929396,0.2992124721005992,12.4165,0.0
j1,2025,j1_2025_06211833_Ｃ大阪_東京Ｖ,第２１節第１日,2025-06-21,2025-06-21 18:33:00,Ｃ大阪,東京Ｖ,H,H,H,H,1,1,1,0.3850315144194655,0.3850315144194655,0.3084340473933584,0.30653443818717613,20.7867,0.0
j1,2025,j1_2025_06211903_名古屋_清水,第２１節第１日,2025-06-21,2025-06-21 19:03:00,名古屋,清水,D,D,D,D,1,1,1,0.36216389984554115,0.28088543052519466,0.36216389984554115,0.3569506696292642,-3.7779,0.0
j1,2025,j1_2025_06211903_川崎Ｆ_神戸,第２１節第１日,2025-06-21,2025-06-21 19:03:00,川崎Ｆ,神戸,A,D,D,D,0,0,0,0.3538932037967366,0.3537137048230462,0.3538932037967366,0.29239309138021713,5.2025,0.0
j1,2025,j1_2025_06211903_柏_京都,第２１節第１日,2025-06-21,2025-06-21 19:03:00,柏,京都,D,H,H,H,0,0,0,0.3722977266154135,0.3722977266154135,0.32669955725815575,0.3010027161264307,14.3964,0.0
j1,2025,j1_2025_06211903_横浜FM_岡山,第２１節第１日,2025-06-21,2025-06-21 19:03:00,横浜FM,岡山,A,A,A,A,1,1,1,0.3540160633609577,0.3245899548445293,0.32139398179451295,0.3540160633609577,-27.9519,0.0
j1,2025,j1_2025_06221803_横浜FC_広島,第２１節第２日,2025-06-22,2025-06-22 18:03:00,横浜FC,広島,A,A,A,A,1,1,1,0.42978272609925217,0.2990805324589814,0.2711367414417664,0.42978272609925217,-57.0841,0.0
j1,2025,j1_2025_06221833_Ｇ大阪_FC東京,第２１節第２日,2025-06-22,2025-06-22 18:33:00,Ｇ大阪,FC東京,H,H,H,H,1,1,1,0.36575796606886485,0.36575796606886485,0.3361976289430685,0.29804440498806667,11.1453,0.0
j1,2025,j1_2025_06251903_川崎Ｆ_新潟,第１５節第３日,2025-06-25,2025-06-25 19:03:00,川崎Ｆ,新潟,H,H,H,H,1,1,1,0.44142880812571056,0.44142880812571056,0.2314503004292469,0.3271208914450425,50.4961,0.0
j1,2025,j1_2025_06251933_横浜FM_FC東京,第１５節第３日,2025-06-25,2025-06-25 19:33:00,横浜FM,FC東京,A,A,A,A,1,1,1,0.34603998383223855,0.32079390997232315,0.3331661061954382,0.34603998383223855,-21.0906,0.0
j1,2025,j1_2025_06281803_鹿島_岡山,第２２節第２日,2025-06-28,2025-06-28 18:03:00,鹿島,岡山,A,H,H,H,0,0,0,0.4329552318462893,0.4329552318462893,0.24258175577139912,0.3244630123823115,45.8448,0.0
j1,2025,j1_2025_06281833_清水_柏,第２２節第２日,2025-06-28,2025-06-28 18:33:00,清水,柏,A,A,A,A,1,1,1,0.39022458847844343,0.3129257004345357,0.2968497110870207,0.39022458847844343,-42.1043,0.0
j1,2025,j1_2025_06281903_FC東京_横浜FC,第２２節第２日,2025-06-28,2025-06-28 19:03:00,FC東京,横浜FC,H,H,H,H,1,1,1,0.37771173951704634,0.37771173951704634,0.3188963422683545,0.3033919182145992,17.103,0.0
j1,2025,j1_2025_06281903_京都_Ｇ大阪,第２２節第２日,2025-06-28,2025-06-28 19:03:00,京都,Ｇ大阪,H,H,H,H,1,1,1,0.3929481457469708,0.3929481457469708,0.29723431919607596,0.30981753505695336,24.8061,0.0
j1,2025,j1_2025_06281903_広島_名古屋,第２２節第２日,2025-06-28,2025-06-28 19:03:00,広島,名古屋,A,H,H,H,0,0,0,0.42259799273553555,0.42259799273553555,0.25640588871251874,0.3209961185519457,40.2626,0.0
j1,2025,j1_2025_06281903_湘南_横浜FM,第２２節第２日,2025-06-28,2025-06-28 19:03:00,湘南,横浜FM,D,H,H,H,0,0,0,0.3962310909411649,0.3962310909411649,0.29262579582089876,0.3111431132379363,26.4846,0.0
j1,2025,j1_2025_06281903_福岡_神戸,第２２節第２日,2025-06-28,2025-06-28 19:03:00,福岡,神戸,D,A,A,A,0,0,0,0.3690472941587837,0.3198728907839179,0.3110798150572985,0.3690472941587837,-33.8908,0.0
j1,2025,j1_2025_06291803_新潟_町田,第２２節第３日,2025-06-29,2025-06-29 18:03:00,新潟,町田,A,A,A,A,1,1,1,0.38521718015734174,0.31459904998523675,0.3001837698574215,0.38521718015734174,-40.1767,0.0
j1,2025,j1_2025_06291803_東京Ｖ_川崎Ｆ,第２２節第３日,2025-06-29,2025-06-29 18:03:00,東京Ｖ,川崎Ｆ,H,A,A,A,0,0,0,0.4013404526325732,0.3091455584498644,0.28951398891756247,0.4013404526325732,-46.3551,0.0
j1,2025,j1_2025_07021903_神戸_広島,第５節第４日,2025-07-02,2025-07-02 19:03:00,神戸,広島,H,H,H,H,1,1,1,0.3643173058923319,0.3643173058923319,0.3383004988633847,0.2973821952442832,10.4316,0.0
j1,2025,j1_2025_07051803_町田_清水,第２３節第１日,2025-07-05,2025-07-05 18:03:00,町田,清水,H,H,H,H,1,1,1,0.3952026648320454,0.3952026648320454,0.29406719094022205,0.31073014422773254,25.958,0.0
j1,2025,j1_2025_07051901_岡山_広島,第２３節第１日,2025-07-05,2025-07-05 19:01:00,岡山,広島,A,A,A,A,1,1,1,0.35076936618210147,0.30424930713289283,0.3449813266850058,0.35076936618210147,-14.0633,0.0
j1,2025,j1_2025_07051903_京都_新潟,第２３節第１日,2025-07-05,2025-07-05 19:03:00,京都,新潟,H,H,H,H,1,1,1,0.4717522513541145,0.4717522513541145,0.1930184347120345,0.3352293139338511,67.8813,0.0
j1,2025,j1_2025_07051903_名古屋_東京Ｖ,第２３節第１日,2025-07-05,2025-07-05 19:03:00,名古屋,東京Ｖ,D,H,H,H,0,0,0,0.3571004428458794,0.3571004428458794,0.3488910942220792,0.2940084629320415,6.8683,0.0
j1,2025,j1_2025_07051903_川崎Ｆ_鹿島,第２３節第１日,2025-07-05,2025-07-05 19:03:00,川崎Ｆ,鹿島,H,A,A,A,0,0,0,0.35417067840568073,0.29168015363545563,0.3541491679588637,0.35417067840568073,-8.5873,0.0
j1,2025,j1_2025_07051903_柏_FC東京,第２３節第１日,2025-07-05,2025-07-05 19:03:00,柏,FC東京,H,H,H,H,1,1,1,0.4514550420109381,0.4514550420109381,0.21849436302554642,0.3300505949635154,56.1084,0.0
j1,2025,j1_2025_07051903_横浜FC_横浜FM,第２３節第１日,2025-07-05,2025-07-05 19:03:00,横浜FC,横浜FM,A,H,H,H,0,0,0,0.3631250448591735,0.3631250448591735,0.3400436409291939,0.29683131421163267,9.8416,0.0
j1,2025,j1_2025_07051903_神戸_湘南,第２３節第１日,2025-07-05,2025-07-05 19:03:00,神戸,湘南,H,H,H,H,1,1,1,0.4739933551956221,0.4739933551956221,0.1902701154131501,0.33573652939122794,69.2188,0.0
j1,2025,j1_2025_07051903_Ｃ大阪_Ｇ大阪,第２３節第１日,2025-07-05,2025-07-05 19:03:00,Ｃ大阪,Ｇ大阪,A,H,H,H,0,0,0,0.3963631483055083,0.3963631483055083,0.29244086185303314,0.3111959898414587,26.5523,0.0
j1,2025,j1_2025_07191903_FC東京_浦和,第２４節第１日,2025-07-19,2025-07-19 19:03:00,FC東京,浦和,H,A,A,A,0,0,0,0.4001403204574014,0.3095579641683293,0.29030171537426935,0.4001403204574014,-45.8979,0.0
j1,2025,j1_2025_07191903_湘南_Ｃ大阪,第２４節第１日,2025-07-19,2025-07-19 19:03:00,湘南,Ｃ大阪,D,A,A,A,0,0,0,0.39644740539090745,0.3108205177319876,0.29273207687710495,0.39644740539090745,-44.4886,0.0
j1,2025,j1_2025_07201803_東京Ｖ_町田,第２４節第２日,2025-07-20,2025-07-20 18:03:00,東京Ｖ,町田,A,A,A,A,1,1,1,0.3545455602342614,0.3244269401675824,0.3210274995981563,0.3545455602342614,-28.1629,0.0
j1,2025,j1_2025_07201803_鹿島_柏,第２４節第２日,2025-07-20,2025-07-20 18:03:00,鹿島,柏,H,A,A,A,0,0,0,0.348810290650509,0.3261800718703855,0.3250096374791053,0.348810290650509,-25.8709,0.0
j1,2025,j1_2025_07201833_清水_横浜FC,第２４節第２日,2025-07-20,2025-07-20 18:33:00,清水,横浜FC,H,H,H,H,1,1,1,0.40989430745603,0.40989430745603,0.273677443534173,0.31642824900979694,33.5536,0.0
j1,2025,j1_2025_07201903_岡山_神戸,第２４節第２日,2025-07-20,2025-07-20 19:03:00,岡山,神戸,A,A,A,A,1,1,1,0.4132717105154966,0.30499055965608257,0.2817377298284209,0.4132717105154966,-50.879,0.0
j1,2025,j1_2025_07201903_新潟_広島,第２４節第２日,2025-07-20,2025-07-20 19:03:00,新潟,広島,A,A,A,A,1,1,1,0.4544469697012394,0.28992241337209085,0.25563061692666983,0.4544469697012394,-66.2637,0.0
j1,2025,j1_2025_07201903_横浜FM_名古屋,第２４節第２日,2025-07-20,2025-07-20 19:03:00,横浜FM,名古屋,H,A,A,A,0,0,0,0.3993797564867349,0.3098187883239982,0.290801455189267,0.3993797564867349,-45.608,0.0
j1,2025,j1_2025_07201903_Ｇ大阪_川崎Ｆ,第２４節第２日,2025-07-20,2025-07-20 19:03:00,Ｇ大阪,川崎Ｆ,H,A,A,A,0,0,0,0.3578605076335206,0.32340107391570344,0.31873841845077583,0.3578605076335206,-29.4805,0.0
j1,2025,j1_2025_07211803_福岡_京都,第２４節第３日,2025-07-21,2025-07-21 18:03:00,福岡,京都,D,A,A,A,0,0,0,0.3690248743049238,0.31988006213845327,0.311095063556623,0.3690248743049238,-33.882,0.0
j1,2025,j1_2025_07231933_浦和_湘南,第２１節第３日,2025-07-23,2025-07-23 19:33:00,浦和,湘南,H,H,H,H,1,1,1,0.44287364256320494,0.44287364256320494,0.22956871055741646,0.3275576468793786,51.2974,0.0
j1,2025,j1_2025_07271903_浦和_福岡,第２３節第２日,2025-07-27,2025-07-27 19:03:00,浦和,福岡,D,H,H,H,0,0,0,0.38713142709096937,0.38713142709096937,0.30545146531522566,0.307417107593805,21.8491,0.0
j1,2025,j1_2025_08091803_東京Ｖ_横浜FM,第２５節第１日,2025-08-09,2025-08-09 18:03:00,東京Ｖ,横浜FM,H,H,H,H,1,1,1,0.39132091654024936,0.39132091654024936,0.2995264333104234,0.30915265014932725,23.9767,0.0
j1,2025,j1_2025_08091803_横浜FC_浦和,第２５節第１日,2025-08-09,2025-08-09 18:03:00,横浜FC,浦和,A,A,A,A,1,1,1,0.4958230075134862,0.27373035947923324,0.23044663300728055,0.4958230075134862,-81.539,0.0
j1,2025,j1_2025_08091903_川崎Ｆ_福岡,第２５節第１日,2025-08-09,2025-08-09 19:03:00,川崎Ｆ,福岡,A,H,H,H,0,0,0,0.37991470607827804,0.37991470607827804,0.3157369217834002,0.30434837213832183,18.2086,0.0
j1,2025,j1_2025_08101836_広島_清水,第２５節第２日,2025-08-10,2025-08-10 18:36:00,広島,清水,D,H,H,H,0,0,0,0.42197704698564364,0.42197704698564364,0.2572421309230677,0.3207808220912887,39.9313,0.0
j1,2025,j1_2025_08101903_FC東京_鹿島,第２５節第２日,2025-08-10,2025-08-10 19:03:00,FC東京,鹿島,A,A,A,A,1,1,1,0.38777054483849477,0.31374810386905916,0.2984813512924459,0.38777054483849477,-41.1607,0.0
j1,2025,j1_2025_08101903_柏_湘南,第２５節第２日,2025-08-10,2025-08-10 19:03:00,柏,湘南,H,H,H,H,1,1,1,0.49066994929535174,0.49066994929535174,0.17024637072179255,0.33908367998285566,79.4372,0.0
j1,2025,j1_2025_08101903_Ｇ大阪_岡山,第２５節第２日,2025-08-10,2025-08-10 19:03:00,Ｇ大阪,岡山,A,H,H,H,0,0,0,0.38163741704301796,0.38163741704301796,0.31327265418205413,0.30508992877492813,19.075,0.0
j1,2025,j1_2025_08101904_名古屋_京都,第２５節第２日,2025-08-10,2025-08-10 19:04:00,名古屋,京都,A,A,A,A,1,1,1,0.39391558078393224,0.31168043638783827,0.2944039828282295,0.39391558078393224,-43.52,0.0
j1,2025,j1_2025_08101905_町田_神戸,第２５節第２日,2025-08-10,2025-08-10 19:05:00,町田,神戸,H,A,A,A,0,0,0,0.3442103543890986,0.3275658870191522,0.3282237585917493,0.3442103543890986,-24.0207,0.0
j1,2025,j1_2025_08111903_Ｃ大阪_新潟,第２５節第３日,2025-08-11,2025-08-11 19:03:00,Ｃ大阪,新潟,H,H,H,H,1,1,1,0.4546341366896786,0.4546341366896786,0.21443643148002464,0.33092943183029666,57.9143,0.0
j1,2025,j1_2025_08161803_鹿島_福岡,第２６節第１日,2025-08-16,2025-08-16 18:03:00,鹿島,福岡,D,H,H,H,0,0,0,0.39565763683333244,0.39565763683333244,0.2934292650096757,0.3109130981569918,26.1909,0.0
j1,2025,j1_2025_08161833_清水_横浜FM,第２６節第１日,2025-08-16,2025-08-16 18:33:00,清水,横浜FM,A,H,H,H,0,0,0,0.4101522557034661,0.4101522557034661,0.27332337686657543,0.3165243674299585,33.6884,0.0
j1,2025,j1_2025_08161903_広島_Ｇ大阪,第２６節第１日,2025-08-16,2025-08-16 19:03:00,広島,Ｇ大阪,H,H,H,H,1,1,1,0.3971263557441329,0.3971263557441329,0.2913727386055019,0.31150090565036515,26.9436,0.0
j1,2025,j1_2025_08161903_新潟_川崎Ｆ,第２６節第１日,2025-08-16,2025-08-16 19:03:00,新潟,川崎Ｆ,D,A,A,A,0,0,0,0.4590269922502699,0.2881800116176736,0.2527929961320565,0.4590269922502699,-67.9597,0.0
j1,2025,j1_2025_08161903_浦和_名古屋,第２６節第１日,2025-08-16,2025-08-16 19:03:00,浦和,名古屋,H,H,H,H,1,1,1,0.4294712884989091,0.4294712884989091,0.247205490795644,0.32332322070544695,43.955,0.0
j1,2025,j1_2025_08161903_湘南_FC東京,第２６節第１日,2025-08-16,2025-08-16 19:03:00,湘南,FC東京,D,A,A,A,0,0,0,0.352922681720103,0.3249258280635069,0.32215149021638995,0.352922681720103,-27.5159,0.0
j1,2025,j1_2025_08161903_町田_Ｃ大阪,第２６節第１日,2025-08-16,2025-08-16 19:03:00,町田,Ｃ大阪,H,H,H,H,1,1,1,0.3853953609312146,0.3853953609312146,0.30791665630705967,0.3066879827617257,20.9706,0.0
j1,2025,j1_2025_08161903_神戸_横浜FC,第２６節第１日,2025-08-16,2025-08-16 19:03:00,神戸,横浜FC,A,H,H,H,0,0,0,0.5312149749632944,0.5312149749632944,0.12501418646714454,0.34377083856956103,106.6498,0.0
j1,2025,j1_2025_08161904_京都_東京Ｖ,第２６節第１日,2025-08-16,2025-08-16 19:04:00,京都,東京Ｖ,H,H,H,H,1,1,1,0.4356846595119091,0.4356846595119091,0.23897837378895184,0.3253369666991391,47.3344,0.0
j1,2025,j1_2025_08171930_岡山_柏,第２６節第２日,2025-08-17,2025-08-17 19:30:00,岡山,柏,H,A,A,A,0,0,0,0.4078720672279989,0.30688324525040495,0.28524468752159626,0.4078720672279989,-48.8362,0.0
j1,2025,j1_2025_08201903_広島_神戸,第３０節第１日,2025-08-20,2025-08-20 19:03:00,広島,神戸,A,D,D,D,0,0,0,0.36878957499066645,0.3437079111945396,0.36878957499066645,0.287502513814794,0.3009,0.0
j1,2025,j1_2025_08201903_町田_Ｇ大阪,第３０節第１日,2025-08-20,2025-08-20 19:03:00,町田,Ｇ大阪,H,H,H,H,1,1,1,0.4382744684223532,0.4382744684223532,0.2355749144274953,0.3261506171501516,48.7553,0.0
j1,2025,j1_2025_08221903_柏_浦和,第２７節第１日,2025-08-22,2025-08-22 19:03:00,柏,浦和,H,D,D,D,0,0,0,0.362785322429017,0.3477267776702395,0.362785322429017,0.2894878999007434,2.2664,0.0
j1,2025,j1_2025_08231803_福岡_清水,第２７節第２日,2025-08-23,2025-08-23 18:03:00,福岡,清水,D,H,H,H,0,0,0,0.4038513277540939,0.4038513277540939,0.28201132091614156,0.3141373513297646,30.4098,0.0
j1,2025,j1_2025_08231903_岡山_湘南,第２７節第２日,2025-08-23,2025-08-23 19:03:00,岡山,湘南,H,H,H,H,1,1,1,0.43830227592666604,0.43830227592666604,0.235538453505849,0.32615927056748506,48.7706,0.0
j1,2025,j1_2025_08231903_新潟_鹿島,第２７節第２日,2025-08-23,2025-08-23 19:03:00,新潟,鹿島,A,A,A,A,1,1,1,0.5160213385700095,0.26547167794351356,0.21850698348647682,0.5160213385700095,-88.993,0.0
j1,2025,j1_2025_08231903_東京Ｖ_広島,第２７節第２日,2025-08-23,2025-08-23 19:03:00,東京Ｖ,広島,A,A,A,A,1,1,1,0.3828891680632313,0.3153706449615481,0.30174018697522065,0.3828891680632313,-39.2776,0.0
j1,2025,j1_2025_08231903_Ｃ大阪_神戸,第２７節第２日,2025-08-23,2025-08-23 19:03:00,Ｃ大阪,神戸,D,A,A,A,0,0,0,0.36622638081494907,0.32077207181359507,0.3130015473714559,0.36622638081494907,-32.7837,0.0
j1,2025,j1_2025_08231903_Ｇ大阪_横浜FC,第２７節第２日,2025-08-23,2025-08-23 19:03:00,Ｇ大阪,横浜FC,H,H,H,H,1,1,1,0.4229824118410031,0.4229824118410031,0.2558885996530215,0.32112898850597527,40.4679,0.0
j1,2025,j1_2025_08231904_名古屋_川崎Ｆ,第２７節第２日,2025-08-23,2025-08-23 19:04:00,名古屋,川崎Ｆ,A,A,A,A,1,1,1,0.36631566919625663,0.32074370781421574,0.31294062298952763,0.36631566919625663,-32.8188,0.0
j1,2025,j1_2025_08231933_横浜FM_町田,第２７節第２日,2025-08-23,2025-08-23 19:33:00,横浜FM,町田,D,A,A,A,0,0,0,0.5031481474635282,0.27076127581182363,0.22609057672464816,0.5031481474635282,-84.2402,0.0
j1,2025,j1_2025_08241904_FC東京_京都,第２７節第３日,2025-08-24,2025-08-24 19:04:00,FC東京,京都,A,A,A,A,1,1,1,0.4473057395679126,0.2926134546939833,0.26008080573810394,0.4473057395679126,-63.6147,0.0
j1,2025,j1_2025_08301803_横浜FC_東京Ｖ,第２８節第１日,2025-08-30,2025-08-30 18:03:00,横浜FC,東京Ｖ,D,A,A,A,0,0,0,0.38431064423057276,0.31489999542073677,0.30078936034869047,0.38431064423057276,-39.8268,0.0
j1,2025,j1_2025_08301903_京都_岡山,第２８節第１日,2025-08-30,2025-08-30 19:03:00,京都,岡山,H,H,H,H,1,1,1,0.42280887169556686,0.42280887169556686,0.2561220823734041,0.3210690459310289,40.3752,0.0
j1,2025,j1_2025_08301903_神戸_横浜FM,第２８節第１日,2025-08-30,2025-08-30 19:03:00,神戸,横浜FM,H,H,H,H,1,1,1,0.48085670032467903,0.48085670032467903,0.1819367915952354,0.3372065080800855,73.3658,0.0
j1,2025,j1_2025_08311833_清水_鹿島,第２８節第２日,2025-08-31,2025-08-31 18:33:00,清水,鹿島,D,A,A,A,0,0,0,0.43517338460508204,0.2971119895910173,0.26771462580390065,0.43517338460508204,-59.0984,0.0
j1,2025,j1_2025_08311903_名古屋_FC東京,第２８節第２日,2025-08-31,2025-08-31 19:03:00,名古屋,FC東京,D,D,D,D,1,1,1,0.3601105004918093,0.2836337998759231,0.3601105004918093,0.35625569963226755,-5.0123,0.0
j1,2025,j1_2025_08311903_柏_福岡,第２８節第２日,2025-08-31,2025-08-31 19:03:00,柏,福岡,H,H,H,H,1,1,1,0.40986143224885047,0.40986143224885047,0.2737225788110621,0.31641598894008754,33.5364,0.0
j1,2025,j1_2025_08311903_浦和_新潟,第２８節第２日,2025-08-31,2025-08-31 19:03:00,浦和,新潟,H,H,H,H,1,1,1,0.49947401916681095,0.49947401916681095,0.1599920965074028,0.34053388432578624,85.0384,0.0
j1,2025,j1_2025_08311903_湘南_Ｇ大阪,第２８節第２日,2025-08-31,2025-08-31 19:03:00,湘南,Ｇ大阪,A,A,A,A,1,1,1,0.3925012922828459,0.31215876471009557,0.29533994300705857,0.3925012922828459,-42.978,0.0
j1,2025,j1_2025_08311903_Ｃ大阪_広島,第２８節第２日,2025-08-31,2025-08-31 19:03:00,Ｃ大阪,広島,D,A,A,A,0,0,0,0.3441997209962567,0.3269876043985743,0.328812674605169,0.3441997209962567,-23.6739,0.0
j1,2025,j1_2025_08311904_川崎Ｆ_町田,第２８節第２日,2025-08-31,2025-08-31 19:04:00,川崎Ｆ,町田,H,A,A,A,0,0,0,0.3545619467878696,0.3244218915486606,0.3210161616634698,0.3545619467878696,-28.1694,0.0
j1,2025,j1_2025_09121903_広島_京都,第２９節第１日,2025-09-12,2025-09-12 19:03:00,広島,京都,D,A,A,A,0,0,0,0.3496754362950814,0.325917401801058,0.32440716190386054,0.3496754362950814,-26.2176,0.0
j1,2025,j1_2025_09121903_神戸_柏,第２９節第１日,2025-09-12,2025-09-12 19:03:00,神戸,柏,D,D,D,D,1,1,1,0.35920110983897097,0.2848547798064431,0.35920110983897097,0.355944110354586,-5.5585,0.0
j1,2025,j1_2025_09121905_町田_横浜FC,第２９節第１日,2025-09-12,2025-09-12 19:05:00,町田,横浜FC,D,H,H,H,0,0,0,0.5155389038515823,0.5155389038515823,0.14188332101503165,0.34257777513338605,95.6774,0.0
j1,2025,j1_2025_09131804_福岡_Ｃ大阪,第２９節第２日,2025-09-13,2025-09-13 18:04:00,福岡,Ｃ大阪,A,D,D,D,0,0,0,0.35976547560684197,0.2840967674789669,0.35976547560684197,0.35613775691419125,-5.2195,0.0
j1,2025,j1_2025_09131901_岡山_名古屋,第２９節第２日,2025-09-13,2025-09-13 19:01:00,岡山,名古屋,A,H,H,H,0,0,0,0.40884495800802256,0.40884495800802256,0.275119225796503,0.3160358161954744,33.0056,0.0
j1,2025,j1_2025_09131903_横浜FM_川崎Ｆ,第２９節第２日,2025-09-13,2025-09-13 19:03:00,横浜FM,川崎Ｆ,A,A,A,A,1,1,1,0.4505257754028659,0.2914039519489748,0.2580702726481593,0.4505257754028659,-64.8099,0.0
j1,2025,j1_2025_09131903_鹿島_湘南,第２９節第２日,2025-09-13,2025-09-13 19:03:00,鹿島,湘南,H,H,H,H,1,1,1,0.5141116527751096,0.5141116527751096,0.14345945466998222,0.34242889255490816,94.7087,0.0
j1,2025,j1_2025_09131904_Ｇ大阪_浦和,第２９節第２日,2025-09-13,2025-09-13 19:04:00,Ｇ大阪,浦和,H,A,A,A,0,0,0,0.3654072739614284,0.3210319776109199,0.3135607484276517,0.3654072739614284,-32.4616,0.0
j1,2025,j1_2025_09131905_新潟_清水,第２９節第２日,2025-09-13,2025-09-13 19:05:00,新潟,清水,A,A,A,A,1,1,1,0.4011455873631751,0.3092125903472727,0.2896418222895522,0.4011455873631751,-46.2809,0.0
j1,2025,j1_2025_09151904_FC東京_東京Ｖ,第２９節第３日,2025-09-15,2025-09-15 19:04:00,FC東京,東京Ｖ,H,D,D,D,0,0,0,0.3640501719077448,0.27837126878791024,0.3640501719077448,0.357578559304345,-2.6425,0.0
j1,2025,j1_2025_09201703_名古屋_湘南,第３０節第２日,2025-09-20,2025-09-20 17:03:00,名古屋,湘南,H,H,H,H,1,1,1,0.4232099014575138,0.4232099014575138,0.2555826313934527,0.32120746714903353,40.5894,0.0
j1,2025,j1_2025_09201803_東京Ｖ_岡山,第３０節第２日,2025-09-20,2025-09-20 18:03:00,東京Ｖ,岡山,H,A,A,A,0,0,0,0.34607176056321665,0.32700730236530184,0.3269209370714815,0.34607176056321665,-24.7707,0.0
j1,2025,j1_2025_09201803_横浜FC_新潟,第３０節第２日,2025-09-20,2025-09-20 18:03:00,横浜FC,新潟,H,H,H,H,1,1,1,0.37024507577653964,0.37024507577653964,0.3296722744426293,0.30008264978083105,13.3739,0.0
j1,2025,j1_2025_09201833_Ｃ大阪_柏,第３０節第２日,2025-09-20,2025-09-20 18:33:00,Ｃ大阪,柏,D,A,A,A,0,0,0,0.3686141756942673,0.32001136034889704,0.31137446395683577,0.3686141756942673,-33.721,0.0
j1,2025,j1_2025_09201903_京都_清水,第３０節第２日,2025-09-20,2025-09-20 19:03:00,京都,清水,A,H,H,H,0,0,0,0.47129152884181574,0.47129152884181574,0.19358506708034123,0.33512340407784297,67.6073,0.0
j1,2025,j1_2025_09201903_横浜FM_福岡,第３０節第２日,2025-09-20,2025-09-20 19:03:00,横浜FM,福岡,H,A,A,A,0,0,0,0.38870711037434535,0.3134347654467188,0.2978581241789359,0.38870711037434535,-41.521,0.0
j1,2025,j1_2025_09201904_川崎Ｆ_FC東京,第３０節第２日,2025-09-20,2025-09-20 19:04:00,川崎Ｆ,FC東京,A,H,H,H,0,0,0,0.43503158780429796,0.43503158780429796,0.23983902786979033,0.3251293843259117,46.9772,0.0
j1,2025,j1_2025_09201904_浦和_鹿島,第３０節第２日,2025-09-20,2025-09-20 19:04:00,浦和,鹿島,A,A,A,A,1,1,1,0.34677132191478044,0.31829708122435973,0.3349315968608599,0.34677132191478044,-20.0422,0.0
j1,2025,j1_2025_09231403_新潟_名古屋,第３１節第１日,2025-09-23,2025-09-23 14:03:00,新潟,名古屋,D,A,A,A,0,0,0,0.443850775797228,0.2939039989803666,0.2622452252224055,0.443850775797228,-62.3307,0.0
j1,2025,j1_2025_09231803_FC東京_福岡,第３１節第１日,2025-09-23,2025-09-23 18:03:00,FC東京,福岡,H,D,D,D,0,0,0,0.3559691075174609,0.3523122192191019,0.3559691075174609,0.29171867326343714,4.5143,0.0
j1,2025,j1_2025_09231803_岡山_横浜FC,第３１節第１日,2025-09-23,2025-09-23 18:03:00,岡山,横浜FC,D,H,H,H,0,0,0,0.4170024611446533,0.4170024611446533,0.263971359428797,0.31902617942654965,37.2899,0.0
j1,2025,j1_2025_09231803_清水_浦和,第３１節第１日,2025-09-23,2025-09-23 18:03:00,清水,浦和,D,A,A,A,0,0,0,0.3478769277125248,0.31448187435872965,0.33764119792874553,0.3478769277125248,-18.4321,0.0
j1,2025,j1_2025_09231803_鹿島_Ｃ大阪,第３１節第１日,2025-09-23,2025-09-23 18:03:00,鹿島,Ｃ大阪,H,H,H,H,1,1,1,0.40931274909897736,0.40931274909897736,0.2744762107065757,0.31621104019444696,33.2498,0.0
j1,2025,j1_2025_09231903_京都_町田,第３１節第１日,2025-09-23,2025-09-23 19:03:00,京都,町田,D,H,H,H,0,0,0,0.3692844367311501,0.3692844367311501,0.33106617246011355,0.2996493908087366,12.8961,0.0
j1,2025,j1_2025_09231903_柏_広島,第３１節第１日,2025-09-23,2025-09-23 19:03:00,柏,広島,D,H,H,H,0,0,0,0.377251187578821,0.377251187578821,0.31955800420421376,0.30319080821696526,16.8722,0.0
j1,2025,j1_2025_09231903_湘南_川崎Ｆ,第３１節第１日,2025-09-23,2025-09-23 19:03:00,湘南,川崎Ｆ,A,A,A,A,1,1,1,0.5158410774463353,0.2655463710625109,0.21861255149115363,0.5158410774463353,-88.9263,0.0
j1,2025,j1_2025_09231903_神戸_東京Ｖ,第３１節第１日,2025-09-23,2025-09-23 19:03:00,神戸,東京Ｖ,H,H,H,H,1,1,1,0.4666652678001386,0.4666652678001386,0.19930542939146306,0.33402930280839827,64.8745,0.0
j1,2025,j1_2025_09231903_Ｇ大阪_横浜FM,第３１節第１日,2025-09-23,2025-09-23 19:03:00,Ｇ大阪,横浜FM,H,H,H,H,1,1,1,0.42967921369549794,0.42967921369549794,0.24692878445377378,0.3233920018507283,44.0674,0.0
j1,2025,j1_2025_09271603_町田_岡山,第３２節第１日,2025-09-27,2025-09-27 16:03:00,町田,岡山,H,H,H,H,1,1,1,0.4361930997985041,0.4361930997985041,0.23830899168364061,0.32549790851785526,47.6127,0.0
j1,2025,j1_2025_09271703_名古屋_鹿島,第３２節第１日,2025-09-27,2025-09-27 17:03:00,名古屋,鹿島,A,A,A,A,1,1,1,0.47075805436937596,0.2836593514026145,0.24558259422800952,0.47075805436937596,-72.2956,0.0
j1,2025,j1_2025_09271703_Ｇ大阪_新潟,第３２節第１日,2025-09-27,2025-09-27 17:03:00,Ｇ大阪,新潟,H,H,H,H,1,1,1,0.5041359382168131,0.5041359382168131,0.15465517847286295,0.34120888331032406,88.0677,0.0
j1,2025,j1_2025_09271803_東京Ｖ_浦和,第３２節第１日,2025-09-27,2025-09-27 18:03:00,東京Ｖ,浦和,D,A,A,A,0,0,0,0.39001842871749504,0.31299496002423083,0.2969866112582741,0.39001842871749504,-42.0251,0.0
j1,2025,j1_2025_09271803_福岡_広島,第３２節第１日,2025-09-27,2025-09-27 18:03:00,福岡,広島,A,A,A,A,1,1,1,0.4153833393554161,0.3042449414401988,0.2803717192043851,0.4153833393554161,-51.6759,0.0
j1,2025,j1_2025_09271903_神戸_清水,第３２節第１日,2025-09-27,2025-09-27 19:03:00,神戸,清水,H,H,H,H,1,1,1,0.44275810139683336,0.44275810139683336,0.22971899994880515,0.32752289865436157,51.2332,0.0
j1,2025,j1_2025_09281703_横浜FC_湘南,第３２節第２日,2025-09-28,2025-09-28 17:03:00,横浜FC,湘南,H,H,H,H,1,1,1,0.3910100927090823,0.3910100927090823,0.29996484813651214,0.30902505915440537,23.8185,0.0
j1,2025,j1_2025_09281804_FC東京_横浜FM,第３２節第２日,2025-09-28,2025-09-28 18:04:00,FC東京,横浜FM,A,H,H,H,0,0,0,0.426364693204313,0.426364693204313,0.25135109557354895,0.3222842112221382,42.2803,0.0
j1,2025,j1_2025_09281833_Ｃ大阪_京都,第３２節第２日,2025-09-28,2025-09-28 18:33:00,Ｃ大阪,京都,A,A,A,A,1,1,1,0.37549400341402,0.31779443233980514,0.30671156424617485,0.37549400341402,-36.4087,0.0
j1,2025,j1_2025_09281903_川崎Ｆ_柏,第３２節第２日,2025-09-28,2025-09-28 19:03:00,川崎Ｆ,柏,D,A,A,A,0,0,0,0.3458568383264895,0.3214159419168809,0.33272721975662944,0.3458568383264895,-21.3511,0.0
j1,2025,j1_2025_10031903_湘南_東京Ｖ,第３３節第１日,2025-10-03,2025-10-03 19:03:00,湘南,東京Ｖ,A,A,A,A,1,1,1,0.4207673257074987,0.30233015963053417,0.2769025146619672,0.4207673257074987,-53.7032,0.0
j1,2025,j1_2025_10041303_清水_FC東京,第３３節第２日,2025-10-04,2025-10-04 13:03:00,清水,FC東京,D,D,D,D,1,1,1,0.36420132995674087,0.34677729224801634,0.36420132995674087,0.2890213777952429,1.8017,0.0
j1,2025,j1_2025_10041333_名古屋_Ｃ大阪,第３３節第２日,2025-10-04,2025-10-04 13:33:00,名古屋,Ｃ大阪,H,A,A,A,0,0,0,0.34737939757580644,0.326613106590475,0.3260074958337186,0.34737939757580644,-25.2965,0.0
j1,2025,j1_2025_10041403_新潟_岡山,第３３節第２日,2025-10-04,2025-10-04 14:03:00,新潟,岡山,D,A,A,A,0,0,0,0.43934245630912183,0.29557669005499904,0.26508085363587924,0.43934245630912183,-60.6528,0.0
j1,2025,j1_2025_10041603_広島_町田,第３３節第２日,2025-10-04,2025-10-04 16:03:00,広島,町田,H,D,D,D,0,0,0,0.3641515108028528,0.2782364822674939,0.3641515108028528,0.35761200692965334,-2.5814,0.0
j1,2025,j1_2025_10041633_福岡_横浜FC,第３３節第２日,2025-10-04,2025-10-04 16:33:00,福岡,横浜FC,H,H,H,H,1,1,1,0.37573023871859035,0.37573023871859035,0.32174593262397844,0.3025238286574312,16.1107,0.0
j1,2025,j1_2025_10041703_浦和_神戸,第３３節第２日,2025-10-04,2025-10-04 17:03:00,浦和,神戸,H,A,A,A,0,0,0,0.3871903920999513,0.3139418742451365,0.2988677336549122,0.3871903920999513,-40.9373,0.0
j1,2025,j1_2025_10041733_柏_横浜FM,第３３節第２日,2025-10-04,2025-10-04 17:33:00,柏,横浜FM,H,H,H,H,1,1,1,0.49438972493835875,0.49438972493835875,0.1658863129787978,0.3397239620828435,81.7852,0.0
j1,2025,j1_2025_10041903_京都_川崎Ｆ,第３３節第２日,2025-10-04,2025-10-04 19:03:00,京都,川崎Ｆ,D,H,H,H,0,0,0,0.39479857543711,0.39479857543711,0.29463411596722255,0.3105673085956674,25.7513,0.0
j1,2025,j1_2025_10051503_鹿島_Ｇ大阪,第３３節第３日,2025-10-05,2025-10-05 15:03:00,鹿島,Ｇ大阪,D,H,H,H,0,0,0,0.42854052612882204,0.42854052612882204,0.24844531895602232,0.3230141549151556,43.4522,0.0
j1,2025,j1_2025_10171903_広島_FC東京,第３４節第１日,2025-10-17,2025-10-17 19:03:00,広島,FC東京,D,H,H,H,0,0,0,0.4486324724517797,0.4486324724517797,0.22211762384782247,0.329249903700398,54.5159,0.0
j1,2025,j1_2025_10171903_神戸_鹿島,第３４節第１日,2025-10-17,2025-10-17 19:03:00,神戸,鹿島,D,A,A,A,0,0,0,0.3512585982986795,0.30247950260404294,0.3462618990972774,0.3512585982986795,-13.2998,0.0
j1,2025,j1_2025_10181403_岡山_Ｃ大阪,第３４節第２日,2025-10-18,2025-10-18 14:03:00,岡山,Ｃ大阪,A,A,A,A,1,1,1,0.34904323692363604,0.31040139423023233,0.3405553688461316,0.34904323692363604,-16.699,0.0
j1,2025,j1_2025_10181403_川崎Ｆ_清水,第３４節第２日,2025-10-18,2025-10-18 14:03:00,川崎Ｆ,清水,H,H,H,H,1,1,1,0.4135071431326961,0.4135071431326961,0.26873095415934894,0.31776190270795507,35.4473,0.0
j1,2025,j1_2025_10181403_東京Ｖ_新潟,第３４節第２日,2025-10-18,2025-10-18 14:03:00,東京Ｖ,新潟,H,H,H,H,1,1,1,0.45619252282351425,0.45619252282351425,0.2124562291511786,0.33135124802530724,58.8045,0.0
j1,2025,j1_2025_10181403_横浜FC_名古屋,第３４節第２日,2025-10-18,2025-10-18 14:03:00,横浜FC,名古屋,D,A,A,A,0,0,0,0.3724131473823514,0.3187917740429091,0.3087950785747397,0.3724131473823514,-35.2074,0.0
j1,2025,j1_2025_10181403_横浜FM_浦和,第３４節第２日,2025-10-18,2025-10-18 14:03:00,横浜FM,浦和,H,A,A,A,0,0,0,0.4446143144426157,0.2936194367028469,0.2617662488545375,0.4446143144426157,-62.6146,0.0
j1,2025,j1_2025_10181403_町田_福岡,第３４節第２日,2025-10-18,2025-10-18 14:03:00,町田,福岡,D,H,H,H,0,0,0,0.4436187470925822,0.4436187470925822,0.22860026798131602,0.32778098492610175,51.7116,0.0
j1,2025,j1_2025_10181403_Ｇ大阪_柏,第３４節第２日,2025-10-18,2025-10-18 14:03:00,Ｇ大阪,柏,A,A,A,A,1,1,1,0.3668418765762301,0.3205764195919398,0.31258170383183015,0.3668418765762301,-33.0255,0.0
j1,2025,j1_2025_10191503_湘南_京都,第３４節第３日,2025-10-19,2025-10-19 15:03:00,湘南,京都,D,A,A,A,0,0,0,0.6408363546676067,0.20975832858724233,0.1494053167451509,0.6408363546676067,-136.7578,0.0
j1,2025,j1_2025_10251403_京都_鹿島,第３５節第１日,2025-10-25,2025-10-25 14:03:00,京都,鹿島,D,A,A,A,0,0,0,0.352496279708915,0.297947017645553,0.3495567026455322,0.352496279708915,-11.3334,0.0
j1,2025,j1_2025_10251403_柏_横浜FC,第３５節第１日,2025-10-25,2025-10-25 14:03:00,柏,横浜FC,H,H,H,H,1,1,1,0.5306599657221472,0.5306599657221472,0.1255972092780623,0.34374282499979053,106.2504,0.0
j1,2025,j1_2025_10251403_横浜FM_広島,第３５節第１日,2025-10-25,2025-10-25 14:03:00,横浜FM,広島,H,A,A,A,0,0,0,0.47586650409939507,0.2816652239551855,0.24246827194541953,0.47586650409939507,-74.1809,0.0
j1,2025,j1_2025_10251403_浦和_町田,第３５節第１日,2025-10-25,2025-10-25 14:03:00,浦和,町田,D,A,A,A,0,0,0,0.3484332834465147,0.3125427501284838,0.3390239664250015,0.3484332834465147,-17.61,0.0
j1,2025,j1_2025_10251403_清水_東京Ｖ,第３５節第１日,2025-10-25,2025-10-25 14:03:00,清水,東京Ｖ,H,D,D,D,0,0,0,0.367972667412884,0.2731754008655784,0.367972667412884,0.3588519317215376,-0.2767,0.0
j1,2025,j1_2025_10251404_FC東京_岡山,第３５節第１日,2025-10-25,2025-10-25 14:04:00,FC東京,岡山,H,H,H,H,1,1,1,0.3834590093914231,0.3834590093914231,0.31067306985283777,0.30586792075573904,19.9929,0.0
j1,2025,j1_2025_10251404_名古屋_Ｇ大阪,第３５節第１日,2025-10-25,2025-10-25 14:04:00,名古屋,Ｇ大阪,A,A,A,A,1,1,1,0.35226933811218303,0.3251260477961697,0.3226046140916474,0.35226933811218303,-27.2551,0.0
j1,2025,j1_2025_10251503_Ｃ大阪_川崎Ｆ,第３５節第１日,2025-10-25,2025-10-25 15:03:00,Ｃ大阪,川崎Ｆ,H,A,A,A,0,0,0,0.3629819971054373,0.3217983667159086,0.31521963617865406,0.3629819971054373,-31.5063,0.0
j1,2025,j1_2025_10261403_新潟_神戸,第３５節第２日,2025-10-26,2025-10-26 14:03:00,新潟,神戸,D,A,A,A,0,0,0,0.6267703617858956,0.2164207289217519,0.15680890929235256,0.6267703617858956,-131.1105,0.0
j1,2025,j1_2025_10261443_福岡_湘南,第３５節第２日,2025-10-26,2025-10-26 14:43:00,福岡,湘南,H,H,H,H,1,1,1,0.46479716392535003,0.46479716392535003,0.20163096723929105,0.33357186883535894,63.7802,0.0
j1,2025,j1_2025_11081403_東京Ｖ_福岡,第３６節第１日,2025-11-08,2025-11-08 14:03:00,東京Ｖ,福岡,D,A,A,A,0,0,0,0.3537663173786479,0.2932085844396381,0.35302509818171396,0.3537663173786479,-9.26,0.0
j1,2025,j1_2025_11081403_鹿島_横浜FC,第３６節第１日,2025-11-08,2025-11-08 14:03:00,鹿島,横浜FC,H,H,H,H,1,1,1,0.5379213914711325,0.5379213914711325,0.11805496504048772,0.3440236434883797,111.5441,0.0
j1,2025,j1_2025_11081503_川崎Ｆ_岡山,第３６節第１日,2025-11-08,2025-11-08 15:03:00,川崎Ｆ,岡山,D,H,H,H,0,0,0,0.45903310088967897,0.45903310088967897,0.20886214856922272,0.3321047505410985,60.4356,0.0
j1,2025,j1_2025_11081503_湘南_新潟,第３６節第１日,2025-11-08,2025-11-08 15:03:00,湘南,新潟,H,D,D,D,0,0,0,0.358034123660939,0.28642503649665074,0.358034123660939,0.35554083984241036,-6.2589,0.0
j1,2025,j1_2025_11081603_柏_名古屋,第３６節第１日,2025-11-08,2025-11-08 16:03:00,柏,名古屋,H,H,H,H,1,1,1,0.4979372592593209,0.4979372592593209,0.16176562442788098,0.3402971163127982,84.0496,0.0
j1,2025,j1_2025_11091301_広島_浦和,第３６節第２日,2025-11-09,2025-11-09 13:01:00,広島,浦和,H,H,H,H,1,1,1,0.38317651292610605,0.38317651292610605,0.3110758049965974,0.3057476820772965,19.8504,0.0
j1,2025,j1_2025_11091403_京都_横浜FM,第３６節第２日,2025-11-09,2025-11-09 14:03:00,京都,横浜FM,A,H,H,H,0,0,0,0.47521046663092614,0.47521046663092614,0.18878311072128076,0.33600642264779307,69.9485,0.0
j1,2025,j1_2025_11091403_町田_FC東京,第３６節第２日,2025-11-09,2025-11-09 14:03:00,町田,FC東京,A,H,H,H,0,0,0,0.4069207769748884,0.4069207769748884,0.2777688965624872,0.31531032646262436,32.003,0.0
j1,2025,j1_2025_11091503_清水_Ｃ大阪,第３６節第２日,2025-11-09,2025-11-09 15:03:00,清水,Ｃ大阪,A,A,A,A,1,1,1,0.3485244799607712,0.31222362515686575,0.33925189488236296,0.3485244799607712,-17.4744,0.0
j1,2025,j1_2025_11091503_Ｇ大阪_神戸,第３６節第２日,2025-11-09,2025-11-09 15:03:00,Ｇ大阪,神戸,D,A,A,A,0,0,0,0.34520405553470473,0.3272680633581592,0.327527881107136,0.34520405553470473,-24.4213,0.0
j1,2025,j1_2025_11301402_神戸_FC東京,第３７節第１日,2025-11-30,2025-11-30 14:02:00,神戸,FC東京,D,H,H,H,0,0,0,0.41435450056906536,0.41435450056906536,0.26757474319224145,0.3180707562386931,35.893,0.0
j1,2025,j1_2025_11301403_岡山_浦和,第３７節第１日,2025-11-30,2025-11-30 14:03:00,岡山,浦和,A,A,A,A,1,1,1,0.3859140367577799,0.3143672944386309,0.2997186688035892,0.3859140367577799,-40.4455,0.0
j1,2025,j1_2025_11301403_川崎Ｆ_広島,第３７節第１日,2025-11-30,2025-11-30 14:03:00,川崎Ｆ,広島,A,A,A,A,1,1,1,0.34897483381105016,0.3106423551614616,0.3403828110274883,0.34897483381105016,-16.8017,0.0
j1,2025,j1_2025_11301403_新潟_柏,第３７節第１日,2025-11-30,2025-11-30 14:03:00,新潟,柏,A,A,A,A,1,1,1,0.6866298183797015,0.18741398210536794,0.12595619951493062,0.6866298183797015,-155.9468,0.0
j1,2025,j1_2025_11301403_横浜FC_京都,第３７節第１日,2025-11-30,2025-11-30 14:03:00,横浜FC,京都,A,A,A,A,1,1,1,0.5346067908615988,0.2576771652435575,0.2077160438948436,0.5346067908615988,-95.8785,0.0
j1,2025,j1_2025_11301403_湘南_清水,第３７節第１日,2025-11-30,2025-11-30 14:03:00,湘南,清水,H,A,A,A,0,0,0,0.4527950820196455,0.2905476986853891,0.2566572192949653,0.4527950820196455,-65.6515,0.0
j1,2025,j1_2025_11301403_町田_名古屋,第３７節第１日,2025-11-30,2025-11-30 14:03:00,町田,名古屋,H,H,H,H,1,1,1,0.43815296815220034,0.43815296815220034,0.2357342451113071,0.32611278673649247,48.6884,0.0
j1,2025,j1_2025_11301403_福岡_Ｇ大阪,第３７節第１日,2025-11-30,2025-11-30 14:03:00,福岡,Ｇ大阪,H,A,A,A,0,0,0,0.36453957415077526,0.32130671533757416,0.31415371051165075,0.36453957415077526,-32.1201,0.0
j1,2025,j1_2025_11301404_横浜FM_Ｃ大阪,第３７節第１日,2025-11-30,2025-11-30 14:04:00,横浜FM,Ｃ大阪,H,A,A,A,0,0,0,0.3579809879756746,0.3233636178863058,0.3186553941380197,0.3579809879756746,-29.5283,0.0
j1,2025,j1_2025_11301405_東京Ｖ_鹿島,第３７節第１日,2025-11-30,2025-11-30 14:05:00,東京Ｖ,鹿島,A,A,A,A,1,1,1,0.5040220178795956,0.2704050807383944,0.22557290138201008,0.5040220178795956,-84.5626,0.0
j1,2025,j1_2025_12061403_FC東京_新潟,第３８節第１日,2025-12-06,2025-12-06 14:03:00,FC東京,新潟,D,H,H,H,0,0,0,0.521021265872603,0.521021265872603,0.1358904873693132,0.34308824675808375,99.444,0.0
j1,2025,j1_2025_12061403_京都_神戸,第３８節第１日,2025-12-06,2025-12-06 14:03:00,京都,神戸,H,D,D,D,0,0,0,0.3632114481209251,0.3474409335170228,0.3632114481209251,0.2893476183620522,2.1265,0.0
j1,2025,j1_2025_12061403_名古屋_福岡,第３８節第１日,2025-12-06,2025-12-06 14:03:00,名古屋,福岡,H,A,A,A,0,0,0,0.3544867745731733,0.3244450499036121,0.32106817552321465,0.3544867745731733,-28.1395,0.0
j1,2025,j1_2025_12061403_広島_湘南,第３８節第１日,2025-12-06,2025-12-06 14:03:00,広島,湘南,H,H,H,H,1,1,1,0.5461834403819593,0.5461834403819593,0.10970487592989951,0.34411168368814116,117.7546,0.0
j1,2025,j1_2025_12061403_清水_岡山,第３８節第１日,2025-12-06,2025-12-06 14:03:00,清水,岡山,A,H,H,H,0,0,0,0.37627622189701815,0.37627622189701815,0.3209600220075568,0.30276375609542505,16.3839,0.0
j1,2025,j1_2025_12061403_鹿島_横浜FM,第３８節第１日,2025-12-06,2025-12-06 14:03:00,鹿島,横浜FM,H,H,H,H,1,1,1,0.47935446084358796,0.47935446084358796,0.18374991230573307,0.3368956268506789,72.4514,0.0
j1,2025,j1_2025_12061403_Ｃ大阪_横浜FC,第３８節第１日,2025-12-06,2025-12-06 14:03:00,Ｃ大阪,横浜FC,A,H,H,H,0,0,0,0.47624539718552317,0.47624539718552317,0.18752178912949052,0.3362328136849864,70.5709,0.0
j1,2025,j1_2025_12061403_Ｇ大阪_東京Ｖ,第３８節第１日,2025-12-06,2025-12-06 14:03:00,Ｇ大阪,東京Ｖ,H,H,H,H,1,1,1,0.41754979205790343,0.41754979205790343,0.2632283909470283,0.31922181699506824,37.5794,0.0
j1,2025,j1_2025_12061404_浦和_川崎Ｆ,第３８節第１日,2025-12-06,2025-12-06 14:04:00,浦和,川崎Ｆ,H,D,D,D,0,0,0,0.36254985238806237,0.2803701846274405,0.36254985238806237,0.3570799629844972,-3.5457,0.0
j1,2025,j1_2025_12061405_柏_町田,第３８節第１日,2025-12-06,2025-12-06 14:05:00,柏,町田,H,H,H,H,1,1,1,0.4272217856835504,0.4272217856835504,0.2502052262015221,0.3225729881149276,42.7414,0.0
