match_id,home_elo,away_elo,home_advantage_diff_input,hfa_enabled,matchup_bias_enabled,matchup_bias_coef,matchup_bias,home_advantage_profile_diff_raw,home_advantage_profile_diff_clipped,HFA_base,HFA_multiplier,hfa_clip_min,hfa_clip_max,elo_diff_scale_factor,hfa_added_to_diff,hfa_added_to_diff_raw,HFA_applied,elo_diff_before_hfa,elo_diff_after_hfa,diff_raw_no_hfa,elo_diff_raw,elo_diff_scaled,elo_diff_for_prob,elo_diff,expected_home,draw_model_input,draw_model_output,draw_model_poi,draw_model_elo,absence_home_score,absence_away_score,absence_diff_for_prob,absence_adjust_for_prob,elo_diff_effective_for_multinom,hda_model_mode_effective,prob_home_win,prob_draw,prob_away_win,prob_home_win_before_signfix,prob_away_win_before_signfix,elo_sign_fix_applied,elo_sign_fix_reason,predicted_result,decision_reason,argmax_result,argmax_max_prob,prob_home_win_raw,prob_draw_raw,prob_away_win_raw,base_prob_home,base_prob_draw,base_prob_away,prob_home_win_cal,prob_draw_cal,prob_away_win_cal,final_prob_home,final_prob_draw,final_prob_away,delta_prob_home,delta_prob_draw,delta_prob_away,residue_detected,predicted_result_cal,decision_reason_cal,argmax_result_cal,argmax_max_prob_cal,phase
j2_2026_05091400_札幌_大宮,1512.4780629736726,1515.287004160133,0.1620553359683794,True,False,60.0,0.0,0.1620553359683794,0.1620553359683794,12.0,1.0,,,1.15,4.199999999999999,12.0,4.199999999999999,-2.808941186460288,1.3910588135397113,-2.808941186460288,1.3910588135397113,1.1634310076877585,1.1634310076877585,1.1634310076877585,0.5012176789085756,1.1583601076877585,0.3407345003838118,,,0.100709,0.05,-0.050709000000000004,-0.005070900000000001,1.1583601076877585,multinom,0.33276986456570573,0.3407345003838118,0.3264956350504825,0.33276986456570573,0.3264956350504825,False,,D,ARGMAX,D,0.3407345003838118,0.33276986456570573,0.3407345003838118,0.3264956350504825,0.33276986456570573,0.3407345003838118,0.3264956350504825,0.33276986456570573,0.3407345003838118,0.3264956350504825,0.33276986456570573,0.3407345003838118,0.3264956350504825,0.0,0.0,0.0,False,D,ARGMAX,D,0.3407345003838118,prediction
j2_2026_05091400_いわき_甲府,1528.5666172501367,1450.442015504887,0.30434782608695654,True,False,60.0,0.0,0.30434782608695654,0.30434782608695654,12.0,1.0,,,1.15,4.199999999999999,12.0,4.199999999999999,78.12460174524972,82.32460174524972,78.12460174524972,82.32460174524972,68.85330327784521,68.85330327784521,68.85330327784521,0.5715690257296486,68.84496997784521,0.3280649304442337,,,0.15000000000000002,0.066667,-0.08333300000000002,-0.008333300000000002,68.84496997784521,multinom,0.44622086367127994,0.3280649304442337,0.22571420588448646,0.44622086367127994,0.22571420588448646,False,,H,ARGMAX,H,0.44622086367127994,0.44622086367127994,0.3280649304442337,0.22571420588448646,0.4462208636712799,0.3280649304442337,0.22571420588448643,0.4462208636712799,0.3280649304442337,0.22571420588448643,0.4462208636712799,0.3280649304442337,0.22571420588448643,0.0,0.0,0.0,False,H,ARGMAX,H,0.4462208636712799,prediction
j2_2026_05101400_八戸_仙台,1456.4938372660424,1564.9253257951066,-1.026086956521739,True,False,60.0,0.0,-1.026086956521739,-0.8,12.0,1.0,,,1.15,4.199999999999999,12.0,4.199999999999999,-108.43148852906415,-104.23148852906415,-108.43148852906415,-104.23148852906415,-87.17542676976274,-87.17542676976274,-87.17542676976274,0.40975905373054505,87.17542676976274,0.3215171188985472,,,0.05,0.05,0.0,0.0,-87.17542676976274,multinom,0.2037914518051433,0.3215171188985472,0.47469142929630953,0.2037914518051433,0.47469142929630953,False,,A,ARGMAX,A,0.47469142929630953,0.2037914518051433,0.3215171188985472,0.47469142929630953,0.2037914518051433,0.3215171188985472,0.47469142929630953,0.2037914518051433,0.3215171188985472,0.47469142929630953,0.2037914518051433,0.3215171188985472,0.47469142929630953,0.0,0.0,0.0,False,A,ARGMAX,A,0.47469142929630953,prediction
j2_2026_05101400_湘南_横浜FC,1535.400502888043,1485.7311711603131,0.25,True,False,60.0,0.0,0.25,0.25,12.0,1.0,,,1.15,4.199999999999999,12.0,4.199999999999999,49.66933172772997,53.86933172772997,49.66933172772997,53.86933172772997,45.05435017228324,45.05435017228324,45.05435017228324,0.5470159048745504,45.054132772283246,0.33516106076667634,,,0.052174,0.05,-0.0021739999999999954,-0.00021739999999999954,45.054132772283246,multinom,0.4057683807491962,0.33516106076667634,0.2590705584841275,0.4057683807491962,0.2590705584841275,False,,H,ARGMAX,H,0.4057683807491962,0.4057683807491962,0.33516106076667634,0.2590705584841275,0.4057683807491962,0.33516106076667634,0.2590705584841275,0.4057683807491962,0.33516106076667634,0.2590705584841275,0.4057683807491962,0.33516106076667634,0.2590705584841275,0.0,0.0,0.0,False,H,ARGMAX,H,0.4057683807491962,prediction
j2_2026_05101400_大分_鳥栖,1438.0679426208062,1497.6676438309348,-0.03947368421052633,True,False,60.0,0.0,-0.03947368421052633,-0.03947368421052633,12.0,1.0,,,1.15,4.199999999999999,12.0,4.199999999999999,-59.599701210128615,-55.39970121012861,-59.599701210128615,-55.39970121012861,-46.33429555756211,-46.33429555756211,-46.33429555756211,0.45165664899350677,46.33429555756211,0.3352312355006015,,,0.05,0.05,0.0,0.0,-46.33429555756211,multinom,0.25949603207881405,0.3352312355006015,0.4052727324205845,0.25949603207881405,0.4052727324205845,False,,A,ARGMAX,A,0.4052727324205845,0.25949603207881405,0.3352312355006015,0.4052727324205845,0.25949603207881405,0.3352312355006015,0.4052727324205845,0.25949603207881405,0.3352312355006015,0.4052727324205845,0.25949603207881405,0.3352312355006015,0.4052727324205845,0.0,0.0,0.0,False,A,ARGMAX,A,0.4052727324205845,prediction
j2_2026_05161400_栃木Ｃ_山形,1477.608069020078,1498.1322981246904,-1.0916666666666668,True,False,60.0,0.0,-1.0916666666666668,-0.8,12.0,1.0,,,1.15,4.199999999999999,12.0,4.199999999999999,-20.52422910461246,-16.32422910461246,-20.52422910461246,-16.32422910461246,-13.652991614766783,-13.652991614766783,-13.652991614766783,0.485714264206874,13.652991614766783,0.3402997571314618,,,0.05,0.05,0.0,0.0,-13.652991614766783,multinom,0.3091072845728795,0.3402997571314618,0.35059295829565873,0.3091072845728795,0.35059295829565873,False,,A,ARGMAX,A,0.35059295829565873,0.3091072845728795,0.3402997571314618,0.35059295829565873,0.3091072845728795,0.3402997571314618,0.35059295829565873,0.3091072845728795,0.3402997571314618,0.35059295829565873,0.3091072845728795,0.3402997571314618,0.35059295829565873,0.0,0.0,0.0,False,A,ARGMAX,A,0.35059295829565873,prediction
j2_2026_05161400_湘南_仙台,1535.400502888043,1564.9253257951066,-0.326086956521739,True,False,60.0,0.0,-0.326086956521739,-0.326086956521739,12.0,1.0,,,1.15,4.199999999999999,12.0,4.199999999999999,-29.52482290706348,-25.32482290706348,-29.52482290706348,-25.32482290706348,-21.180760976816728,-21.180760976816728,-21.180760976816728,0.47784610333803174,21.177500076816727,0.3396288607326616,,,0.017391,0.05,0.032609,0.0032609,-21.177500076816727,multinom,0.29734420618476076,0.3396288607326616,0.36302693308257766,0.29734420618476076,0.36302693308257766,False,,A,ARGMAX,A,0.36302693308257766,0.29734420618476076,0.3396288607326616,0.36302693308257766,0.29734420618476076,0.3396288607326616,0.36302693308257766,0.29734420618476076,0.3396288607326616,0.36302693308257766,0.29734420618476076,0.3396288607326616,0.36302693308257766,0.0,0.0,0.0,False,A,ARGMAX,A,0.36302693308257766,prediction
j2_2026_05161430_磐田_藤枝,1541.050932613245,1473.9677464979254,0.6521739130434783,True,False,60.0,0.0,0.6521739130434783,0.6521739130434783,12.0,1.0,,,1.15,4.199999999999999,12.0,4.199999999999999,67.08318611531968,71.28318611531968,67.08318611531968,71.28318611531968,59.61866475099464,59.61866475099464,59.61866475099464,0.562076723992664,59.62377115099464,0.3311345789498388,,,0.0,0.051064,0.051064,0.0051064000000000005,59.62377115099464,multinom,0.43052236626465046,0.3311345789498388,0.23834305478551066,0.43052236626465046,0.23834305478551066,False,,H,ARGMAX,H,0.43052236626465046,0.43052236626465046,0.3311345789498388,0.23834305478551066,0.4305223662646505,0.33113457894983883,0.23834305478551068,0.4305223662646505,0.33113457894983883,0.23834305478551068,0.4305223662646505,0.33113457894983883,0.23834305478551068,0.0,0.0,0.0,False,H,ARGMAX,H,0.4305223662646505,prediction
j2_2026_05171400_富山_徳島,1488.4197213196762,1531.4095900881307,-0.47619047619047605,True,False,60.0,0.0,-0.47619047619047605,-0.47619047619047605,12.0,1.0,,,1.15,4.199999999999999,12.0,4.199999999999999,-42.98986876845447,-38.78986876845447,-42.98986876845447,-38.78986876845447,-32.442435697252826,-32.442435697252826,-32.442435697252826,0.46609688930001486,32.43743569725282,0.3380655714464906,,,0.05,0.1,0.05,0.005000000000000001,-32.43743569725282,multinom,0.28010689069479244,0.3380655714464906,0.381827537858717,0.28010689069479244,0.381827537858717,False,,A,ARGMAX,A,0.381827537858717,0.28010689069479244,0.3380655714464906,0.381827537858717,0.28010689069479244,0.3380655714464906,0.381827537858717,0.28010689069479244,0.3380655714464906,0.381827537858717,0.28010689069479244,0.3380655714464906,0.381827537858717,0.0,0.0,0.0,False,A,ARGMAX,A,0.381827537858717,prediction
j2_2026_05171400_大分_宮崎,1438.0679426208062,1517.779308548259,0.21052631578947367,True,False,60.0,0.0,0.21052631578947367,0.21052631578947367,12.0,1.0,,,1.15,4.199999999999999,12.0,4.199999999999999,-79.71136592745279,-75.51136592745279,-79.71136592745279,-75.51136592745279,-63.154960593869596,-63.154960593869596,-63.154960593869596,0.43428254705212566,63.154960593869596,0.33051560458571944,,,0.05,0.05,0.0,0.0,-63.154960593869596,multinom,0.23562822223853563,0.33051560458571944,0.43385617317574493,0.23562822223853563,0.43385617317574493,False,,A,ARGMAX,A,0.43385617317574493,0.23562822223853563,0.33051560458571944,0.43385617317574493,0.23562822223853563,0.33051560458571944,0.43385617317574493,0.23562822223853563,0.33051560458571944,0.43385617317574493,0.23562822223853563,0.33051560458571944,0.43385617317574493,0.0,0.0,0.0,False,A,ARGMAX,A,0.43385617317574493,prediction
j2_2026_05231400_仙台_横浜FC,1564.9253257951066,1485.7311711603131,0.33333333333333326,True,False,60.0,0.0,0.33333333333333326,0.33333333333333326,12.0,1.0,,,1.15,4.199999999999999,12.0,4.199999999999999,79.19415463479345,83.39415463479345,79.19415463479345,83.39415463479345,69.74783842182724,69.74783842182724,69.74783842182724,0.5724858435795767,69.74783842182724,0.3277434495531919,,,0.05,0.05,0.0,0.0,69.74783842182724,multinom,0.44775769281945554,0.3277434495531919,0.22449885762735264,0.44775769281945554,0.22449885762735264,False,,H,ARGMAX,H,0.44775769281945554,0.44775769281945554,0.3277434495531919,0.22449885762735264,0.44775769281945554,0.3277434495531919,0.22449885762735264,0.44775769281945554,0.3277434495531919,0.22449885762735264,0.44775769281945554,0.3277434495531919,0.22449885762735264,0.0,0.0,0.0,False,H,ARGMAX,H,0.44775769281945554,prediction
j2_2026_05231400_札幌_磐田,1512.4780629736726,1541.050932613245,0.1620553359683794,True,False,60.0,0.0,0.1620553359683794,0.1620553359683794,12.0,1.0,,,1.15,4.199999999999999,12.0,4.199999999999999,-28.572869639572446,-24.372869639572446,-28.572869639572446,-24.372869639572446,-20.38458188036968,-20.38458188036968,-20.38458188036968,0.47867783265808683,20.39465278036968,0.339712701414861,,,0.100709,0.0,-0.100709,-0.0100709,-20.39465278036968,multinom,0.29855926514539716,0.339712701414861,0.36172803343974186,0.29855926514539716,0.36172803343974186,False,,A,ARGMAX,A,0.36172803343974186,0.29855926514539716,0.339712701414861,0.36172803343974186,0.29855926514539716,0.339712701414861,0.36172803343974186,0.29855926514539716,0.339712701414861,0.36172803343974186,0.29855926514539716,0.339712701414861,0.36172803343974186,0.0,0.0,0.0,False,A,ARGMAX,A,0.36172803343974186,prediction
j2_2026_05231400_藤枝_いわき,1473.9677464979254,1528.5666172501367,-0.17391304347826075,True,False,60.0,0.0,-0.17391304347826075,-0.17391304347826075,12.0,1.0,,,1.15,4.199999999999999,12.0,4.199999999999999,-54.59887075221127,-50.398870752211266,-54.59887075221127,-50.398870752211266,-42.15178281094033,-42.15178281094033,-42.15178281094033,0.4559968310041447,42.14688921094033,0.33618870484364743,,,0.051064,0.1,0.04893600000000001,0.004893600000000001,-42.14688921094033,multinom,0.26562524083438654,0.33618870484364743,0.3981860543219661,0.26562524083438654,0.3981860543219661,False,,A,ARGMAX,A,0.3981860543219661,0.26562524083438654,0.33618870484364743,0.3981860543219661,0.26562524083438654,0.33618870484364743,0.3981860543219661,0.26562524083438654,0.33618870484364743,0.3981860543219661,0.26562524083438654,0.33618870484364743,0.3981860543219661,0.0,0.0,0.0,False,A,ARGMAX,A,0.3981860543219661,prediction
j2_2026_05241400_秋田_栃木Ｃ,1513.6718887457266,1477.608069020078,-0.6333333333333333,True,False,60.0,0.0,-0.6333333333333333,-0.6333333333333333,12.0,1.0,,,1.15,4.199999999999999,12.0,4.199999999999999,36.06381972564873,40.26381972564873,36.06381972564873,40.26381972564873,33.67519467963348,33.67519467963348,33.67519467963348,0.5351871930710279,33.67308357963348,0.33757251408416306,,,0.071111,0.05,-0.02111099999999999,-0.002111099999999999,33.67308357963348,multinom,0.386546960757654,0.33757251408416306,0.275880525158183,0.386546960757654,0.275880525158183,False,,H,ARGMAX,H,0.386546960757654,0.386546960757654,0.33757251408416306,0.275880525158183,0.386546960757654,0.33757251408416306,0.275880525158183,0.386546960757654,0.33757251408416306,0.275880525158183,0.386546960757654,0.33757251408416306,0.275880525158183,0.0,0.0,0.0,False,H,ARGMAX,H,0.386546960757654,prediction
j2_2026_05241400_山形_湘南,1498.1322981246904,1535.400502888043,-1.1833333333333333,True,False,60.0,0.0,-1.1833333333333333,-0.8,12.0,1.0,,,1.15,4.199999999999999,12.0,4.199999999999999,-37.26820476335274,-33.06820476335274,-37.26820476335274,-33.06820476335274,-27.657043983895015,-27.657043983895015,-27.657043983895015,0.4710856157894528,27.660304883895016,0.33881008619877917,,,0.05,0.017391,-0.032609,-0.0032609,-27.660304883895016,multinom,0.2873641372356425,0.33881008619877917,0.37382577656557836,0.2873641372356425,0.37382577656557836,False,,A,ARGMAX,A,0.37382577656557836,0.2873641372356425,0.33881008619877917,0.37382577656557836,0.2873641372356425,0.33881008619877917,0.37382577656557836,0.2873641372356425,0.33881008619877917,0.37382577656557836,0.2873641372356425,0.33881008619877917,0.37382577656557836,0.0,0.0,0.0,False,A,ARGMAX,A,0.37382577656557836,prediction
j2_2026_05241400_徳島_今治,1531.4095900881307,1484.646546893538,0.09523809523809534,True,False,60.0,0.0,0.09523809523809534,0.09523809523809534,12.0,1.0,,,1.15,4.199999999999999,12.0,4.199999999999999,46.76304319459268,50.963043194592686,46.76304319459268,50.963043194592686,42.62363612638661,42.62363612638661,42.62363612638661,0.5444931569164064,42.618636126386605,0.33573225400178097,,,0.1,0.05,-0.05,-0.005000000000000001,42.618636126386605,multinom,0.40164398646301996,0.33573225400178097,0.262623759535199,0.40164398646301996,0.262623759535199,False,,H,ARGMAX,H,0.40164398646301996,0.40164398646301996,0.33573225400178097,0.262623759535199,0.40164398646301996,0.33573225400178097,0.262623759535199,0.40164398646301996,0.33573225400178097,0.262623759535199,0.40164398646301996,0.33573225400178097,0.262623759535199,0.0,0.0,0.0,False,H,ARGMAX,H,0.40164398646301996,prediction
j2_2026_02071403_栃木Ｃ_仙台,1500.0,1539.752991,-1.626086956521739,True,False,60.0,0.0,-1.626086956521739,-0.8,12.0,1.0,,,1.15,4.199999999999999,12.0,4.199999999999999,-39.752991000000065,-35.55299100000006,-39.752991000000065,-35.55299100000006,-29.735228836363685,-29.735228836363685,-29.735228836363685,0.46891835877452925,29.735228836363685,0.3385013438515387,,,0.05,0.05,0.0,0.0,-29.735228836363685,multinom,0.28420162597140064,0.3385013438515387,0.3772970301770607,0.28420162597140064,0.3772970301770607,False,,A,ARGMAX,A,0.3772970301770607,0.28420162597140064,0.3385013438515387,0.3772970301770607,0.28420162597140064,0.3385013438515387,0.3772970301770607,0.28420162597140064,0.3385013438515387,0.3772970301770607,0.28420162597140064,0.3385013438515387,0.3772970301770607,0.0,0.0,0.0,False,A,ARGMAX,A,0.3772970301770607,backtest
j2_2026_02071403_横浜FC_山形,1500.0,1520.894169,-0.29166666666666674,True,False,60.0,0.0,-0.29166666666666674,-0.29166666666666674,12.0,1.0,,,1.15,4.199999999999999,12.0,4.199999999999999,-20.89416899999992,-16.69416899999992,-20.89416899999992,-16.69416899999992,-13.962395890909024,-13.962395890909024,-13.962395890909024,0.4853907029227186,13.962395890909024,0.3402781241865066,,,0.05,0.05,0.0,0.0,-13.962395890909024,multinom,0.3086199653578396,0.3402781241865066,0.3511019104556539,0.3086199653578396,0.3511019104556539,False,,A,ARGMAX,A,0.3511019104556539,0.3086199653578396,0.3402781241865066,0.3511019104556539,0.3086199653578396,0.3402781241865066,0.3511019104556539,0.3086199653578396,0.3402781241865066,0.3511019104556539,0.3086199653578396,0.3402781241865066,0.3511019104556539,0.0,0.0,0.0,False,A,ARGMAX,A,0.3511019104556539,backtest
j2_2026_02071404_湘南_秋田,1500.0,1471.315933,0.020000000000000018,True,False,60.0,0.0,0.020000000000000018,0.020000000000000018,12.0,1.0,,,1.15,4.199999999999999,12.0,4.199999999999999,28.684066999999914,32.88406699999992,28.684066999999914,32.88406699999992,27.503037854545383,27.503037854545383,27.503037854545383,0.5287537328868981,27.503037854545383,0.3386019178287762,,,0.05,0.05,0.0,0.0,27.503037854545383,multinom,0.3761929792930212,0.3386019178287762,0.28520510287820267,0.3761929792930212,0.28520510287820267,False,,H,ARGMAX,H,0.3761929792930212,0.3761929792930212,0.3386019178287762,0.28520510287820267,0.3761929792930212,0.3386019178287762,0.28520510287820267,0.3761929792930212,0.3386019178287762,0.28520510287820267,0.3761929792930212,0.3386019178287762,0.28520510287820267,0.0,0.0,0.0,False,H,ARGMAX,H,0.3761929792930212,backtest
j2_2026_02081405_いわき_札幌,1537.889103,1501.24652,0.35507246376811596,True,False,60.0,0.0,0.35507246376811596,0.35507246376811596,12.0,1.0,,,1.15,4.199999999999999,12.0,4.199999999999999,36.64258300000006,40.84258300000006,36.64258300000006,40.84258300000006,34.15925123636369,34.15925123636369,34.15925123636369,0.5356912757659498,34.15925123636369,0.337483019752853,,,0.05,0.05,0.0,0.0,34.15925123636369,multinom,0.3873650372448329,0.337483019752853,0.2751519430023141,0.3873650372448329,0.2751519430023141,False,,H,ARGMAX,H,0.3873650372448329,0.3873650372448329,0.337483019752853,0.2751519430023141,0.3873650372448329,0.337483019752853,0.2751519430023141,0.3873650372448329,0.337483019752853,0.2751519430023141,0.3873650372448329,0.337483019752853,0.2751519430023141,0.0,0.0,0.0,False,H,ARGMAX,H,0.3873650372448329,backtest
j2_2026_02141403_大宮_札幌,1533.870489,1492.2972853011283,0.4166666666666665,True,False,60.0,0.0,0.4166666666666665,0.4166666666666665,12.0,1.0,,,1.15,4.199999999999999,12.0,4.199999999999999,41.573203698871566,45.77320369887157,41.573203698871566,45.77320369887157,38.28304309360168,38.28304309360168,38.28304309360168,0.539982615022658,38.28304309360168,0.3366750928319044,,,0.05,0.05,0.0,0.0,38.28304309360168,multinom,0.3943158675520589,0.3366750928319044,0.2690090396160366,0.3943158675520589,0.2690090396160366,False,,H,ARGMAX,H,0.3943158675520589,0.3943158675520589,0.3366750928319044,0.2690090396160366,0.39431586755205894,0.33667509283190444,0.26900903961603667,0.39431586755205894,0.33667509283190444,0.26900903961603667,0.39431586755205894,0.33667509283190444,0.26900903961603667,0.0,0.0,0.0,False,H,ARGMAX,H,0.39431586755205894,backtest
j2_2026_02141403_横浜FC_仙台,1490.6006585845707,1548.613774977889,-0.826086956521739,True,False,60.0,0.0,-0.826086956521739,-0.8,12.0,1.0,,,1.15,4.199999999999999,12.0,4.199999999999999,-58.01311639331834,-53.81311639331834,-58.01311639331834,-53.81311639331834,-45.007333710775335,-45.007333710775335,-45.007333710775335,0.45303286929293046,45.007333710775335,0.33554418927357865,,,0.05,0.05,0.0,0.0,-45.007333710775335,multinom,0.26143053508292324,0.33554418927357865,0.40302527564349805,0.26143053508292324,0.40302527564349805,False,,A,ARGMAX,A,0.40302527564349805,0.26143053508292324,0.33554418927357865,0.40302527564349805,0.26143053508292324,0.33554418927357865,0.40302527564349805,0.26143053508292324,0.33554418927357865,0.40302527564349805,0.26143053508292324,0.33554418927357865,0.40302527564349805,0.0,0.0,0.0,False,A,ARGMAX,A,0.40302527564349805,backtest
j2_2026_02151403_徳島_新潟,1559.805034,1500.0,0.6666666666666667,True,False,60.0,0.0,0.6666666666666667,0.6666666666666667,12.0,1.0,,,1.15,4.199999999999999,12.0,4.199999999999999,59.80503399999998,64.00503399999998,59.80503399999998,64.00503399999998,53.531482981818165,53.531482981818165,53.531482981818165,0.5557943043258499,53.531482981818165,0.3329436033566065,,,0.05,0.05,0.0,0.0,53.531482981818165,multinom,0.42015855853506223,0.3329436033566065,0.24689783810833127,0.42015855853506223,0.24689783810833127,False,,H,ARGMAX,H,0.42015855853506223,0.42015855853506223,0.3329436033566065,0.24689783810833127,0.42015855853506223,0.3329436033566065,0.24689783810833127,0.42015855853506223,0.3329436033566065,0.24689783810833127,0.42015855853506223,0.3329436033566065,0.24689783810833127,0.0,0.0,0.0,False,H,ARGMAX,H,0.42015855853506223,backtest
j2_2026_02151403_栃木Ｃ_秋田,1491.139216022111,1482.1396561502545,-1.28,True,False,60.0,0.0,-1.28,-0.8,12.0,1.0,,,1.15,4.199999999999999,12.0,4.199999999999999,8.99955987185649,13.19955987185649,8.99955987185649,13.19955987185649,11.039631892825428,11.039631892825428,11.039631892825428,0.5115523490657101,11.039631892825428,0.340368760537709,,,0.05,0.05,0.0,0.0,11.039631892825428,multinom,0.34888265933217816,0.340368760537709,0.3107485801301129,0.34888265933217816,0.3107485801301129,False,,H,ARGMAX,H,0.34888265933217816,0.34888265933217816,0.340368760537709,0.3107485801301129,0.34888265933217816,0.340368760537709,0.3107485801301129,0.34888265933217816,0.340368760537709,0.3107485801301129,0.34888265933217816,0.340368760537709,0.3107485801301129,0.0,0.0,0.0,False,H,ARGMAX,H,0.34888265933217816,backtest
j2_2026_02211403_宮崎_鳥栖,1500.0,1519.99297,1.75,True,False,60.0,0.0,1.75,0.8,12.0,1.0,,,1.15,4.199999999999999,12.0,4.199999999999999,-19.992970000000014,-15.792970000000015,-19.992970000000014,-15.792970000000015,-13.20866581818183,-13.20866581818183,-13.20866581818183,0.4861789413171856,13.20866581818183,0.34032992783134147,,,0.05,0.05,0.0,0.0,-13.20866581818183,multinom,0.30980763717557236,0.34032992783134147,0.3498624349930861,0.30980763717557236,0.3498624349930861,False,,A,ARGMAX,A,0.3498624349930861,0.30980763717557236,0.34032992783134147,0.3498624349930861,0.30980763717557236,0.34032992783134147,0.3498624349930861,0.30980763717557236,0.34032992783134147,0.3498624349930861,0.30980763717557236,0.34032992783134147,0.3498624349930861,0.0,0.0,0.0,False,A,ARGMAX,A,0.3498624349930861,backtest
j2_2026_02211403_湘南_八戸,1489.1762768497456,1500.0,0.8333333333333334,True,False,60.0,0.0,0.8333333333333334,0.8,12.0,1.0,,,1.15,4.199999999999999,12.0,4.199999999999999,-10.82372315025441,-6.62372315025441,-10.82372315025441,-6.62372315025441,-5.539841180212779,-5.539841180212779,-5.539841180212779,0.4942020981975637,5.539841180212779,0.3406838966959833,,,0.05,0.05,0.0,0.0,-5.539841180212779,multinom,0.3219904746457069,0.3406838966959833,0.33732562865830984,0.3219904746457069,0.33732562865830984,False,,D,ARGMAX,D,0.3406838966959833,0.3219904746457069,0.3406838966959833,0.33732562865830984,0.3219904746457069,0.3406838966959833,0.33732562865830984,0.3219904746457069,0.3406838966959833,0.33732562865830984,0.3219904746457069,0.3406838966959833,0.33732562865830984,0.0,0.0,0.0,False,D,ARGMAX,D,0.3406838966959833,backtest
j2_2026_02211403_藤枝_甲府,1443.830711,1456.378303,0.0,True,False,60.0,0.0,0.0,0.0,12.0,1.0,,,1.15,4.199999999999999,12.0,4.199999999999999,-12.547591999999895,-8.347591999999896,-12.547591999999895,-8.347591999999896,-6.981622399999912,-6.981622399999912,-6.981622399999912,0.4926933476011421,6.9849556999999125,0.3406413353290867,,,0.05,0.016667,-0.033333,-0.0033333000000000004,-6.9849556999999125,multinom,0.3196813464334532,0.3406413353290867,0.33967731823746006,0.3196813464334532,0.33967731823746006,False,,D,ARGMAX,D,0.3406413353290867,0.3196813464334532,0.3406413353290867,0.33967731823746006,0.3196813464334532,0.3406413353290867,0.33967731823746006,0.3196813464334532,0.3406413353290867,0.33967731823746006,0.3196813464334532,0.3406413353290867,0.33967731823746006,0.0,0.0,0.0,False,D,ARGMAX,D,0.3406413353290867,backtest
j2_2026_02221403_徳島_富山,1568.1005084384074,1440.870345,0.43939393939393945,True,False,60.0,0.0,0.43939393939393945,0.43939393939393945,12.0,1.0,,,1.15,4.199999999999999,12.0,4.199999999999999,127.23016343840732,131.4301634384073,127.23016343840732,131.4301634384073,109.92340942121338,109.92340942121338,109.92340942121338,0.6130607597020836,109.92340942121338,0.31000614033293983,,,0.05,0.05,0.0,0.0,109.92340942121338,multinom,0.5155480181586778,0.31000614033293983,0.17444584150838238,0.5155480181586778,0.17444584150838238,False,,H,ARGMAX,H,0.5155480181586778,0.5155480181586778,0.31000614033293983,0.17444584150838238,0.5155480181586778,0.31000614033293983,0.17444584150838238,0.5155480181586778,0.31000614033293983,0.17444584150838238,0.5155480181586778,0.31000614033293983,0.17444584150838238,0.0,0.0,0.0,False,H,ARGMAX,H,0.5155480181586778,backtest
j2_2026_02221403_横浜FC_栃木Ｃ,1482.255063473359,1480.8802457836637,-0.8,True,False,60.0,0.0,-0.8,-0.8,12.0,1.0,,,1.15,4.199999999999999,12.0,4.199999999999999,1.3748176896954192,5.5748176896954185,1.3748176896954192,5.5748176896954185,4.662574795017986,4.662574795017986,4.662574795017986,0.5048798337900589,4.662574795017986,0.3406648162084313,,,0.05,0.05,0.0,0.0,4.662574795017986,multinom,0.3384566687193739,0.3406648162084313,0.32087851507219484,0.3384566687193739,0.32087851507219484,False,,D,ARGMAX,D,0.3406648162084313,0.3384566687193739,0.3406648162084313,0.32087851507219484,0.3384566687193739,0.3406648162084313,0.32087851507219484,0.3384566687193739,0.3406648162084313,0.32087851507219484,0.3384566687193739,0.3406648162084313,0.32087851507219484,0.0,0.0,0.0,False,D,ARGMAX,D,0.3406648162084313,backtest
j2_2026_02281303_仙台_八戸,1556.9593700891007,1489.6885689488586,0.9166666666666666,True,False,60.0,0.0,0.9166666666666666,0.8,12.0,1.0,,,1.15,4.199999999999999,12.0,4.199999999999999,67.27080114024216,71.47080114024216,67.27080114024216,71.47080114024216,59.775579135475255,59.775579135475255,59.775579135475255,0.5622384171573678,59.775579135475255,0.3310872459052634,,,0.05,0.05,0.0,0.0,59.775579135475255,multinom,0.4307807522545987,0.3310872459052634,0.23813200184013789,0.4307807522545987,0.23813200184013789,False,,H,ARGMAX,H,0.4307807522545987,0.4307807522545987,0.3310872459052634,0.23813200184013789,0.4307807522545987,0.3310872459052634,0.23813200184013789,0.4307807522545987,0.3310872459052634,0.23813200184013789,0.4307807522545987,0.3310872459052634,0.23813200184013789,0.0,0.0,0.0,False,H,ARGMAX,H,0.4307807522545987,backtest
j2_2026_02281403_栃木Ｃ_湘南,1470.9198160111046,1499.487707900887,-2.4,True,False,60.0,0.0,-2.4,-0.8,12.0,1.0,,,1.15,4.199999999999999,12.0,4.199999999999999,-28.56789188978246,-24.36789188978246,-28.56789188978246,-24.36789188978246,-20.380418671454418,-20.380418671454418,-20.380418671454418,0.478682182073344,20.380418671454418,0.3397141957493527,,,0.0,0.0,0.0,0.0,-20.380418671454418,multinom,0.29858137721375344,0.3397141957493527,0.3617044270368939,0.29858137721375344,0.3617044270368939,False,,A,ARGMAX,A,0.3617044270368939,0.29858137721375344,0.3397141957493527,0.3617044270368939,0.29858137721375344,0.3397141957493527,0.3617044270368939,0.29858137721375344,0.3397141957493527,0.3617044270368939,0.29858137721375344,0.3397141957493527,0.3617044270368939,0.0,0.0,0.0,False,A,ARGMAX,A,0.3617044270368939,backtest
j2_2026_03011403_いわき_藤枝,1546.8383376988716,1444.1917027970171,0.4782608695652175,True,False,60.0,0.0,0.4782608695652175,0.4782608695652175,12.0,1.0,,,1.15,4.199999999999999,12.0,4.199999999999999,102.64663490185444,106.84663490185444,102.64663490185444,106.84663490185444,89.3626400997328,89.3626400997328,89.3626400997328,0.5924537367067475,89.3593421997328,0.31988718412412465,,,0.05,0.017021,-0.032979,-0.0032979000000000003,89.3593421997328,multinom,0.48104806824677654,0.31988718412412465,0.19906474762909884,0.48104806824677654,0.19906474762909884,False,,H,ARGMAX,H,0.48104806824677654,0.48104806824677654,0.31988718412412465,0.19906474762909884,0.48104806824677654,0.31988718412412465,0.19906474762909884,0.48104806824677654,0.31988718412412465,0.19906474762909884,0.48104806824677654,0.31988718412412465,0.19906474762909884,0.0,0.0,0.0,False,H,ARGMAX,H,0.48104806824677654,backtest
j2_2026_03011403_今治_新潟,1505.804664,1491.7045255615926,0.09090909090909083,True,False,60.0,0.0,0.09090909090909083,0.09090909090909083,12.0,1.0,,,1.15,4.199999999999999,12.0,4.199999999999999,14.100138438407384,18.300138438407384,14.100138438407384,18.300138438407384,15.305570330304356,15.305570330304356,15.305570330304356,0.51601378393206,15.305237030304356,0.340049159030595,,,0.053333,0.05,-0.0033329999999999957,-0.0003332999999999996,15.305237030304356,multinom,0.35590786081798803,0.340049159030595,0.304042980151417,0.35590786081798803,0.304042980151417,False,,H,ARGMAX,H,0.35590786081798803,0.35590786081798803,0.340049159030595,0.304042980151417,0.35590786081798803,0.340049159030595,0.304042980151417,0.35590786081798803,0.340049159030595,0.304042980151417,0.35590786081798803,0.340049159030595,0.304042980151417,0.0,0.0,0.0,False,H,ARGMAX,H,0.35590786081798803,backtest
j2_2026_03071403_いわき_大宮,1533.966990025323,1542.6795942849283,-0.04347826086956519,True,False,60.0,0.0,-0.04347826086956519,-0.04347826086956519,12.0,1.0,,,1.15,4.199999999999999,12.0,4.199999999999999,-8.712604259605314,-4.512604259605315,-8.712604259605314,-4.512604259605315,-3.7741781080335355,-3.7741781080335355,-3.7741781080335355,0.49604991570429496,3.7722535080335353,0.3407206909294005,,,0.05,0.069246,0.019246,0.0019246,-3.7722535080335353,multinom,0.3248230086346435,0.3407206909294005,0.3344563004359561,0.3248230086346435,0.3344563004359561,False,,D,ARGMAX,D,0.3407206909294005,0.3248230086346435,0.3407206909294005,0.3344563004359561,0.3248230086346435,0.3407206909294005,0.3344563004359561,0.3248230086346435,0.3407206909294005,0.3344563004359561,0.3248230086346435,0.3407206909294005,0.3344563004359561,0.0,0.0,0.0,False,D,ARGMAX,D,0.3407206909294005,backtest
j2_2026_03071403_仙台_湘南,1555.0469989444493,1508.6673059421805,-1.0166666666666668,True,False,60.0,0.0,-1.0166666666666668,-0.8,12.0,1.0,,,1.15,4.199999999999999,12.0,4.199999999999999,46.37969300226882,50.579693002268826,46.37969300226882,50.579693002268826,42.30301596553392,42.30301596553392,42.30301596553392,0.5441602237729355,42.29801596553392,0.33580523081844244,,,0.05,0.0,-0.05,-0.005000000000000001,42.29801596553392,multinom,0.4011014282939919,0.33580523081844244,0.2630933408875656,0.4011014282939919,0.2630933408875656,False,,H,ARGMAX,H,0.4011014282939919,0.4011014282939919,0.33580523081844244,0.2630933408875656,0.4011014282939919,0.33580523081844244,0.2630933408875656,0.4011014282939919,0.33580523081844244,0.2630933408875656,0.4011014282939919,0.33580523081844244,0.2630933408875656,0.0,0.0,0.0,False,H,ARGMAX,H,0.4011014282939919,backtest
j2_2026_03071403_藤枝_磐田,1457.0630504705657,1548.577253,-0.34782608695652173,True,False,60.0,0.0,-0.34782608695652173,-0.34782608695652173,12.0,1.0,,,1.15,4.199999999999999,12.0,4.199999999999999,-91.51420252943421,-87.31420252943421,-91.51420252943421,-87.31420252943421,-73.02642393370861,-73.02642393370861,-73.02642393370861,0.4241582018184517,73.02812603370862,0.32712542805584965,,,0.017021,0.0,-0.017021,-0.0017021000000000002,-73.02812603370862,multinom,0.2222107478402521,0.32712542805584965,0.4506638241038983,0.2222107478402521,0.4506638241038983,False,,A,ARGMAX,A,0.4506638241038983,0.2222107478402521,0.32712542805584965,0.4506638241038983,0.2222107478402521,0.32712542805584965,0.4506638241038983,0.2222107478402521,0.32712542805584965,0.4506638241038983,0.2222107478402521,0.32712542805584965,0.4506638241038983,0.0,0.0,0.0,False,A,ARGMAX,A,0.4506638241038983,backtest
j2_2026_03081303_八戸_横浜FC,1491.60094009351,1492.2154932459182,-0.44999999999999996,True,False,60.0,0.0,-0.44999999999999996,-0.44999999999999996,12.0,1.0,,,1.15,4.199999999999999,12.0,4.199999999999999,-0.6145531524082344,3.585446847591765,-0.6145531524082344,3.585446847591765,2.998737363440385,2.998737363440385,2.998737363440385,0.5031385260286625,2.998737363440385,0.3407061361702235,,,0.05,0.05,0.0,0.0,2.998737363440385,multinom,0.3357526140718585,0.3407061361702235,0.323541249757918,0.3357526140718585,0.323541249757918,False,,D,ARGMAX,D,0.3407061361702235,0.3357526140718585,0.3407061361702235,0.323541249757918,0.3357526140718585,0.3407061361702235,0.323541249757918,0.3357526140718585,0.3407061361702235,0.323541249757918,0.3357526140718585,0.3407061361702235,0.323541249757918,0.0,0.0,0.0,False,D,ARGMAX,D,0.3407061361702235,backtest
j2_2026_03081403_山形_秋田,1530.2935104154292,1492.3986263887018,-0.06333333333333324,True,False,60.0,0.0,-0.06333333333333324,-0.06333333333333324,12.0,1.0,,,1.15,4.199999999999999,12.0,4.199999999999999,37.89488402672737,42.09488402672737,37.89488402672737,42.09488402672737,35.206630276899254,35.206630276899254,35.206630276899254,0.536781735509455,35.20163027689925,0.3372870352303327,,,0.05,0.0,-0.05,-0.005000000000000001,35.20163027689925,multinom,0.38912006867737736,0.3372870352303327,0.27359289609228993,0.38912006867737736,0.27359289609228993,False,,H,ARGMAX,H,0.38912006867737736,0.38912006867737736,0.3372870352303327,0.27359289609228993,0.38912006867737736,0.3372870352303327,0.27359289609228993,0.38912006867737736,0.3372870352303327,0.27359289609228993,0.38912006867737736,0.3372870352303327,0.27359289609228993,0.0,0.0,0.0,False,H,ARGMAX,H,0.38912006867737736,backtest
j2_2026_03141403_大宮_藤枝,1542.4288779284736,1459.6377706639971,0.5398550724637681,True,False,60.0,0.0,0.5398550724637681,0.5398550724637681,12.0,1.0,,,1.15,4.199999999999999,12.0,4.199999999999999,82.79110726447652,86.99110726447653,82.79110726447652,86.99110726447653,72.75619880301673,72.75619880301673,72.75619880301673,0.5755654561110468,72.75790090301673,0.3266452976575082,,,0.0,0.017021,0.017021,0.0017021000000000002,72.75790090301673,multinom,0.4528799357927498,0.3266452976575082,0.22047476654974185,0.4528799357927498,0.22047476654974185,False,,H,ARGMAX,H,0.4528799357927498,0.4528799357927498,0.3266452976575082,0.22047476654974185,0.4528799357927499,0.32664529765750827,0.22047476654974188,0.4528799357927499,0.32664529765750827,0.22047476654974188,0.4528799357927499,0.32664529765750827,0.22047476654974188,0.0,0.0,0.0,False,H,ARGMAX,H,0.4528799357927499,backtest
j2_2026_03141403_宮崎_大分,1510.5748096069574,1433.521925,2.142857142857143,True,False,60.0,0.0,2.142857142857143,0.8,12.0,1.0,,,1.15,4.199999999999999,12.0,4.199999999999999,77.05288460695738,81.25288460695738,77.05288460695738,81.25288460695738,67.9569580349098,67.9569580349098,67.9569580349098,0.5706498596108777,67.9569580349098,0.32837753094285327,,,0.05,0.05,0.0,0.0,67.9569580349098,multinom,0.44470918911400714,0.32837753094285327,0.22691327994313967,0.44470918911400714,0.22691327994313967,False,,H,ARGMAX,H,0.44470918911400714,0.44470918911400714,0.32837753094285327,0.22691327994313967,0.44470918911400714,0.32837753094285327,0.22691327994313967,0.44470918911400714,0.32837753094285327,0.22691327994313967,0.44470918911400714,0.32837753094285327,0.22691327994313967,0.0,0.0,0.0,False,H,ARGMAX,H,0.44470918911400714,backtest
j2_2026_03141403_湘南_山形,1509.9943475453988,1519.2071126090043,0.20833333333333326,True,False,60.0,0.0,0.20833333333333326,0.20833333333333326,12.0,1.0,,,1.15,4.199999999999999,12.0,4.199999999999999,-9.212765063605502,-5.012765063605503,-9.212765063605502,-5.012765063605503,-4.192494416833693,-4.192494416833693,-4.192494416833693,0.4956121239445501,4.187494416833693,0.340713557136552,,,0.0,0.05,0.05,0.005000000000000001,-4.187494416833693,multinom,0.32415679668524605,0.340713557136552,0.3351296461782019,0.32415679668524605,0.3351296461782019,False,,D,ARGMAX,D,0.340713557136552,0.32415679668524605,0.340713557136552,0.3351296461782019,0.32415679668524605,0.340713557136552,0.3351296461782019,0.32415679668524605,0.340713557136552,0.3351296461782019,0.32415679668524605,0.340713557136552,0.3351296461782019,0.0,0.0,0.0,False,D,ARGMAX,D,0.340713557136552,backtest
j2_2026_03141403_甲府_いわき,1456.017311202983,1534.2177063817776,-0.30797101449275366,True,False,60.0,0.0,-0.30797101449275366,-0.30797101449275366,12.0,1.0,,,1.15,4.199999999999999,12.0,4.199999999999999,-78.20039517879468,-74.00039517879468,-78.20039517879468,-74.00039517879468,-61.89123960408281,-61.89123960408281,-61.89123960408281,0.4355827949551619,61.895763404082814,0.3309156369799783,,,0.095238,0.05,-0.045238,-0.0045238000000000006,-61.895763404082814,multinom,0.2373717027622111,0.3309156369799783,0.43171266025781063,0.2373717027622111,0.43171266025781063,False,,A,ARGMAX,A,0.43171266025781063,0.2373717027622111,0.3309156369799783,0.43171266025781063,0.2373717027622111,0.3309156369799783,0.43171266025781063,0.2373717027622111,0.3309156369799783,0.43171266025781063,0.2373717027622111,0.3309156369799783,0.43171266025781063,0.0,0.0,0.0,False,A,ARGMAX,A,0.43171266025781063,backtest
j2_2026_03141403_磐田_札幌,1546.0025328065685,1483.4881800162,0.5289855072463767,True,False,60.0,0.0,0.5289855072463767,0.5289855072463767,12.0,1.0,,,1.15,4.199999999999999,12.0,4.199999999999999,62.51435279036855,66.71435279036855,62.51435279036855,66.71435279036855,55.79745869739915,55.79745869739915,55.79745869739915,0.558135153330478,55.80923169739915,0.33228804732686507,,,0.0,0.11773,0.11773,0.011773,55.80923169739915,multinom,0.4240317942078172,0.33228804732686507,0.2436801584653177,0.4240317942078172,0.2436801584653177,False,,H,ARGMAX,H,0.4240317942078172,0.4240317942078172,0.33228804732686507,0.2436801584653177,0.4240317942078172,0.33228804732686507,0.2436801584653177,0.4240317942078172,0.33228804732686507,0.2436801584653177,0.4240317942078172,0.33228804732686507,0.2436801584653177,0.0,0.0,0.0,False,H,ARGMAX,H,0.4240317942078172,backtest
j2_2026_03151303_八戸_栃木Ｃ,1491.6186283366574,1461.740217969811,-1.0,True,False,60.0,0.0,-1.0,-0.8,12.0,1.0,,,1.15,4.199999999999999,12.0,4.199999999999999,29.87841036684631,34.07841036684631,29.87841036684631,34.07841036684631,28.501943215907822,28.501943215907822,28.501943215907822,0.5297956324616251,28.496943215907823,0.3384494794098981,,,0.05,0.0,-0.05,-0.005000000000000001,28.496943215907823,multinom,0.3778570983031803,0.3384494794098981,0.2836934222869216,0.3778570983031803,0.2836934222869216,False,,H,ARGMAX,H,0.3778570983031803,0.3778570983031803,0.3384494794098981,0.2836934222869216,0.3778570983031803,0.3384494794098981,0.2836934222869216,0.3778570983031803,0.3384494794098981,0.2836934222869216,0.3778570983031803,0.3384494794098981,0.2836934222869216,0.0,0.0,0.0,False,H,ARGMAX,H,0.3778570983031803,backtest
j2_2026_03201403_新潟_富山,1502.110137509961,1454.3769604176496,0.7727272727272727,True,False,60.0,0.0,0.7727272727272727,0.7727272727272727,12.0,1.0,,,1.15,4.199999999999999,12.0,4.199999999999999,47.73317709231151,51.93317709231151,47.73317709231151,51.93317709231151,43.43502084084235,43.43502084084235,43.43502084084235,0.5453355234451689,43.437520840842346,0.3355435206148316,,,0.05,0.07500000000000001,0.02500000000000001,0.002500000000000001,43.437520840842346,multinom,0.4030301444127631,0.3355435206148316,0.26142633497240525,0.4030301444127631,0.26142633497240525,False,,H,ARGMAX,H,0.4030301444127631,0.4030301444127631,0.3355435206148316,0.26142633497240525,0.4030301444127631,0.3355435206148316,0.26142633497240525,0.4030301444127631,0.3355435206148316,0.26142633497240525,0.4030301444127631,0.3355435206148316,0.26142633497240525,0.0,0.0,0.0,False,H,ARGMAX,H,0.4030301444127631,backtest
j2_2026_03211403_札幌_甲府,1495.268318353964,1448.2308455728773,0.5098814229249011,True,False,60.0,0.0,0.5098814229249011,0.5098814229249011,12.0,1.0,,,1.15,4.199999999999999,12.0,4.199999999999999,47.03747278108676,51.237472781086765,47.03747278108676,51.237472781086765,42.85315905327256,42.85315905327256,42.85315905327256,0.5447314699547786,42.86768285327256,0.33567521123689414,,,0.0,0.145238,0.145238,0.014523800000000002,42.86768285327256,multinom,0.40206549282669574,0.33567521123689414,0.26225929593641023,0.40206549282669574,0.26225929593641023,False,,H,ARGMAX,H,0.40206549282669574,0.40206549282669574,0.33567521123689414,0.26225929593641023,0.4020654928266957,0.33567521123689414,0.26225929593641023,0.4020654928266957,0.33567521123689414,0.26225929593641023,0.4020654928266957,0.33567521123689414,0.26225929593641023,0.0,0.0,0.0,False,H,ARGMAX,H,0.4020654928266957,backtest
j2_2026_03211403_磐田_大宮,1534.2223944688044,1530.0900600435,0.13043478260869557,True,False,60.0,0.0,0.13043478260869557,0.13043478260869557,12.0,1.0,,,1.15,4.199999999999999,12.0,4.199999999999999,4.132334425304407,8.332334425304406,4.132334425304407,8.332334425304406,6.968861519345503,6.968861519345503,6.968861519345503,0.5072932993305285,6.968861519345503,0.34058293868754286,,,0.0,0.0,0.0,0.0,6.968861519345503,multinom,0.3422161491441592,0.34058293868754286,0.31720091216829793,0.3422161491441592,0.31720091216829793,False,,H,ARGMAX,H,0.3422161491441592,0.3422161491441592,0.34058293868754286,0.31720091216829793,0.3422161491441592,0.34058293868754286,0.31720091216829793,0.3422161491441592,0.34058293868754286,0.31720091216829793,0.3422161491441592,0.34058293868754286,0.31720091216829793,0.0,0.0,0.0,False,H,ARGMAX,H,0.3422161491441592,backtest
j2_2026_03211403_秋田_八戸,1503.4850241951267,1480.7607722683615,0.5000000000000001,True,False,60.0,0.0,0.5000000000000001,0.5000000000000001,12.0,1.0,,,1.15,4.199999999999999,12.0,4.199999999999999,22.72425192676519,26.92425192676519,22.72425192676519,26.92425192676519,22.518465247839977,22.518465247839977,22.518465247839977,0.5235510519248247,22.536354147839976,0.3392860682815984,,,0.071111,0.25,0.17888900000000002,0.017888900000000003,22.536354147839976,multinom,0.3679010540659736,0.3392860682815984,0.2928128776524279,0.3679010540659736,0.2928128776524279,False,,H,ARGMAX,H,0.3679010540659736,0.3679010540659736,0.3392860682815984,0.2928128776524279,0.3679010540659736,0.3392860682815984,0.2928128776524279,0.3679010540659736,0.3392860682815984,0.2928128776524279,0.3679010540659736,0.3392860682815984,0.2928128776524279,0.0,0.0,0.0,False,H,ARGMAX,H,0.3679010540659736,backtest
j2_2026_03221403_今治_徳島,1495.3990520516315,1554.5938930207578,-0.48051948051948057,True,False,60.0,0.0,-0.48051948051948057,-0.48051948051948057,12.0,1.0,,,1.15,4.199999999999999,12.0,4.199999999999999,-59.19484096912629,-54.99484096912629,-59.19484096912629,-54.99484096912629,-45.99568517417835,-45.99568517417835,-45.99568517417835,0.45200775960208056,45.99568517417835,0.33531193170488405,,,0.05,0.05,0.0,0.0,-45.99568517417835,multinom,0.25998897944970273,0.33531193170488405,0.40469908884541334,0.25998897944970273,0.40469908884541334,False,,A,ARGMAX,A,0.40469908884541334,0.25998897944970273,0.33531193170488405,0.40469908884541334,0.25998897944970273,0.33531193170488405,0.40469908884541334,0.25998897944970273,0.33531193170488405,0.40469908884541334,0.25998897944970273,0.33531193170488405,0.40469908884541334,0.0,0.0,0.0,False,A,ARGMAX,A,0.40469908884541334,backtest
j2_2026_03221403_山形_仙台,1508.9420100455827,1553.719957341231,-0.4094202898550723,True,False,60.0,0.0,-0.4094202898550723,-0.4094202898550723,12.0,1.0,,,1.15,4.199999999999999,12.0,4.199999999999999,-44.777947295648346,-40.57794729564834,-44.777947295648346,-40.57794729564834,-33.93791955636043,-33.93791955636043,-33.93791955636043,0.46453920374797925,33.93791955636043,0.3378072102579093,,,0.05,0.05,0.0,0.0,-33.93791955636043,multinom,0.27784501629057473,0.3378072102579093,0.38434777345151605,0.27784501629057473,0.38434777345151605,False,,A,ARGMAX,A,0.38434777345151605,0.27784501629057473,0.3378072102579093,0.38434777345151605,0.27784501629057473,0.3378072102579093,0.38434777345151605,0.27784501629057473,0.3378072102579093,0.38434777345151605,0.27784501629057473,0.3378072102579093,0.38434777345151605,0.0,0.0,0.0,False,A,ARGMAX,A,0.38434777345151605,backtest
j2_2026_03281403_横浜FC_湘南,1492.1978050027708,1520.2594501088204,-1.6,True,False,60.0,0.0,-1.6,-0.8,12.0,1.0,,,1.15,4.199999999999999,12.0,4.199999999999999,-28.061645106049582,-23.861645106049583,-28.061645106049582,-23.861645106049583,-19.957012270514195,-19.957012270514195,-19.957012270514195,0.47912454278393746,19.958533970514196,0.33975799796200684,,,0.05,0.034783,-0.015217000000000001,-0.0015217000000000002,-19.958533970514196,multinom,0.2992370680991807,0.33975799796200684,0.3610049339388125,0.2992370680991807,0.3610049339388125,False,,A,ARGMAX,A,0.3610049339388125,0.2992370680991807,0.33975799796200684,0.3610049339388125,0.2992370680991807,0.33975799796200684,0.3610049339388125,0.2992370680991807,0.33975799796200684,0.3610049339388125,0.2992370680991807,0.33975799796200684,0.3610049339388125,0.0,0.0,0.0,False,A,ARGMAX,A,0.3610049339388125,backtest
j2_2026_03281403_甲府_大宮,1439.5764814986876,1540.2089925809626,-0.48188405797101463,True,False,60.0,0.0,-0.48188405797101463,-0.48188405797101463,12.0,1.0,,,1.15,4.199999999999999,12.0,4.199999999999999,-100.63251108227496,-96.43251108227496,-100.63251108227496,-96.43251108227496,-80.65264563244814,-80.65264563244814,-80.65264563244814,0.4163795140510403,80.67764563244815,0.32419920034528654,,,0.25,0.0,-0.25,-0.025,-80.67764563244815,multinom,0.21213107224336109,0.32419920034528654,0.4636697274113524,0.21213107224336109,0.4636697274113524,False,,A,ARGMAX,A,0.4636697274113524,0.21213107224336109,0.32419920034528654,0.4636697274113524,0.21213107224336109,0.32419920034528654,0.4636697274113524,0.21213107224336109,0.32419920034528654,0.4636697274113524,0.21213107224336109,0.32419920034528654,0.4636697274113524,0.0,0.0,0.0,False,A,ARGMAX,A,0.4636697274113524,backtest
j2_2026_03281403_藤枝_札幌,1471.9765885489708,1503.9226824281538,0.050724637681159424,True,False,60.0,0.0,0.050724637681159424,0.050724637681159424,12.0,1.0,,,1.15,4.199999999999999,12.0,4.199999999999999,-31.94609387918308,-27.746093879183082,-31.94609387918308,-27.746093879183082,-23.205823971680395,-23.205823971680395,-23.205823971680395,0.4757311833255517,23.212632471680397,0.3393957114145037,,,0.068085,0.0,-0.068085,-0.006808500000000001,-23.212632471680397,multinom,0.2941953067509336,0.3393957114145037,0.36640898183456283,0.2941953067509336,0.36640898183456283,False,,A,ARGMAX,A,0.36640898183456283,0.2941953067509336,0.3393957114145037,0.36640898183456283,0.2941953067509336,0.3393957114145037,0.36640898183456283,0.2941953067509336,0.3393957114145037,0.36640898183456283,0.2941953067509336,0.3393957114145037,0.36640898183456283,0.0,0.0,0.0,False,A,ARGMAX,A,0.36640898183456283,backtest
j2_2026_03291403_富山_今治,1465.7422524191456,1507.0865200270987,-0.47619047619047605,True,False,60.0,0.0,-0.47619047619047605,-0.47619047619047605,12.0,1.0,,,1.15,4.199999999999999,12.0,4.199999999999999,-41.34426760795304,-37.14426760795304,-41.34426760795304,-37.14426760795304,-31.06611472665163,-31.06611472665163,-31.06611472665163,0.46753104078765706,31.06611472665163,0.3382914701791515,,,0.05,0.05,0.0,0.0,-31.06611472665163,multinom,0.28218149027736983,0.3382914701791515,0.3795270395434787,0.28218149027736983,0.3795270395434787,False,,A,ARGMAX,A,0.3795270395434787,0.28218149027736983,0.3382914701791515,0.3795270395434787,0.28218149027736983,0.3382914701791515,0.3795270395434787,0.28218149027736983,0.3382914701791515,0.3795270395434787,0.28218149027736983,0.3382914701791515,0.3795270395434787,0.0,0.0,0.0,False,A,ARGMAX,A,0.3795270395434787,backtest
j2_2026_03291403_山形_栃木Ｃ,1500.223734171116,1472.598074038107,-0.3833333333333333,True,False,60.0,0.0,-0.3833333333333333,-0.3833333333333333,12.0,1.0,,,1.15,4.199999999999999,12.0,4.199999999999999,27.625660133008978,31.825660133008977,27.625660133008978,31.825660133008977,26.617824838516597,26.617824838516597,26.617824838516597,0.5278302094025286,26.612824838516598,0.33873406731125905,,,0.05,0.0,-0.05,-0.005000000000000001,26.612824838516598,multinom,0.3747037822018664,0.33873406731125905,0.28656215048687467,0.3747037822018664,0.28656215048687467,False,,H,ARGMAX,H,0.3747037822018664,0.3747037822018664,0.33873406731125905,0.28656215048687467,0.3747037822018664,0.33873406731125905,0.28656215048687467,0.3747037822018664,0.33873406731125905,0.28656215048687467,0.3747037822018664,0.33873406731125905,0.28656215048687467,0.0,0.0,0.0,False,H,ARGMAX,H,0.3747037822018664,backtest
j2_2026_03291403_秋田_仙台,1512.8318987180103,1562.438233215698,-0.6594202898550723,True,False,60.0,0.0,-0.6594202898550723,-0.6594202898550723,12.0,1.0,,,1.15,4.199999999999999,12.0,4.199999999999999,-49.60633449768761,-45.40633449768761,-49.60633449768761,-45.40633449768761,-37.976207034429635,-37.976207034429635,-37.976207034429635,0.46033649148762057,37.980095934429634,0.33705336627549715,,,0.088889,0.05,-0.03888899999999999,-0.0038888999999999994,-37.980095934429634,multinom,0.2717947477043308,0.33705336627549715,0.391151886020172,0.2717947477043308,0.391151886020172,False,,A,ARGMAX,A,0.391151886020172,0.2717947477043308,0.33705336627549715,0.391151886020172,0.2717947477043308,0.33705336627549715,0.391151886020172,0.2717947477043308,0.33705336627549715,0.391151886020172,0.2717947477043308,0.33705336627549715,0.391151886020172,0.0,0.0,0.0,False,A,ARGMAX,A,0.391151886020172,backtest
j2_2026_03291404_いわき_磐田,1542.0041720118832,1524.1034619313418,-0.04347826086956519,True,False,60.0,0.0,-0.04347826086956519,-0.04347826086956519,12.0,1.0,,,1.15,4.199999999999999,12.0,4.199999999999999,17.90071008054133,22.10071008054133,17.90071008054133,22.10071008054133,18.48423024918002,18.48423024918002,18.48423024918002,0.5193364937389812,18.47923024918002,0.33974838371601607,,,0.05,0.0,-0.05,-0.005000000000000001,18.47923024918002,multinom,0.36115973816839675,0.33974838371601607,0.2990918781155873,0.36115973816839675,0.2990918781155873,False,,H,ARGMAX,H,0.36115973816839675,0.36115973816839675,0.33974838371601607,0.2990918781155873,0.36115973816839675,0.33974838371601607,0.2990918781155873,0.36115973816839675,0.33974838371601607,0.2990918781155873,0.36115973816839675,0.33974838371601607,0.2990918781155873,0.0,0.0,0.0,False,H,ARGMAX,H,0.36115973816839675,backtest
j2_2026_04041403_横浜FC_秋田,1483.0037323588713,1514.2500601297743,-0.48,True,False,60.0,0.0,-0.48,-0.48,12.0,1.0,,,1.15,4.199999999999999,12.0,4.199999999999999,-31.246327770903008,-27.04632777090301,-31.246327770903008,-27.04632777090301,-22.620565044755242,-22.620565044755242,-22.620565044755242,0.47634232556373973,22.61845394475524,0.33946604744224107,,,0.05,0.071111,0.02111099999999999,0.002111099999999999,-22.61845394475524,multinom,0.2951131828140063,0.33946604744224107,0.3654207697437527,0.2951131828140063,0.3654207697437527,False,,A,ARGMAX,A,0.3654207697437527,0.2951131828140063,0.33946604744224107,0.3654207697437527,0.2951131828140063,0.33946604744224107,0.3654207697437527,0.2951131828140063,0.33946604744224107,0.3654207697437527,0.2951131828140063,0.33946604744224107,0.3654207697437527,0.0,0.0,0.0,False,A,ARGMAX,A,0.3654207697437527,backtest
j2_2026_04041403_磐田_甲府,1514.618230370335,1452.3945494492434,0.4782608695652173,True,False,60.0,0.0,0.4782608695652173,0.4782608695652173,12.0,1.0,,,1.15,4.199999999999999,12.0,4.199999999999999,62.2236809210915,66.4236809210915,62.2236809210915,66.4236809210915,55.55435131582198,55.55435131582198,55.55435131582198,0.5578841348863575,55.57935131582198,0.3323553417279638,,,0.0,0.25,0.25,0.025,55.57935131582198,multinom,0.423640794467209,0.3323553417279638,0.24400386380482714,0.423640794467209,0.24400386380482714,False,,H,ARGMAX,H,0.423640794467209,0.423640794467209,0.3323553417279638,0.24400386380482714,0.423640794467209,0.3323553417279638,0.24400386380482714,0.423640794467209,0.3323553417279638,0.24400386380482714,0.423640794467209,0.3323553417279638,0.24400386380482714,0.0,0.0,0.0,False,H,ARGMAX,H,0.423640794467209,backtest
j2_2026_04051303_八戸_山形,1471.413897745478,1489.4302752197905,-0.4916666666666667,True,False,60.0,0.0,-0.4916666666666667,-0.4916666666666667,12.0,1.0,,,1.15,4.199999999999999,12.0,4.199999999999999,-18.01637747431255,-13.81637747431255,-18.01637747431255,-13.81637747431255,-11.555515705788677,-11.555515705788677,-11.555515705788677,0.48790801357987207,11.575515705788677,0.3404317418863067,,,0.25,0.05,-0.2,-0.020000000000000004,-11.575515705788677,multinom,0.3123871405090417,0.3404317418863067,0.3471811176046516,0.3123871405090417,0.3471811176046516,False,,A,ARGMAX,A,0.3471811176046516,0.3123871405090417,0.3404317418863067,0.3471811176046516,0.3123871405090417,0.3404317418863067,0.3471811176046516,0.3123871405090417,0.3404317418863067,0.3471811176046516,0.3123871405090417,0.3404317418863067,0.3471811176046516,0.0,0.0,0.0,False,A,ARGMAX,A,0.3471811176046516,backtest
j2_2026_04051403_鳥栖_大分,1509.4181603930426,1425.7040267797727,0.761904761904762,True,False,60.0,0.0,0.761904761904762,0.761904761904762,12.0,1.0,,,1.15,4.199999999999999,12.0,4.199999999999999,83.71413361326995,87.91413361326995,83.71413361326995,87.91413361326995,73.52818447655305,73.52818447655305,73.52818447655305,0.5763547909186157,73.53318447655305,0.32635593727242873,,,0.05,0.1,0.05,0.005000000000000001,73.53318447655305,multinom,0.4541988055009628,0.32635593727242873,0.21944525722660857,0.4541988055009628,0.21944525722660857,False,,H,ARGMAX,H,0.4541988055009628,0.4541988055009628,0.32635593727242873,0.21944525722660857,0.4541988055009628,0.32635593727242873,0.21944525722660857,0.4541988055009628,0.32635593727242873,0.21944525722660857,0.4541988055009628,0.32635593727242873,0.21944525722660857,0.0,0.0,0.0,False,H,ARGMAX,H,0.4541988055009628,backtest
j2_2026_04111404_甲府_札幌,1444.1665854894745,1503.0057824496155,-0.08333333333333348,True,False,60.0,0.0,-0.08333333333333348,-0.08333333333333348,12.0,1.0,,,1.15,4.199999999999999,12.0,4.199999999999999,-58.83919696014095,-54.63919696014095,-58.83919696014095,-54.63919696014095,-45.698237457572425,-45.698237457572425,-45.698237457572425,0.4523162274030049,45.723237457572424,0.3353764439822639,,,0.25,0.0,-0.25,-0.025,-45.723237457572424,multinom,0.2603859531039711,0.3353764439822639,0.40423760291376504,0.2603859531039711,0.40423760291376504,False,,A,ARGMAX,A,0.40423760291376504,0.2603859531039711,0.3353764439822639,0.40423760291376504,0.2603859531039711,0.3353764439822639,0.40423760291376504,0.2603859531039711,0.3353764439822639,0.40423760291376504,0.2603859531039711,0.3353764439822639,0.40423760291376504,0.0,0.0,0.0,False,A,ARGMAX,A,0.40423760291376504,backtest
j2_2026_04121403_山形_横浜FC,1498.9121864844801,1473.9006571135046,0.16666666666666674,True,False,60.0,0.0,0.16666666666666674,0.16666666666666674,12.0,1.0,,,1.15,4.199999999999999,12.0,4.199999999999999,25.011529370975495,29.211529370975494,25.011529370975495,29.211529370975494,24.43146092845223,24.43146092845223,24.43146092845223,0.5255484203021216,24.428960928452227,0.3390406561770892,,,0.05,0.025,-0.025,-0.0025000000000000005,24.428960928452227,multinom,0.3710559167757108,0.3390406561770892,0.28990342704720007,0.3710559167757108,0.28990342704720007,False,,H,ARGMAX,H,0.3710559167757108,0.3710559167757108,0.3390406561770892,0.28990342704720007,0.3710559167757108,0.3390406561770892,0.28990342704720007,0.3710559167757108,0.3390406561770892,0.28990342704720007,0.3710559167757108,0.3390406561770892,0.28990342704720007,0.0,0.0,0.0,False,H,ARGMAX,H,0.3710559167757108,backtest
j2_2026_04121403_栃木Ｃ_八戸,1483.3915329894323,1461.9319864807883,-0.4666666666666666,True,False,60.0,0.0,-0.4666666666666666,-0.4666666666666666,12.0,1.0,,,1.15,4.199999999999999,12.0,4.199999999999999,21.459546508644053,25.659546508644052,21.459546508644053,25.659546508644052,21.46071162541139,21.46071162541139,21.46071162541139,0.5224463184467562,21.485711625411387,0.3394141480839386,,,0.0,0.25,0.25,0.025,21.485711625411387,multinom,0.36615240776686975,0.3394141480839386,0.29443344414919165,0.36615240776686975,0.29443344414919165,False,,H,ARGMAX,H,0.36615240776686975,0.36615240776686975,0.3394141480839386,0.29443344414919165,0.36615240776686975,0.3394141480839386,0.29443344414919165,0.36615240776686975,0.3394141480839386,0.29443344414919165,0.36615240776686975,0.3394141480839386,0.29443344414919165,0.0,0.0,0.0,False,H,ARGMAX,H,0.36615240776686975,backtest
j2_2026_04121404_秋田_湘南,1523.353135375141,1529.45352275272,-1.4333333333333333,True,False,60.0,0.0,-1.4333333333333333,-0.8,12.0,1.0,,,1.15,4.199999999999999,12.0,4.199999999999999,-6.100387377578954,-1.900387377578955,-6.100387377578954,-1.900387377578955,-1.5894148976114895,-1.5894148976114895,-1.5894148976114895,0.49833647747900073,1.5966032976114894,0.3407429077489969,,,0.106667,0.034783,-0.071884,-0.007188400000000001,-1.5966032976114894,multinom,0.32832145459335593,0.3407429077489969,0.33093563765764716,0.32832145459335593,0.33093563765764716,False,,D,ARGMAX,D,0.3407429077489969,0.32832145459335593,0.3407429077489969,0.33093563765764716,0.32832145459335593,0.3407429077489969,0.33093563765764716,0.32832145459335593,0.3407429077489969,0.33093563765764716,0.32832145459335593,0.3407429077489969,0.33093563765764716,0.0,0.0,0.0,False,D,ARGMAX,D,0.3407429077489969,backtest
j2_2026_04181403_仙台_栃木Ｃ,1561.020071803934,1472.7746618420856,-0.21666666666666679,True,False,60.0,0.0,-0.21666666666666679,-0.21666666666666679,12.0,1.0,,,1.15,4.199999999999999,12.0,4.199999999999999,88.24540996184828,92.44540996184828,88.24540996184828,92.44540996184828,77.31797924081856,77.31797924081856,77.31797924081856,0.5802240337918404,77.31547924081856,0.32490651905947904,,,0.025,0.0,-0.025,-0.0025000000000000005,77.31547924081856,multinom,0.46062960155577426,0.32490651905947904,0.21446387938474676,0.46062960155577426,0.21446387938474676,False,,H,ARGMAX,H,0.46062960155577426,0.46062960155577426,0.32490651905947904,0.21446387938474676,0.46062960155577426,0.32490651905947904,0.21446387938474676,0.46062960155577426,0.32490651905947904,0.21446387938474676,0.46062960155577426,0.32490651905947904,0.21446387938474676,0.0,0.0,0.0,False,H,ARGMAX,H,0.46062960155577426,backtest
j2_2026_04181403_大宮_磐田,1527.3909246304067,1522.8461943301038,0.018115942028985366,True,False,60.0,0.0,0.018115942028985366,0.018115942028985366,12.0,1.0,,,1.15,4.199999999999999,12.0,4.199999999999999,4.544730300302945,8.744730300302944,4.544730300302945,8.744730300302944,7.313774432980644,7.313774432980644,7.313774432980644,0.5076542147187474,7.308668032980644,0.34056846040954286,,,0.051064,0.0,-0.051064,-0.0051064000000000005,7.308668032980644,multinom,0.34277115487669507,0.34056846040954286,0.31666038471376207,0.34277115487669507,0.31666038471376207,False,,H,ARGMAX,H,0.34277115487669507,0.34277115487669507,0.34056846040954286,0.31666038471376207,0.34277115487669507,0.34056846040954286,0.31666038471376207,0.34277115487669507,0.34056846040954286,0.31666038471376207,0.34277115487669507,0.34056846040954286,0.31666038471376207,0.0,0.0,0.0,False,H,ARGMAX,H,0.34277115487669507,backtest
j2_2026_04181403_新潟_今治,1490.744845508465,1505.9021216796543,0.4285714285714286,True,False,60.0,0.0,0.4285714285714286,0.4285714285714286,12.0,1.0,,,1.15,4.199999999999999,12.0,4.199999999999999,-15.157276171189324,-10.957276171189324,-15.157276171189324,-10.957276171189324,-9.164267343176526,-9.164267343176526,-9.164267343176526,0.4904095830273394,9.163934043176527,0.34055594848720183,,,0.05,0.053333,0.0033329999999999957,0.0003332999999999996,-9.163934043176527,multinom,0.3162111537973517,0.34055594848720183,0.3432328977154465,0.3162111537973517,0.3432328977154465,False,,A,ARGMAX,A,0.3432328977154465,0.3162111537973517,0.34055594848720183,0.3432328977154465,0.3162111537973517,0.34055594848720183,0.3432328977154465,0.3162111537973517,0.34055594848720183,0.3432328977154465,0.3162111537973517,0.34055594848720183,0.3432328977154465,0.0,0.0,0.0,False,A,ARGMAX,A,0.3432328977154465,backtest
j2_2026_04181404_甲府_藤枝,1455.844106975265,1472.8934885275091,0.03985507246376807,True,False,60.0,0.0,0.03985507246376807,0.03985507246376807,12.0,1.0,,,1.15,4.199999999999999,12.0,4.199999999999999,-17.049381552244085,-12.849381552244086,-17.049381552244085,-12.849381552244086,-10.74675548005869,-10.74675548005869,-10.74675548005869,0.488754024719072,10.75984058005869,0.3404772427190088,,,0.25,0.119149,-0.130851,-0.0130851,-10.75984058005869,multinom,0.3136785622955222,0.3404772427190088,0.345844194985469,0.3136785622955222,0.345844194985469,False,,A,ARGMAX,A,0.345844194985469,0.3136785622955222,0.3404772427190088,0.345844194985469,0.3136785622955222,0.3404772427190088,0.345844194985469,0.3136785622955222,0.3404772427190088,0.345844194985469,0.3136785622955222,0.3404772427190088,0.345844194985469,0.0,0.0,0.0,False,A,ARGMAX,A,0.345844194985469,backtest
j2_2026_04191403_山形_八戸,1508.1935378166365,1472.548857628135,0.7500000000000001,True,False,60.0,0.0,0.7500000000000001,0.7500000000000001,12.0,1.0,,,1.15,4.199999999999999,12.0,4.199999999999999,35.644680188501525,39.84468018850153,35.644680188501525,39.84468018850153,33.324641612201276,33.324641612201276,33.324641612201276,0.5348220921583259,33.324641612201276,0.3376359058166983,,,0.05,0.05,0.0,0.0,33.324641612201276,multinom,0.38596082507704227,0.3376359058166983,0.2764032691062594,0.38596082507704227,0.2764032691062594,False,,H,ARGMAX,H,0.38596082507704227,0.38596082507704227,0.3376359058166983,0.2764032691062594,0.38596082507704227,0.3376359058166983,0.2764032691062594,0.38596082507704227,0.3376359058166983,0.2764032691062594,0.38596082507704227,0.3376359058166983,0.2764032691062594,0.0,0.0,0.0,False,H,ARGMAX,H,0.38596082507704227,backtest
j2_2026_04191403_秋田_横浜FC,1513.528700596526,1464.6193057813482,-0.08333333333333326,True,False,60.0,0.0,-0.08333333333333326,-0.08333333333333326,12.0,1.0,,,1.15,4.199999999999999,12.0,4.199999999999999,48.90939481517785,53.10939481517785,48.90939481517785,53.10939481517785,44.4187665726942,44.4187665726942,44.4187665726942,0.5463564840348495,44.421988772694206,0.335312171045449,,,0.017778,0.05,0.032222,0.0032222,44.421988772694206,multinom,0.4046973815113787,0.335312171045449,0.2599904474431723,0.4046973815113787,0.2599904474431723,False,,H,ARGMAX,H,0.4046973815113787,0.4046973815113787,0.335312171045449,0.2599904474431723,0.4046973815113787,0.335312171045449,0.2599904474431723,0.4046973815113787,0.335312171045449,0.2599904474431723,0.4046973815113787,0.335312171045449,0.2599904474431723,0.0,0.0,0.0,False,H,ARGMAX,H,0.4046973815113787,backtest
j2_2026_04251403_今治_富山,1495.4661367622941,1466.92665076659,-0.13636363636363646,True,False,60.0,0.0,-0.13636363636363646,-0.13636363636363646,12.0,1.0,,,1.15,4.199999999999999,12.0,4.199999999999999,28.539485995704126,32.73948599570413,28.539485995704126,32.73948599570413,27.382115560043452,27.382115560043452,27.382115560043452,0.5286275887526299,27.382115560043452,0.33862011178473433,,,0.05,0.05,0.0,0.0,27.382115560043452,multinom,0.3759906206270677,0.33862011178473433,0.285389267588198,0.3759906206270677,0.285389267588198,False,,H,ARGMAX,H,0.3759906206270677,0.3759906206270677,0.33862011178473433,0.285389267588198,0.3759906206270677,0.33862011178473433,0.285389267588198,0.3759906206270677,0.33862011178473433,0.285389267588198,0.3759906206270677,0.33862011178473433,0.285389267588198,0.0,0.0,0.0,False,H,ARGMAX,H,0.3759906206270677,backtest
j2_2026_04251403_仙台_山形,1568.5334087709962,1517.1711858429662,0.2916666666666665,True,False,60.0,0.0,0.2916666666666665,0.2916666666666665,12.0,1.0,,,1.15,4.199999999999999,12.0,4.199999999999999,51.36222292802995,55.56222292802995,51.36222292802995,55.56222292802995,46.47022281253414,46.47022281253414,46.47022281253414,0.5484842826693804,46.47022281253414,0.3348153203976832,,,0.05,0.05,0.0,0.0,46.47022281253414,multinom,0.4081687465519286,0.3348153203976832,0.2570159330503883,0.4081687465519286,0.2570159330503883,False,,H,ARGMAX,H,0.4081687465519286,0.4081687465519286,0.3348153203976832,0.2570159330503883,0.4081687465519286,0.3348153203976832,0.2570159330503883,0.4081687465519286,0.3348153203976832,0.2570159330503883,0.4081687465519286,0.3348153203976832,0.2570159330503883,0.0,0.0,0.0,False,H,ARGMAX,H,0.4081687465519286,backtest
j2_2026_04251403_札幌_いわき,1491.328260963825,1551.48940357289,0.3359683794466404,True,False,60.0,0.0,0.3359683794466404,0.3359683794466404,12.0,1.0,,,1.15,4.199999999999999,12.0,4.199999999999999,-60.16114260906511,-55.96114260906511,-60.16114260906511,-55.96114260906511,-46.803864727581725,-46.803864727581725,-46.803864727581725,0.45116982480056506,46.800673227581726,0.3351191526059374,,,0.068085,0.1,0.031915,0.0031915,-46.800673227581726,multinom,0.2588178627448078,0.3351191526059374,0.40606298464925483,0.2588178627448078,0.40606298464925483,False,,A,ARGMAX,A,0.40606298464925483,0.2588178627448078,0.3351191526059374,0.40606298464925483,0.2588178627448078,0.3351191526059374,0.40606298464925483,0.2588178627448078,0.3351191526059374,0.40606298464925483,0.2588178627448078,0.3351191526059374,0.40606298464925483,0.0,0.0,0.0,False,A,ARGMAX,A,0.40606298464925483,backtest
j2_2026_04251403_藤枝_大宮,1482.4031613970342,1517.2601242375924,-0.34782608695652173,True,False,60.0,0.0,-0.34782608695652173,-0.34782608695652173,12.0,1.0,,,1.15,4.199999999999999,12.0,4.199999999999999,-34.85696284055825,-30.656962840558254,-34.85696284055825,-30.656962840558254,-25.640368921194174,-25.640368921194174,-25.640368921194174,0.4731897701739732,25.642071021194173,0.3390887340372364,,,0.068085,0.051064,-0.01702100000000001,-0.0017021000000000009,-25.642071021194173,multinom,0.2904552186868368,0.3390887340372364,0.3704560472759268,0.2904552186868368,0.3704560472759268,False,,A,ARGMAX,A,0.3704560472759268,0.2904552186868368,0.3390887340372364,0.3704560472759268,0.2904552186868368,0.3390887340372364,0.3704560472759268,0.2904552186868368,0.3390887340372364,0.3704560472759268,0.2904552186868368,0.3390887340372364,0.3704560472759268,0.0,0.0,0.0,False,A,ARGMAX,A,0.3704560472759268,backtest
j2_2026_04261303_八戸_秋田,1463.5712096018053,1502.1302008544749,-0.6799999999999999,True,False,60.0,0.0,-0.6799999999999999,-0.6799999999999999,12.0,1.0,,,1.15,4.199999999999999,12.0,4.199999999999999,-38.55899125266956,-34.358991252669554,-38.55899125266956,-34.358991252669554,-28.73661086586908,-28.73661086586908,-28.73661086586908,0.46995963680686953,28.739833065869078,0.33865226743779747,,,0.05,0.017778,-0.032222,-0.0032222,-28.739833065869078,multinom,0.28571680082483514,0.33865226743779747,0.37563093173736734,0.28571680082483514,0.37563093173736734,False,,A,ARGMAX,A,0.37563093173736734,0.28571680082483514,0.33865226743779747,0.37563093173736734,0.28571680082483514,0.33865226743779747,0.37563093173736734,0.28571680082483514,0.33865226743779747,0.37563093173736734,0.28571680082483514,0.33865226743779747,0.37563093173736734,0.0,0.0,0.0,False,A,ARGMAX,A,0.37563093173736734,backtest
j2_2026_04291403_大宮_甲府,1516.2602127827909,1446.33443410574,0.3659420289855071,True,False,60.0,0.0,0.3659420289855071,0.3659420289855071,12.0,1.0,,,1.15,4.199999999999999,12.0,4.199999999999999,69.92577867705086,74.12577867705086,69.92577867705086,74.12577867705086,61.99610580262435,61.99610580262435,61.99610580262435,0.5645251362921913,62.00052320262435,0.33038108806307565,,,0.051064,0.095238,0.044174000000000005,0.004417400000000001,62.00052320262435,multinom,0.43456820611459307,0.33038108806307565,0.23505070582233126,0.43456820611459307,0.23505070582233126,False,,H,ARGMAX,H,0.43456820611459307,0.43456820611459307,0.33038108806307565,0.23505070582233126,0.43456820611459307,0.33038108806307565,0.23505070582233126,0.43456820611459307,0.33038108806307565,0.23505070582233126,0.43456820611459307,0.33038108806307565,0.23505070582233126,0.0,0.0,0.0,False,H,ARGMAX,H,0.43456820611459307,backtest
j2_2026_04291403_富山_新潟,1477.746240635346,1501.1808304258252,0.09523809523809534,True,False,60.0,0.0,0.09523809523809534,0.09523809523809534,12.0,1.0,,,1.15,4.199999999999999,12.0,4.199999999999999,-23.434589790479095,-19.234589790479095,-23.434589790479095,-19.234589790479095,-16.087111461127968,-16.087111461127968,-16.087111461127968,0.48316911459778755,16.092111461127967,0.34011533828346713,,,0.05,0.0,-0.05,-0.005000000000000001,-16.092111461127967,multinom,0.3052739000353487,0.34011533828346713,0.3546107616811842,0.3052739000353487,0.3546107616811842,False,,A,ARGMAX,A,0.3546107616811842,0.3052739000353487,0.34011533828346713,0.3546107616811842,0.3052739000353487,0.34011533828346713,0.3546107616811842,0.3052739000353487,0.34011533828346713,0.3546107616811842,0.3052739000353487,0.34011533828346713,0.3546107616811842,0.0,0.0,0.0,False,A,ARGMAX,A,0.3546107616811842,backtest
j2_2026_04291403_札幌_藤枝,1503.0427366197623,1483.4030728518358,0.6837944664031621,True,False,60.0,0.0,0.6837944664031621,0.6837944664031621,12.0,1.0,,,1.15,4.199999999999999,12.0,4.199999999999999,19.63966376792655,23.83966376792655,19.63966376792655,23.83966376792655,19.938627878629475,19.938627878629475,19.938627878629475,0.5208562490775763,19.933663378629475,0.3395926723694186,,,0.168794,0.119149,-0.049644999999999995,-0.0049645,19.933663378629475,multinom,0.36357290960387595,0.3395926723694186,0.2968344180267055,0.36357290960387595,0.2968344180267055,False,,H,ARGMAX,H,0.36357290960387595,0.36357290960387595,0.3395926723694186,0.2968344180267055,0.36357290960387595,0.3395926723694186,0.2968344180267055,0.36357290960387595,0.3395926723694186,0.2968344180267055,0.36357290960387595,0.3395926723694186,0.2968344180267055,0.0,0.0,0.0,False,H,ARGMAX,H,0.36357290960387595,backtest
j2_2026_04291403_横浜FC_八戸,1476.0178055233994,1474.676492404719,0.33333333333333337,True,False,60.0,0.0,0.33333333333333337,0.33333333333333337,12.0,1.0,,,1.15,4.199999999999999,12.0,4.199999999999999,1.3413131186803184,5.541313118680318,1.3413131186803184,5.541313118680318,4.634552790168993,4.634552790168993,4.634552790168993,0.5048505079075092,4.634552790168993,0.34066563531789423,,,0.05,0.05,0.0,0.0,4.634552790168993,multinom,0.33841107021624267,0.34066563531789423,0.3209232944658631,0.33841107021624267,0.3209232944658631,False,,D,ARGMAX,D,0.34066563531789423,0.33841107021624267,0.34066563531789423,0.3209232944658631,0.33841107021624267,0.34066563531789423,0.3209232944658631,0.33841107021624267,0.34066563531789423,0.3209232944658631,0.33841107021624267,0.34066563531789423,0.3209232944658631,0.0,0.0,0.0,False,D,ARGMAX,D,0.34066563531789423,backtest
j2_2026_04291403_秋田_山形,1491.0249180515611,1508.6388334755666,-0.125,True,False,60.0,0.0,-0.125,-0.125,12.0,1.0,,,1.15,4.199999999999999,12.0,4.199999999999999,-17.613915424005427,-13.413915424005427,-17.613915424005427,-13.413915424005427,-11.218911081895447,-11.218911081895447,-11.218911081895447,0.4882601138321514,11.221022181895448,0.3404519547259859,,,0.071111,0.05,-0.02111099999999999,-0.002111099999999999,-11.221022181895448,multinom,0.3129481430693538,0.3404519547259859,0.34659990220466036,0.3129481430693538,0.34659990220466036,False,,A,ARGMAX,A,0.34659990220466036,0.3129481430693538,0.3404519547259859,0.34659990220466036,0.3129481430693538,0.3404519547259859,0.34659990220466036,0.3129481430693538,0.3404519547259859,0.34659990220466036,0.3129481430693538,0.3404519547259859,0.34659990220466036,0.0,0.0,0.0,False,A,ARGMAX,A,0.34659990220466036,backtest
j2_2026_05021403_仙台_秋田,1577.0657611383958,1501.5314534024374,0.10333333333333328,True,False,60.0,0.0,0.10333333333333328,0.10333333333333328,12.0,1.0,,,1.15,4.199999999999999,12.0,4.199999999999999,75.53430773595846,79.73430773595847,75.53430773595846,79.73430773595847,66.68687556098344,66.68687556098344,66.68687556098344,0.5693466076082481,66.68365336098344,0.32881951756094874,,,0.05,0.017778,-0.032222,-0.0032222,66.68365336098344,multinom,0.44254145194545796,0.32881951756094874,0.22863903049359333,0.44254145194545796,0.22863903049359333,False,,H,ARGMAX,H,0.44254145194545796,0.44254145194545796,0.32881951756094874,0.22863903049359333,0.44254145194545796,0.32881951756094874,0.22863903049359333,0.44254145194545796,0.32881951756094874,0.22863903049359333,0.44254145194545796,0.32881951756094874,0.22863903049359333,0.0,0.0,0.0,False,H,ARGMAX,H,0.44254145194545796,backtest
j2_2026_05021403_湘南_栃木Ｃ,1539.2779575313348,1465.2613248750233,-0.30000000000000004,True,False,60.0,0.0,-0.30000000000000004,-0.30000000000000004,12.0,1.0,,,1.15,4.199999999999999,12.0,4.199999999999999,74.01663265631146,78.21663265631146,74.01663265631146,78.21663265631146,65.4175473125514,65.4175473125514,65.4175473125514,0.5680431689291456,65.4208082125514,0.3292505630558361,,,0.017391,0.05,0.032609,0.0032609,65.4208082125514,multinom,0.4403913944764157,0.3292505630558361,0.23035804246774833,0.4403913944764157,0.23035804246774833,False,,H,ARGMAX,H,0.4403913944764157,0.4403913944764157,0.3292505630558361,0.23035804246774833,0.4403913944764157,0.3292505630558361,0.23035804246774833,0.4403913944764157,0.3292505630558361,0.23035804246774833,0.4403913944764157,0.3292505630558361,0.23035804246774833,0.0,0.0,0.0,False,H,ARGMAX,H,0.4403913944764157,backtest
j2_2026_05021403_磐田_いわき,1532.976994722918,1539.7749279169527,0.30434782608695654,True,False,60.0,0.0,0.30434782608695654,0.30434782608695654,12.0,1.0,,,1.15,4.199999999999999,12.0,4.199999999999999,-6.797933194034613,-2.5979331940346135,-6.797933194034613,-2.5979331940346135,-2.1728168531925856,-2.1728168531925856,-2.1728168531925856,0.49772588127409495,2.1528168531925855,0.34073965079313273,,,0.0,0.2,0.2,0.020000000000000004,-2.1528168531925855,multinom,0.3274258223799874,0.34073965079313273,0.3318345268268798,0.3274258223799874,0.3318345268268798,False,,D,ARGMAX,D,0.34073965079313273,0.3274258223799874,0.34073965079313273,0.3318345268268798,0.3274258223799874,0.34073965079313273,0.3318345268268798,0.3274258223799874,0.34073965079313273,0.3318345268268798,0.3274258223799874,0.34073965079313273,0.3318345268268798,0.0,0.0,0.0,False,D,ARGMAX,D,0.34073965079313273,backtest
j2_2026_05021403_鳥栖_宮崎,1497.054244552009,1518.3927078271847,0.6190476190476191,True,False,60.0,0.0,0.6190476190476191,0.6190476190476191,12.0,1.0,,,1.15,4.199999999999999,12.0,4.199999999999999,-21.338463275175627,-17.138463275175628,-21.338463275175627,-17.138463275175628,-14.333987466510525,-14.333987466510525,-14.333987466510525,0.48500212512497626,14.333987466510525,0.34025146667162354,,,0.05,0.05,0.0,0.0,-14.333987466510525,multinom,0.30803510081350405,0.34025146667162354,0.3517134325148724,0.30803510081350405,0.3517134325148724,False,,A,ARGMAX,A,0.3517134325148724,0.30803510081350405,0.34025146667162354,0.3517134325148724,0.30803510081350405,0.34025146667162354,0.3517134325148724,0.30803510081350405,0.34025146667162354,0.3517134325148724,0.30803510081350405,0.34025146667162354,0.3517134325148724,0.0,0.0,0.0,False,A,ARGMAX,A,0.3517134325148724,backtest
j2_2026_05061403_八戸_湘南,1464.7150983078225,1527.179241846263,-1.8,True,False,60.0,0.0,-1.8,-0.8,12.0,1.0,,,1.15,4.199999999999999,12.0,4.199999999999999,-62.46414353844057,-58.264143538440564,-62.46414353844057,-58.264143538440564,-48.73001095942301,-48.73001095942301,-48.73001095942301,0.44917388722097007,48.73327185942301,0.3346431528848664,,,0.05,0.017391,-0.032609,-0.0032609,-48.73327185942301,multinom,0.25601733072962063,0.3346431528848664,0.4093395163855129,0.25601733072962063,0.4093395163855129,False,,A,ARGMAX,A,0.4093395163855129,0.25601733072962063,0.3346431528848664,0.4093395163855129,0.25601733072962063,0.3346431528848664,0.4093395163855129,0.25601733072962063,0.3346431528848664,0.4093395163855129,0.25601733072962063,0.3346431528848664,0.4093395163855129,0.0,0.0,0.0,False,A,ARGMAX,A,0.4093395163855129,backtest
j2_2026_05061403_大宮_いわき,1504.2743287744272,1539.5792926358424,0.19202898550724634,True,False,60.0,0.0,0.19202898550724634,0.19202898550724634,12.0,1.0,,,1.15,4.199999999999999,12.0,4.199999999999999,-35.30496386141522,-31.104963861415218,-35.30496386141522,-31.104963861415218,-26.015060684092727,-26.015060684092727,-26.015060684092727,0.47279875074382355,26.01006068409273,0.33903952339902843,,,0.05,0.1,0.05,0.005000000000000001,-26.01006068409273,multinom,0.2898905250808951,0.33903952339902843,0.37106995152007655,0.2898905250808951,0.37106995152007655,False,,A,ARGMAX,A,0.37106995152007655,0.2898905250808951,0.33903952339902843,0.37106995152007655,0.2898905250808951,0.33903952339902843,0.37106995152007655,0.2898905250808951,0.33903952339902843,0.37106995152007655,0.2898905250808951,0.33903952339902843,0.37106995152007655,0.0,0.0,0.0,False,A,ARGMAX,A,0.37106995152007655,backtest
j2_2026_05061403_新潟_徳島,1490.507349741495,1542.9064250452907,0.4285714285714286,True,False,60.0,0.0,0.4285714285714286,0.4285714285714286,12.0,1.0,,,1.15,4.199999999999999,12.0,4.199999999999999,-52.3990753037956,-48.199075303795595,-52.3990753037956,-48.199075303795595,-40.31195389044722,-40.31195389044722,-40.31195389044722,0.45790817461261896,40.28695389044722,0.33658558717961456,,,0.0,0.25,0.25,0.025,-40.28695389044722,multinom,0.2683705610480308,0.33658558717961456,0.3950438517723547,0.2683705610480308,0.3950438517723547,False,,A,ARGMAX,A,0.3950438517723547,0.2683705610480308,0.33658558717961456,0.3950438517723547,0.2683705610480308,0.33658558717961456,0.3950438517723547,0.2683705610480308,0.33658558717961456,0.3950438517723547,0.2683705610480308,0.33658558717961456,0.3950438517723547,0.0,0.0,0.0,False,A,ARGMAX,A,0.3950438517723547,backtest
j2_2026_05061403_栃木Ｃ_横浜FC,1477.360040560095,1485.979199620296,-1.05,True,False,60.0,0.0,-1.05,-0.8,12.0,1.0,,,1.15,4.199999999999999,12.0,4.199999999999999,-8.6191590602009,-4.419159060200901,-8.6191590602009,-4.419159060200901,-3.696023941258935,-3.696023941258935,-3.696023941258935,0.49613170916736893,3.696023941258935,0.34072189979494016,,,0.05,0.05,0.0,0.0,-3.696023941258935,multinom,0.32494536381553923,0.34072189979494016,0.3343327363895207,0.32494536381553923,0.3343327363895207,False,,D,ARGMAX,D,0.34072189979494016,0.32494536381553923,0.34072189979494016,0.3343327363895207,0.32494536381553923,0.34072189979494016,0.3343327363895207,0.32494536381553923,0.34072189979494016,0.3343327363895207,0.32494536381553923,0.34072189979494016,0.3343327363895207,0.0,0.0,0.0,False,D,ARGMAX,D,0.34072189979494016,backtest
j2_2026_05061403_甲府_磐田,1458.3203181141037,1533.1726300040284,-0.48188405797101463,True,False,60.0,0.0,-0.48188405797101463,-0.48188405797101463,12.0,1.0,,,1.15,4.199999999999999,12.0,4.199999999999999,-74.85231188992475,-70.65231188992475,-74.85231188992475,-70.65231188992475,-59.09102448975524,-59.09102448975524,-59.09102448975524,0.43846708193416434,59.10054828975524,0.3317769276887699,,,0.095238,0.0,-0.095238,-0.0095238,-59.10054828975524,multinom,0.2412675037427674,0.3317769276887699,0.42695556856846273,0.2412675037427674,0.42695556856846273,False,,A,ARGMAX,A,0.42695556856846273,0.2412675037427674,0.3317769276887699,0.42695556856846273,0.2412675037427674,0.3317769276887699,0.42695556856846273,0.2412675037427674,0.3317769276887699,0.42695556856846273,0.2412675037427674,0.3317769276887699,0.42695556856846273,0.0,0.0,0.0,False,A,ARGMAX,A,0.42695556856846273,backtest
