節,match_id,datetime,stadium,home_team,away_team,home_score,away_score,home_fatigue_score,away_fatigue_score,home_acl_fatigue,away_acl_fatigue,home_acl_last_date,away_acl_last_date,home_acl_days_since,away_acl_days_since,home_acl_travel_type,away_acl_travel_type,home_total_fatigue_score,away_total_fatigue_score,datetime_weather,stadium_weather,is_rain,is_heavy_rain,is_strong_wind,temperature,wind_speed,last_updated_at,__weather_asof,__weather_source,weather_missing,stats_1試合平均シュート数_home,stats_1試合平均枠内シュート数_home,stats_シュート決定率_home,stats_1試合平均得点数_home,stats_1試合平均パス数_home,stats_パス成功率_home,stats_1試合平均ドリブル数_home,stats_ドリブル成功率_home,stats_1試合平均スルーパス数_home,stats_スルーパス成功率_home,stats_1試合平均クロス数_home,stats_1試合平均空中戦勝利数_home,stats_空中戦勝率_home,stats_平均ボール支配率_home,stats_1試合平均チャンスクリエイト数_home,stats_1試合平均1vs1勝利数_home,stats_1試合平均こぼれ球奪取数_home,stats_ゴール期待値_home,stats_1試合平均被シュート数_home,stats_1試合平均被枠内シュート数_home,stats_1試合平均失点数_home,stats_1試合平均クリア数_home,stats_1試合平均タックル数_home,stats_タックル成功率_home,stats_1試合平均ブロック数_home,stats_1試合平均インターセプト数_home,stats_被ゴール期待値_home,stats_1試合平均被ゴール期待値_home,stats_被ゴール期待値 ※PKを除く_home,stats_クリーンシート総数_home,stats_stats_missing_ratio_home,stats_1試合平均シュート数_away,stats_1試合平均枠内シュート数_away,stats_シュート決定率_away,stats_1試合平均得点数_away,stats_1試合平均パス数_away,stats_パス成功率_away,stats_1試合平均ドリブル数_away,stats_ドリブル成功率_away,stats_1試合平均スルーパス数_away,stats_スルーパス成功率_away,stats_1試合平均クロス数_away,stats_1試合平均空中戦勝利数_away,stats_空中戦勝率_away,stats_平均ボール支配率_away,stats_1試合平均チャンスクリエイト数_away,stats_1試合平均1vs1勝利数_away,stats_1試合平均こぼれ球奪取数_away,stats_ゴール期待値_away,stats_1試合平均被シュート数_away,stats_1試合平均被枠内シュート数_away,stats_1試合平均失点数_away,stats_1試合平均クリア数_away,stats_1試合平均タックル数_away,stats_タックル成功率_away,stats_1試合平均ブロック数_away,stats_1試合平均インターセプト数_away,stats_被ゴール期待値_away,stats_1試合平均被ゴール期待値_away,stats_被ゴール期待値 ※PKを除く_away,stats_クリーンシート総数_away,stats_stats_missing_ratio_away,management_manager_name_home,management_recent_injuries_suspensions_count_home,management_weather_influence_score_home,management_motivation_score_home,management_manager_name_away,management_recent_injuries_suspensions_count_away,management_weather_influence_score_away,management_motivation_score_away,rankmot_rank_latest_home,rankmot_points_latest_home,rankmot_rank_change_3w_home,rankmot_points_change_3w_home,rankmot_motivation_score_3w_home,rankmot_rank_change_5w_home,rankmot_points_change_5w_home,rankmot_motivation_score_5w_home,rankmot_season_home,rankmot_fetched_date_home,rankmot_rank_latest_away,rankmot_points_latest_away,rankmot_rank_change_3w_away,rankmot_points_change_3w_away,rankmot_motivation_score_3w_away,rankmot_rank_change_5w_away,rankmot_points_change_5w_away,rankmot_motivation_score_5w_away,rankmot_season_away,rankmot_fetched_date_away,absence_impact_total_home,absence_impact_attack_home,absence_impact_defense_home,absence_players_count_home,absence_impact_total_away,absence_impact_attack_away,absence_impact_defense_away,absence_players_count_away,absence_missing_home,absence_missing_away,absence_effective_total_home,absence_effective_attack_home,absence_effective_defense_home,absence_effective_total_away,absence_effective_attack_away,absence_effective_defense_away,absence_cap_applied_home,absence_cap_applied_away,league,stats_asof,stats_source_csv,home_elo_at_prediction,away_elo_at_prediction,home_advantage_diff,home_advantage_profile_diff,hfa_applied_elo,hfa_added_to_diff,hfa_clip_min,hfa_clip_max,elo_diff_scale_factor,elo_diff_before_hfa,elo_diff_after_hfa,diff_raw_no_hfa,elo_diff_scaled,elo_diff_for_prob,elo_diff_used_for_prob,expected_home_two_way,is_home_advantage_positive,prob_home_win_raw,prob_draw_raw,prob_away_win_raw,draw_tweak_mode,base_prob_home,base_prob_draw,base_prob_away,prob_home_win_before_signfix,prob_away_win_before_signfix,elo_sign_fix_applied,elo_sign_fix_reason,prob_home_raw,prob_away_raw,final_prob_home,final_prob_draw,final_prob_away,prob_delta_home,prob_delta_draw,prob_delta_away,residue_detected,prob_home_win,prob_draw,prob_away_win,prob_home,prob_away,final_result,predicted_result,decision_reason,force_draw_applied,argmax_result,argmax_max_prob,argmax_raw_result,argmax_raw_max_prob,d_scaled,decision_draw_expectation_multiplier,decision_draw_assign_enabled,predicted_highest_prob_result,actual_result,is_correct,stats_home_missing,stats_away_missing,management_missing,data_quality_warn
第１節第１日,j2_2026_02071403_栃木Ｃ_仙台,2026-02-07 14:03:00,ＣＦＳ,栃木Ｃ,仙台,1.0,4.0,0.0,10.0,0.0,0.0,,,,,,,0.0,10.0,,,False,False,False,13.850000000000001,10.75,,,,True,10.3,3.0,9.7,1.0,434.4,71.2,15.8,53.2,11.7,47.6,14.8,17.9,48.3,53.6,8.3,20.4,39.9,6.0,14.7,5.0,2.4,27.3,18.4,65.1,20.6,0.7,9.4,1.3,9.4,1.0,0.0,14.8,4.6,11.5,1.7,402.6,73.1,13.1,55.4,12.3,52.3,15.1,18.7,51.2,51.2,12.6,19.3,42.0,9.2,10.0,3.0,0.6,22.6,17.7,67.7,20.9,1.9,5.8,0.8,5.8,3.0,0.0,,0.0,,,,0.0,,,8,7,2,6,2.6,2,7,2.7,2026,20260329,1,21,0,8,0.8,0,10,1.0,2026,20260329,0.0,0.0,0.0,0.0,0.0,0.0,0.0,0.0,True,True,0.05,0.03,0.02,0.05,0.03,0.02,False,False,j2,2026-03-29,team_master_stats_j2_2026_asof_20260329.csv,1500,1540,-1.8261,-1.8261,26.0,26.0,,,1.1,-39.753,-13.753,-39.753,-10.0855,-10.0855,-10.0855,0.4903,False,0.3147477093369486,0.3405121647652491,0.3447401258978023,off,0.3147477093369486,0.3405121647652491,0.3447401258978023,0.3147477093369486,0.3447401258978023,False,,0.3147477093369486,0.3447401258978023,0.3147477093369486,0.3405121647652491,0.3447401258978023,0.0,0.0,0.0,False,0.3147477093369486,0.3405121647652491,0.3447401258978023,0.3147477093369486,0.3447401258978023,A,A,ARGMAX,False,A,0.3447401258978023,A,0.3447401258978023,10.085526884001109,1.0,False,A,A,True,False,False,True,True
第１節第１日,j2_2026_02071403_横浜FC_山形,2026-02-07 14:03:00,ニッパツ,横浜FC,山形,1.0,2.0,0.0,10.0,0.0,0.0,,,,,,,0.0,10.0,,,False,False,False,13.850000000000001,10.75,,,,True,14.7,4.6,13.6,2.0,467.4,74.0,13.0,50.5,10.4,42.5,19.3,14.6,48.6,57.3,10.3,19.1,38.0,10.1,10.6,4.4,1.6,17.9,18.4,68.2,18.4,0.9,7.2,1.0,6.4,1.0,0.0,7.6,2.6,13.2,1.0,387.9,74.3,6.4,51.1,8.4,47.5,10.4,16.1,44.8,47.0,6.8,14.7,33.3,5.1,18.1,5.0,1.3,31.9,18.0,63.5,24.9,0.9,13.7,1.9,13.7,0.0,0.0,,0.0,,,,0.0,,,5,11,3,6,3.6,4,8,4.8,2026,20260329,7,8,-2,0,-2.0,-3,0,-3.0,2026,20260329,0.0,0.0,0.0,0.0,0.0,0.0,0.0,0.0,True,True,0.05,0.03,0.02,0.05,0.03,0.02,False,False,j2,2026-03-29,team_master_stats_j2_2026_asof_20260329.csv,1500,1521,-0.5833,-0.5833,26.0,26.0,,,1.1,-20.8942,5.1058,-20.8942,3.7443,3.7443,3.7443,0.5036,False,0.33696339639734535,0.3406894617140851,0.3223471418885696,off,0.33696339639734535,0.3406894617140851,0.3223471418885696,0.33696339639734535,0.3223471418885696,False,,0.33696339639734535,0.3223471418885696,0.33696339639734535,0.3406894617140851,0.3223471418885696,0.0,0.0,0.0,False,0.33696339639734535,0.3406894617140851,0.3223471418885696,0.33696339639734535,0.3223471418885696,D,D,ARGMAX,False,D,0.3406894617140851,D,0.3406894617140851,3.7442760278960123,1.0,False,D,A,False,False,False,True,True
第１節第１日,j2_2026_02071404_湘南_秋田,2026-02-07 14:04:00,レモンＳ,湘南,秋田,1.0,2.0,0.0,10.0,0.0,0.0,,,,,,,0.0,10.0,,,False,False,False,13.850000000000001,10.75,,,,True,12.7,4.6,15.7,2.0,478.9,74.8,13.6,45.3,14.8,39.4,14.8,20.1,54.2,55.9,11.3,20.3,39.1,7.8,10.3,2.1,0.7,22.6,22.6,62.7,20.6,1.4,6.8,0.9,6.0,3.0,0.0,12.6,3.4,12.5,1.6,294.0,53.9,8.6,41.7,8.0,41.1,12.3,31.9,55.1,43.8,7.4,15.8,41.6,10.1,10.1,3.3,0.7,31.1,18.3,67.2,23.7,1.4,7.1,1.0,6.4,4.0,0.0,,0.0,,,,0.0,,,2,19,1,9,1.9,0,10,1.0,2026,20260329,3,19,-1,7,-0.2999999999999999,0,10,1.0,2026,20260329,0.0,0.0,0.0,0.0,0.0,0.0,0.0,0.0,True,True,0.05,0.03,0.02,0.05,0.03,0.02,False,False,j2,2026-03-29,team_master_stats_j2_2026_asof_20260329.csv,1500,1471,0.5909,0.5909,26.0,26.0,,,1.1,28.6841,54.6841,28.6841,40.1016,40.1016,40.1016,0.5384,True,0.3973873754003555,0.3362912034698595,0.2663214211297849,off,0.3973873754003555,0.3362912034698595,0.2663214211297849,0.3973873754003555,0.2663214211297849,False,,0.3973873754003555,0.2663214211297849,0.3973873754003555,0.3362912034698595,0.2663214211297849,0.0,0.0,0.0,False,0.3973873754003555,0.3362912034698595,0.2663214211297849,0.3973873754003555,0.2663214211297849,H,H,ARGMAX,False,H,0.3973873754003555,H,0.3973873754003555,40.10164885907851,1.0,False,H,A,False,False,False,True,True
第１節第２日,j2_2026_02081405_いわき_札幌,2026-02-08 14:05:00,ハワスタ,いわき,札幌,1.0,0.0,0.0,10.0,0.0,0.0,,,,,,,0.0,10.0,,,False,False,False,13.850000000000001,10.75,,,,True,15.8,3.7,9.0,1.4,350.3,66.7,10.3,43.1,14.7,49.5,16.3,25.1,60.9,49.4,13.1,20.1,41.4,11.4,8.4,1.4,0.7,26.6,21.1,74.3,20.6,1.7,5.1,0.7,5.1,3.0,0.0,11.7,2.6,7.3,0.9,552.9,77.8,9.3,44.6,13.6,45.3,14.8,16.6,51.6,54.6,11.6,16.7,36.6,9.8,13.4,3.7,1.4,20.3,19.6,64.2,22.9,1.7,10.5,1.5,10.5,2.0,0.0,,0.0,,,,0.0,,,2,18,2,9,2.9,2,11,3.1,2026,20260329,7,10,3,8,3.8,1,8,1.8,2026,20260329,0.0,0.0,0.0,0.0,0.0,0.0,0.0,0.0,True,True,0.05,0.03,0.02,0.05,0.03,0.02,False,False,j2,2026-03-29,team_master_stats_j2_2026_asof_20260329.csv,1538,1501,0.3043,0.3043,26.0,26.0,,,1.1,36.6426,62.6426,36.6426,45.9379,45.9379,45.9379,0.544,True,0.4072662284780065,0.3349464602508073,0.2577873112711862,off,0.4072662284780065,0.3349464602508073,0.2577873112711862,0.4072662284780065,0.2577873112711862,False,,0.4072662284780065,0.2577873112711862,0.4072662284780065,0.3349464602508073,0.2577873112711862,0.0,0.0,0.0,False,0.4072662284780065,0.3349464602508073,0.2577873112711862,0.4072662284780065,0.2577873112711862,H,H,ARGMAX,False,H,0.4072662284780065,H,0.4072662284780065,45.93789433250871,1.0,False,H,H,True,False,False,True,True
第２節第１日,j2_2026_02141403_大宮_札幌,2026-02-14 14:03:00,ＮＡＣＫ,大宮,札幌,3.0,2.0,0.0,10.0,0.0,0.0,,,,,,,0.0,10.0,,,False,False,False,13.850000000000001,10.75,,,,True,18.1,6.0,15.0,2.7,507.7,75.3,13.4,46.8,17.4,48.4,21.9,17.9,49.2,58.3,16.0,20.3,45.7,14.2,11.8,3.4,1.1,20.3,22.6,62.0,21.3,0.9,9.0,1.2,9.0,1.0,0.0,11.7,2.6,7.3,0.9,552.9,77.8,9.3,44.6,13.6,45.3,14.8,16.6,51.6,54.6,11.6,16.7,36.6,9.8,13.4,3.7,1.4,20.3,19.6,64.2,22.9,1.7,10.5,1.5,10.5,2.0,0.0,,0.0,,,,0.0,,,4,16,-2,3,-1.7,-3,4,-2.6,2026,20260329,7,10,3,8,3.8,1,8,1.8,2026,20260329,0.0,0.0,0.0,0.0,0.0,0.0,0.0,0.0,True,True,0.05,0.03,0.02,0.05,0.03,0.02,False,False,j2,2026-03-29,team_master_stats_j2_2026_asof_20260329.csv,1534,1492,0.4493,0.4493,26.0,26.0,,,1.1,41.5732,67.5732,41.5732,49.5537,49.5537,49.5537,0.5474,True,0.41340055579122553,0.3340280941322479,0.25257135007652665,off,0.41340055579122553,0.3340280941322479,0.25257135007652665,0.41340055579122553,0.25257135007652665,False,,0.41340055579122553,0.25257135007652665,0.41340055579122553,0.3340280941322479,0.25257135007652665,0.0,0.0,0.0,False,0.41340055579122553,0.3340280941322479,0.25257135007652665,0.41340055579122553,0.25257135007652665,H,H,ARGMAX,False,H,0.41340055579122553,H,0.41340055579122553,49.55368309208534,1.0,False,H,H,True,False,False,True,True
第２節第１日,j2_2026_02141403_横浜FC_仙台,2026-02-14 14:03:00,ニッパツ,横浜FC,仙台,0.0,1.0,0.0,10.0,0.0,0.0,,,,,,,0.0,10.0,,,False,False,False,13.850000000000001,10.75,,,,True,14.7,4.6,13.6,2.0,467.4,74.0,13.0,50.5,10.4,42.5,19.3,14.6,48.6,57.3,10.3,19.1,38.0,10.1,10.6,4.4,1.6,17.9,18.4,68.2,18.4,0.9,7.2,1.0,6.4,1.0,0.0,14.8,4.6,11.5,1.7,402.6,73.1,13.1,55.4,12.3,52.3,15.1,18.7,51.2,51.2,12.6,19.3,42.0,9.2,10.0,3.0,0.6,22.6,17.7,67.7,20.9,1.9,5.8,0.8,5.8,3.0,0.0,,0.0,,,,0.0,,,5,11,3,6,3.6,4,8,4.8,2026,20260329,1,21,0,8,0.8,0,10,1.0,2026,20260329,0.0,0.0,0.0,0.0,0.0,0.0,0.0,0.0,True,True,0.05,0.03,0.02,0.05,0.03,0.02,False,False,j2,2026-03-29,team_master_stats_j2_2026_asof_20260329.csv,1491,1549,-1.0761,-1.0761,26.0,26.0,,,1.1,-58.0131,-32.0131,-58.0131,-23.4763,-23.4763,-23.4763,0.4775,False,0.29378841382304716,0.339363903650577,0.36684768252637595,off,0.29378841382304716,0.339363903650577,0.36684768252637595,0.29378841382304716,0.36684768252637595,False,,0.29378841382304716,0.36684768252637595,0.29378841382304716,0.339363903650577,0.36684768252637595,0.0,0.0,0.0,False,0.29378841382304716,0.339363903650577,0.36684768252637595,0.29378841382304716,0.36684768252637595,A,A,ARGMAX,False,A,0.36684768252637595,A,0.36684768252637595,23.476285500375784,1.0,False,A,A,True,False,False,True,True
第２節第２日,j2_2026_02151403_徳島_新潟,2026-02-15 14:03:00,鳴門大塚,徳島,新潟,4.0,0.0,0.0,10.0,0.0,0.0,,,,,,,0.0,10.0,,,False,False,False,13.850000000000001,10.75,,,,True,12.0,5.6,21.4,2.6,461.6,79.2,11.0,53.2,15.3,43.9,11.7,12.3,48.3,51.8,11.1,20.0,32.4,8.9,12.1,3.3,0.7,18.3,21.3,66.4,20.4,1.6,7.2,1.0,7.2,5.0,0.0,9.4,3.1,15.2,1.4,432.6,74.5,11.1,38.5,14.1,44.4,11.3,15.7,45.8,48.2,6.8,16.3,35.3,8.0,12.4,4.7,1.3,25.0,19.1,62.7,21.7,2.4,7.7,1.1,7.7,4.0,0.0,,0.0,,,,0.0,,,1,18,0,6,0.6000000000000001,1,9,1.9,2026,20260329,4,14,0,4,0.4,-1,5,-0.5,2026,20260329,0.0,0.0,0.0,0.0,0.0,0.0,0.0,0.0,True,True,0.05,0.03,0.02,0.05,0.03,0.02,False,False,j2,2026-03-29,team_master_stats_j2_2026_asof_20260329.csv,1560,1500,0.1667,0.1667,26.0,26.0,,,1.1,59.805,85.805,59.805,62.9237,62.9237,62.9237,0.5601,True,0.4361398790048298,0.3300812933156729,0.23377882767949731,off,0.4361398790048298,0.3300812933156729,0.23377882767949731,0.4361398790048298,0.23377882767949731,False,,0.4361398790048298,0.23377882767949731,0.4361398790048298,0.3300812933156729,0.23377882767949731,0.0,0.0,0.0,False,0.4361398790048298,0.3300812933156729,0.23377882767949731,0.4361398790048298,0.23377882767949731,H,H,ARGMAX,False,H,0.4361398790048298,H,0.4361398790048298,62.923691461980546,1.0,False,H,H,True,False,False,True,True
第２節第２日,j2_2026_02151403_栃木Ｃ_秋田,2026-02-15 14:03:00,ＣＦＳ,栃木Ｃ,秋田,0.0,1.0,0.0,10.0,0.0,0.0,,,,,,,0.0,10.0,,,False,False,False,13.850000000000001,10.75,,,,True,10.3,3.0,9.7,1.0,434.4,71.2,15.8,53.2,11.7,47.6,14.8,17.9,48.3,53.6,8.3,20.4,39.9,6.0,14.7,5.0,2.4,27.3,18.4,65.1,20.6,0.7,9.4,1.3,9.4,1.0,0.0,12.6,3.4,12.5,1.6,294.0,53.9,8.6,41.7,8.0,41.1,12.3,31.9,55.1,43.8,7.4,15.8,41.6,10.1,10.1,3.3,0.7,31.1,18.3,67.2,23.7,1.4,7.1,1.0,6.4,4.0,0.0,,0.0,,,,0.0,,,8,7,2,6,2.6,2,7,2.7,2026,20260329,3,19,-1,7,-0.2999999999999999,0,10,1.0,2026,20260329,0.0,0.0,0.0,0.0,0.0,0.0,0.0,0.0,True,True,0.05,0.03,0.02,0.05,0.03,0.02,False,False,j2,2026-03-29,team_master_stats_j2_2026_asof_20260329.csv,1491,1482,-1.4091,-1.4091,26.0,26.0,,,1.1,8.9996,34.9996,8.9996,25.6663,25.6663,25.6663,0.5246,False,0.3731218457035027,0.3388700159808583,0.2880081383156391,off,0.3731218457035027,0.3388700159808583,0.2880081383156391,0.3731218457035027,0.2880081383156391,False,,0.3731218457035027,0.2880081383156391,0.3731218457035027,0.3388700159808583,0.2880081383156391,0.0,0.0,0.0,False,0.3731218457035027,0.3388700159808583,0.2880081383156391,0.3731218457035027,0.2880081383156391,H,H,ARGMAX,False,H,0.3731218457035027,H,0.3731218457035027,25.666343643893715,1.0,False,H,A,False,False,False,True,True
第３節第１日,j2_2026_02211403_宮崎_鳥栖,2026-02-21 14:03:00,いちご,宮崎,鳥栖,2.0,1.0,0.0,10.0,0.0,0.0,,,,,,,0.0,10.0,,,False,False,False,13.850000000000001,10.75,,,,True,11.6,4.4,18.5,2.1,400.9,74.9,10.8,46.1,12.7,43.8,14.4,17.1,53.3,46.5,9.7,17.4,33.1,8.1,9.3,2.1,0.9,28.0,17.9,69.6,20.1,1.3,6.9,0.9,6.9,3.0,0.0,14.1,4.0,7.1,1.0,555.4,79.8,15.6,47.7,10.0,47.1,15.3,13.8,43.3,58.8,10.4,18.0,37.6,9.7,9.6,3.6,1.1,23.4,16.0,66.1,17.9,1.3,6.9,0.9,6.9,2.0,0.0,,0.0,,,,0.0,,,1,21,0,6,0.6000000000000001,0,9,0.9,2026,20260329,4,12,5,9,5.9,5,9,5.9,2026,20260329,0.0,0.0,0.0,0.0,0.0,0.0,0.0,0.0,True,True,0.05,0.03,0.02,0.05,0.03,0.02,False,False,j2,2026-03-29,team_master_stats_j2_2026_asof_20260329.csv,1500,1520,1.75,1.75,26.0,26.0,,,1.1,-19.993,6.007,-19.993,4.4052,4.4052,4.4052,0.5042,True,0.3380378587823114,0.34067218213130007,0.32128995908638863,off,0.3380378587823114,0.34067218213130007,0.32128995908638863,0.3380378587823114,0.32128995908638863,False,,0.3380378587823114,0.32128995908638863,0.3380378587823114,0.34067218213130007,0.32128995908638863,0.0,0.0,0.0,False,0.3380378587823114,0.34067218213130007,0.32128995908638863,0.3380378587823114,0.32128995908638863,D,D,ARGMAX,False,D,0.34067218213130007,D,0.34067218213130007,4.405155154192623,1.0,False,D,H,False,False,False,True,True
第３節第１日,j2_2026_02211403_湘南_八戸,2026-02-21 14:03:00,レモンＳ,湘南,八戸,1.0,0.0,0.0,10.0,0.0,0.0,,,,,,,0.0,10.0,,,False,False,False,13.850000000000001,10.75,,,,True,12.7,4.6,15.7,2.0,478.9,74.8,13.6,45.3,14.8,39.4,14.8,20.1,54.2,55.9,11.3,20.3,39.1,7.8,10.3,2.1,0.7,22.6,22.6,62.7,20.6,1.4,6.8,0.9,6.0,3.0,0.0,13.8,3.7,2.4,0.3,321.0,60.3,9.2,41.8,10.2,47.5,14.5,20.2,46.0,42.6,7.8,17.0,42.7,7.1,7.7,1.7,0.7,26.0,21.7,60.8,27.3,1.3,4.3,0.7,4.3,2.0,0.0,,0.0,,,,0.0,,,2,19,1,9,1.9,0,10,1.0,2026,20260329,9,6,-2,1,-1.9,-3,2,-2.8,2026,20260329,0.0,0.0,0.0,0.0,0.0,0.0,0.0,0.0,True,True,0.05,0.03,0.02,0.05,0.03,0.02,False,False,j2,2026-03-29,team_master_stats_j2_2026_asof_20260329.csv,1489,1500,1.6667,1.6667,26.0,26.0,,,1.1,-10.8237,15.1763,-10.8237,11.1293,11.1293,11.1293,0.5107,True,0.3490298807984745,0.34036304507881354,0.31060707412271193,off,0.3490298807984745,0.34036304507881354,0.31060707412271193,0.3490298807984745,0.31060707412271193,False,,0.3490298807984745,0.31060707412271193,0.3490298807984745,0.34036304507881354,0.31060707412271193,0.0,0.0,0.0,False,0.3490298807984745,0.34036304507881354,0.31060707412271193,0.3490298807984745,0.31060707412271193,H,H,ARGMAX,False,H,0.3490298807984745,H,0.3490298807984745,11.129269697653582,1.0,False,H,H,True,False,False,True,True
第３節第１日,j2_2026_02211403_藤枝_甲府,2026-02-21 14:03:00,藤枝サ,藤枝,甲府,1.0,1.0,0.0,10.0,0.0,0.0,,,,,,,0.0,10.0,2026-02-21 14:03:00,藤枝サ,False,False,False,13.850000000000001,10.75,,20260221,weather_features_j2_2026_asof_20260221.csv,True,11.3,3.7,13.9,1.6,344.1,68.9,14.4,48.5,11.4,38.8,13.7,18.0,48.3,48.2,10.1,19.0,33.6,9.8,16.0,3.9,1.3,32.6,19.7,60.9,22.1,1.1,12.7,1.8,12.0,1.0,0.0,8.7,2.7,14.8,1.3,394.0,68.8,10.1,39.4,13.0,46.2,14.3,19.3,47.4,48.7,8.1,20.7,38.4,5.5,10.3,3.6,0.6,25.4,25.4,65.7,21.7,2.7,6.8,0.9,6.1,3.0,0.0,,0.0,,,,0.0,,,5,15,0,6,0.6000000000000001,0,8,0.8,2026,20260329,3,17,-2,3,-1.7,-1,6,-0.3999999999999999,2026,20260329,0.0,0.0,0.0,0.0,0.016667,0.0,0.020833,1.0,True,False,0.05,0.03,0.02,0.016667,0.0,0.020833,False,False,j2,2026-03-29,team_master_stats_j2_2026_asof_20260329.csv,1444,1456,0.0368,0.0368,26.0,26.0,,,1.1,-12.5476,13.4524,-12.5476,9.8651,9.8651,9.8651,0.5095,True,0.3469498037510492,0.3404398657285993,0.31261033052035153,off,0.3469498037510492,0.3404398657285993,0.31261033052035153,0.3469498037510492,0.31261033052035153,False,,0.3469498037510492,0.31261033052035153,0.3469498037510492,0.3404398657285993,0.31261033052035153,0.0,0.0,0.0,False,0.3469498037510492,0.3404398657285993,0.31261033052035153,0.3469498037510492,0.31261033052035153,H,H,ARGMAX,False,H,0.3469498037510492,H,0.3469498037510492,9.861765718506666,1.0,False,H,D,False,False,False,True,True
第３節第２日,j2_2026_02221403_徳島_富山,2026-02-22 14:03:00,鳴門大塚,徳島,富山,1.0,3.0,0.0,10.0,0.0,0.0,,,,,,,0.0,10.0,,,False,False,False,13.850000000000001,10.75,,,,True,12.0,5.6,21.4,2.6,461.6,79.2,11.0,53.2,15.3,43.9,11.7,12.3,48.3,51.8,11.1,20.0,32.4,8.9,12.1,3.3,0.7,18.3,21.3,66.4,20.4,1.6,7.2,1.0,7.2,5.0,0.0,17.1,4.7,11.7,2.0,518.6,79.0,13.0,51.6,16.4,49.6,16.4,13.4,50.8,54.2,13.3,18.4,40.3,11.3,10.7,4.1,1.6,19.9,18.7,62.6,22.7,2.0,7.6,1.0,7.6,1.0,0.0,,0.0,,,,0.0,,,1,18,0,6,0.6000000000000001,1,9,1.9,2026,20260329,2,15,1,5,1.5,2,7,2.7,2026,20260329,0.0,0.0,0.0,0.0,0.0,0.0,0.0,0.0,True,True,0.05,0.03,0.02,0.05,0.03,0.02,False,False,j2,2026-03-29,team_master_stats_j2_2026_asof_20260329.csv,1568,1441,0.5238,0.5238,26.0,26.0,,,1.1,127.2302,153.2302,127.2302,112.3688,112.3688,112.3688,0.6062,True,0.5196080851793736,0.3087305682225754,0.171661346598051,off,0.5196080851793736,0.3087305682225754,0.171661346598051,0.5196080851793736,0.171661346598051,False,,0.5196080851793736,0.171661346598051,0.5196080851793736,0.3087305682225754,0.171661346598051,0.0,0.0,0.0,False,0.5196080851793736,0.3087305682225754,0.171661346598051,0.5196080851793736,0.171661346598051,H,H,ARGMAX,False,H,0.5196080851793736,H,0.5196080851793736,112.36878620090488,1.0,False,H,A,False,False,False,True,True
第３節第２日,j2_2026_02221403_横浜FC_栃木Ｃ,2026-02-22 14:03:00,ニッパツ,横浜FC,栃木Ｃ,5.0,1.0,0.0,10.0,0.0,0.0,,,,,,,0.0,10.0,,,False,False,False,13.850000000000001,10.75,,,,True,14.7,4.6,13.6,2.0,467.4,74.0,13.0,50.5,10.4,42.5,19.3,14.6,48.6,57.3,10.3,19.1,38.0,10.1,10.6,4.4,1.6,17.9,18.4,68.2,18.4,0.9,7.2,1.0,6.4,1.0,0.0,10.3,3.0,9.7,1.0,434.4,71.2,15.8,53.2,11.7,47.6,14.8,17.9,48.3,53.6,8.3,20.4,39.9,6.0,14.7,5.0,2.4,27.3,18.4,65.1,20.6,0.7,9.4,1.3,9.4,1.0,0.0,,0.0,,,,0.0,,,5,11,3,6,3.6,4,8,4.8,2026,20260329,8,7,2,6,2.6,2,7,2.7,2026,20260329,0.0,0.0,0.0,0.0,0.0,0.0,0.0,0.0,True,True,0.05,0.03,0.02,0.05,0.03,0.02,False,False,j2,2026-03-29,team_master_stats_j2_2026_asof_20260329.csv,1482,1481,-1.25,-1.25,26.0,26.0,,,1.1,1.3748,27.3748,1.3748,20.0749,20.0749,20.0749,0.5193,False,0.3638074041043322,0.3395769578811523,0.29661563801451546,off,0.3638074041043322,0.3395769578811523,0.29661563801451546,0.3638074041043322,0.29661563801451546,False,,0.3638074041043322,0.29661563801451546,0.3638074041043322,0.3395769578811523,0.29661563801451546,0.0,0.0,0.0,False,0.3638074041043322,0.3395769578811523,0.29661563801451546,0.3638074041043322,0.29661563801451546,H,H,ARGMAX,False,H,0.3638074041043322,H,0.3638074041043322,20.074866299135362,1.0,False,H,H,True,False,False,True,True
第４節第１日,j2_2026_02281303_仙台_八戸,2026-02-28 13:03:00,ユアスタ,仙台,八戸,0.0,0.0,0.0,10.0,0.0,0.0,,,,,,,0.0,10.0,,,False,False,False,13.850000000000001,10.75,,,,True,14.8,4.6,11.5,1.7,402.6,73.1,13.1,55.4,12.3,52.3,15.1,18.7,51.2,51.2,12.6,19.3,42.0,9.2,10.0,3.0,0.6,22.6,17.7,67.7,20.9,1.9,5.8,0.8,5.8,3.0,0.0,13.8,3.7,2.4,0.3,321.0,60.3,9.2,41.8,10.2,47.5,14.5,20.2,46.0,42.6,7.8,17.0,42.7,7.1,7.7,1.7,0.7,26.0,21.7,60.8,27.3,1.3,4.3,0.7,4.3,2.0,0.0,,0.0,,,,0.0,,,1,21,0,8,0.8,0,10,1.0,2026,20260329,9,6,-2,1,-1.9,-3,2,-2.8,2026,20260329,0.0,0.0,0.0,0.0,0.0,0.0,0.0,0.0,True,True,0.05,0.03,0.02,0.05,0.03,0.02,False,False,j2,2026-03-29,team_master_stats_j2_2026_asof_20260329.csv,1557,1490,1.1905,1.1905,26.0,26.0,,,1.1,67.2708,93.2708,67.2708,68.3986,68.3986,68.3986,0.5652,True,0.44546099582879406,0.3282225133317793,0.22631649083942662,off,0.44546099582879406,0.3282225133317793,0.22631649083942662,0.44546099582879406,0.22631649083942662,False,,0.44546099582879406,0.22631649083942662,0.44546099582879406,0.3282225133317793,0.22631649083942662,0.0,0.0,0.0,False,0.44546099582879406,0.3282225133317793,0.22631649083942662,0.44546099582879406,0.22631649083942662,H,H,ARGMAX,False,H,0.44546099582879406,H,0.44546099582879406,68.39858764493934,1.0,False,H,D,False,False,False,True,True
第４節第１日,j2_2026_02281403_栃木Ｃ_湘南,2026-02-28 14:03:00,ＣＦＳ,栃木Ｃ,湘南,1.0,3.0,0.0,10.0,0.0,0.0,,,,,,,0.0,10.0,,,False,False,False,13.850000000000001,10.75,,,,True,10.3,3.0,9.7,1.0,434.4,71.2,15.8,53.2,11.7,47.6,14.8,17.9,48.3,53.6,8.3,20.4,39.9,6.0,14.7,5.0,2.4,27.3,18.4,65.1,20.6,0.7,9.4,1.3,9.4,1.0,0.0,12.7,4.6,15.7,2.0,478.9,74.8,13.6,45.3,14.8,39.4,14.8,20.1,54.2,55.9,11.3,20.3,39.1,7.8,10.3,2.1,0.7,22.6,22.6,62.7,20.6,1.4,6.8,0.9,6.0,3.0,0.0,,0.0,,,,0.0,,,8,7,2,6,2.6,2,7,2.7,2026,20260329,2,19,1,9,1.9,0,10,1.0,2026,20260329,0.0,0.0,0.0,1.0,0.0,0.0,0.0,1.0,False,False,0.0,0.0,0.0,0.0,0.0,0.0,False,False,j2,2026-03-29,team_master_stats_j2_2026_asof_20260329.csv,1471,1499,-2.3333,-2.3333,26.0,26.0,,,1.1,-28.5679,-2.5679,-28.5679,-1.8831,-1.8831,-1.8831,0.4982,False,0.3278599898906627,0.3407414378857778,0.3313985722235595,off,0.3278599898906627,0.3407414378857778,0.3313985722235595,0.3278599898906627,0.3313985722235595,False,,0.3278599898906627,0.3313985722235595,0.3278599898906627,0.3407414378857778,0.3313985722235595,0.0,0.0,0.0,False,0.3278599898906627,0.3407414378857778,0.3313985722235595,0.3278599898906627,0.3313985722235595,D,D,ARGMAX,False,D,0.3407414378857778,D,0.3407414378857778,1.883120715159521,1.0,False,D,A,False,False,False,True,True
第４節第２日,j2_2026_03011403_いわき_藤枝,2026-03-01 14:03:00,ハワスタ,いわき,藤枝,1.0,2.0,0.0,10.0,0.0,0.0,,,,,,,0.0,10.0,,,False,False,False,13.850000000000001,10.75,,,,True,15.8,3.7,9.0,1.4,350.3,66.7,10.3,43.1,14.7,49.5,16.3,25.1,60.9,49.4,13.1,20.1,41.4,11.4,8.4,1.4,0.7,26.6,21.1,74.3,20.6,1.7,5.1,0.7,5.1,3.0,0.0,11.3,3.7,13.9,1.6,344.1,68.9,14.4,48.5,11.4,38.8,13.7,18.0,48.3,48.2,10.1,19.0,33.6,9.8,16.0,3.9,1.3,32.6,19.7,60.9,22.1,1.1,12.7,1.8,12.0,1.0,0.0,,0.0,,,,0.0,,,2,18,2,9,2.9,2,11,3.1,2026,20260329,5,15,0,6,0.6000000000000001,0,8,0.8,2026,20260329,0.0,0.0,0.0,0.0,0.017021,0.0,0.021277,1.0,True,False,0.05,0.03,0.02,0.017021,0.0,0.021277,False,False,j2,2026-03-29,team_master_stats_j2_2026_asof_20260329.csv,1547,1444,0.5217,0.5217,26.0,26.0,,,1.1,102.6466,128.6466,102.6466,94.3409,94.3409,94.3409,0.5895,True,0.4894502060973761,0.3176406553401787,0.19290913856244513,off,0.4894502060973761,0.3176406553401787,0.19290913856244513,0.4894502060973761,0.19290913856244513,False,,0.4894502060973761,0.19290913856244513,0.4894502060973761,0.3176406553401787,0.19290913856244513,0.0,0.0,0.0,False,0.4894502060973761,0.3176406553401787,0.19290913856244513,0.4894502060973761,0.19290913856244513,H,H,ARGMAX,False,H,0.4894502060973761,H,0.4894502060973761,94.33756752479333,1.0,False,H,A,False,False,False,True,True
第４節第２日,j2_2026_03011403_今治_新潟,2026-03-01 14:03:00,アシさと,今治,新潟,0.0,2.0,0.0,10.0,0.0,0.0,,,,,,,0.0,10.0,,,False,False,False,13.850000000000001,10.75,,,,True,8.6,2.9,6.7,0.6,448.3,73.6,9.8,46.4,13.4,40.4,12.4,15.3,47.8,53.1,6.3,17.6,37.6,5.7,10.1,3.0,1.0,21.6,20.1,64.5,22.6,1.7,7.5,1.0,6.7,2.0,0.0,9.4,3.1,15.2,1.4,432.6,74.5,11.1,38.5,14.1,44.4,11.3,15.7,45.8,48.2,6.8,16.3,35.3,8.0,12.4,4.7,1.3,25.0,19.1,62.7,21.7,2.4,7.7,1.1,7.7,4.0,0.0,,0.0,,,,0.0,,,8,9,0,4,0.4,-1,4,-0.6,2026,20260329,4,14,0,4,0.4,-1,5,-0.5,2026,20260329,0.053333,0.0,0.066667,1.0,0.0,0.0,0.0,0.0,False,True,0.053333,0.0,0.066667,0.05,0.03,0.02,False,False,j2,2026-03-29,team_master_stats_j2_2026_asof_20260329.csv,1506,1492,-0.3571,-0.3571,26.0,26.0,,,1.1,14.1001,40.1001,14.1001,29.4068,29.4068,29.4068,0.5282,False,0.3793811975051542,0.3383054702879056,0.28231333220694027,off,0.3793811975051542,0.3383054702879056,0.28231333220694027,0.3793811975051542,0.28231333220694027,False,,0.3793811975051542,0.28231333220694027,0.3793811975051542,0.3383054702879056,0.28231333220694027,0.0,0.0,0.0,False,0.3793811975051542,0.3383054702879056,0.28231333220694027,0.3793811975051542,0.28231333220694027,H,H,ARGMAX,False,H,0.3793811975051542,H,0.3793811975051542,29.40643496809357,1.0,False,H,A,False,False,False,True,True
第５節第１日,j2_2026_03071403_いわき_大宮,2026-03-07 14:03:00,ハワスタ,いわき,大宮,1.0,1.0,0.0,10.0,0.0,0.0,,,,,,,0.0,10.0,,,False,False,False,13.850000000000001,10.75,,,,True,15.8,3.7,9.0,1.4,350.3,66.7,10.3,43.1,14.7,49.5,16.3,25.1,60.9,49.4,13.1,20.1,41.4,11.4,8.4,1.4,0.7,26.6,21.1,74.3,20.6,1.7,5.1,0.7,5.1,3.0,0.0,18.1,6.0,15.0,2.7,507.7,75.3,13.4,46.8,17.4,48.4,21.9,17.9,49.2,58.3,16.0,20.3,45.7,14.2,11.8,3.4,1.1,20.3,22.6,62.0,21.3,0.9,9.0,1.2,9.0,1.0,0.0,,0.0,,,,0.0,,,2,18,2,9,2.9,2,11,3.1,2026,20260329,4,16,-2,3,-1.7,-3,4,-2.6,2026,20260329,0.0,0.0,0.0,0.0,0.069246,0.090909,0.06383,3.0,True,False,0.05,0.03,0.02,0.069246,0.090909,0.06383,False,False,j2,2026-03-29,team_master_stats_j2_2026_asof_20260329.csv,1534,1543,-0.0692,-0.0692,26.0,26.0,,,1.1,-8.7126,17.2874,-8.7126,12.6774,12.6774,12.6774,0.5122,False,0.35157854129852395,0.3402574091866534,0.3081640495148226,off,0.35157854129852395,0.3402574091866534,0.3081640495148226,0.35157854129852395,0.3081640495148226,False,,0.35157854129852395,0.3081640495148226,0.35157854129852395,0.3402574091866534,0.3081640495148226,0.0,0.0,0.0,False,0.35157854129852395,0.3402574091866534,0.3081640495148226,0.35157854129852395,0.3081640495148226,H,H,ARGMAX,False,H,0.35157854129852395,H,0.35157854129852395,12.679347903598837,1.0,False,H,D,False,False,False,True,True
第５節第１日,j2_2026_03071403_仙台_湘南,2026-03-07 14:03:00,ユアスタ,仙台,湘南,1.0,1.0,0.0,10.0,0.0,0.0,,,,,,,0.0,10.0,,,False,False,False,13.850000000000001,10.75,,,,True,14.8,4.6,11.5,1.7,402.6,73.1,13.1,55.4,12.3,52.3,15.1,18.7,51.2,51.2,12.6,19.3,42.0,9.2,10.0,3.0,0.6,22.6,17.7,67.7,20.9,1.9,5.8,0.8,5.8,3.0,0.0,12.7,4.6,15.7,2.0,478.9,74.8,13.6,45.3,14.8,39.4,14.8,20.1,54.2,55.9,11.3,20.3,39.1,7.8,10.3,2.1,0.7,22.6,22.6,62.7,20.6,1.4,6.8,0.9,6.0,3.0,0.0,,0.0,,,,0.0,,,1,21,0,8,0.8,0,10,1.0,2026,20260329,2,19,1,9,1.9,0,10,1.0,2026,20260329,0.0,0.0,0.0,0.0,0.0,0.0,0.0,1.0,True,False,0.05,0.03,0.02,0.0,0.0,0.0,False,False,j2,2026-03-29,team_master_stats_j2_2026_asof_20260329.csv,1555,1509,-0.8095,-0.8095,26.0,26.0,,,1.1,46.3797,72.3797,46.3797,53.0784,53.0784,53.0784,0.5507,False,0.4193799515671756,0.33307240614372147,0.24754764228910292,off,0.4193799515671756,0.33307240614372147,0.24754764228910292,0.4193799515671756,0.24754764228910292,False,,0.4193799515671756,0.24754764228910292,0.4193799515671756,0.33307240614372147,0.24754764228910292,0.0,0.0,0.0,False,0.4193799515671756,0.33307240614372147,0.24754764228910292,0.4193799515671756,0.24754764228910292,H,H,ARGMAX,False,H,0.4193799515671756,H,0.4193799515671756,53.07344166564781,1.0,False,H,D,False,False,False,True,True
第５節第１日,j2_2026_03071403_藤枝_磐田,2026-03-07 14:03:00,藤枝サ,藤枝,磐田,1.0,1.0,0.0,10.0,0.0,0.0,,,,,,,0.0,10.0,,,False,False,False,13.850000000000001,10.75,,,,True,11.3,3.7,13.9,1.6,344.1,68.9,14.4,48.5,11.4,38.8,13.7,18.0,48.3,48.2,10.1,19.0,33.6,9.8,16.0,3.9,1.3,32.6,19.7,60.9,22.1,1.1,12.7,1.8,12.0,1.0,0.0,11.8,2.7,4.8,0.6,473.9,74.7,10.1,50.7,12.1,44.7,19.1,19.3,53.1,52.4,9.4,16.3,35.0,8.1,10.1,4.1,1.4,16.7,17.7,62.9,19.0,1.4,8.8,1.2,8.1,2.0,0.0,,0.0,,,,0.0,,,5,15,0,6,0.6000000000000001,0,8,0.8,2026,20260329,8,5,-1,0,-1.0,-2,1,-1.9,2026,20260329,0.017021,0.0,0.021277,1.0,0.0,0.0,0.0,1.0,False,False,0.017021,0.0,0.021277,0.0,0.0,0.0,False,False,j2,2026-03-29,team_master_stats_j2_2026_asof_20260329.csv,1457,1549,-0.2013,-0.2013,26.0,26.0,,,1.1,-91.5142,-65.5142,-91.5142,-48.0437,-48.0437,-48.0437,0.454,False,0.257012256025817,0.33481469141639697,0.40817305255778596,off,0.257012256025817,0.33481469141639697,0.40817305255778596,0.257012256025817,0.40817305255778596,False,,0.257012256025817,0.40817305255778596,0.257012256025817,0.33481469141639697,0.40817305255778596,0.0,0.0,0.0,False,0.257012256025817,0.33481469141639697,0.40817305255778596,0.257012256025817,0.40817305255778596,A,A,ARGMAX,False,A,0.40817305255778596,A,0.40817305255778596,48.045450807540824,1.0,False,A,D,False,False,False,True,True
第５節第２日,j2_2026_03081303_八戸_横浜FC,2026-03-08 13:03:00,プラスタ,八戸,横浜FC,1.0,1.0,0.0,10.0,0.0,0.0,,,,,,,0.0,10.0,,,False,False,False,13.850000000000001,10.75,,,,True,13.8,3.7,2.4,0.3,321.0,60.3,9.2,41.8,10.2,47.5,14.5,20.2,46.0,42.6,7.8,17.0,42.7,7.1,7.7,1.7,0.7,26.0,21.7,60.8,27.3,1.3,4.3,0.7,4.3,2.0,0.0,14.7,4.6,13.6,2.0,467.4,74.0,13.0,50.5,10.4,42.5,19.3,14.6,48.6,57.3,10.3,19.1,38.0,10.1,10.6,4.4,1.6,17.9,18.4,68.2,18.4,0.9,7.2,1.0,6.4,1.0,0.0,,0.0,,,,0.0,,,9,6,-2,1,-1.9,-3,2,-2.8,2026,20260329,5,11,3,6,3.6,4,8,4.8,2026,20260329,0.0,0.0,0.0,0.0,0.0,0.0,0.0,0.0,True,True,0.05,0.03,0.02,0.05,0.03,0.02,False,False,j2,2026-03-29,team_master_stats_j2_2026_asof_20260329.csv,1492,1492,-0.5,-0.5,26.0,26.0,,,1.1,-0.6146,25.3854,-0.6146,18.616,18.616,18.616,0.5179,False,0.36138648280345564,0.33973421987238345,0.29887929732416096,off,0.36138648280345564,0.33973421987238345,0.29887929732416096,0.36138648280345564,0.29887929732416096,False,,0.36138648280345564,0.29887929732416096,0.36138648280345564,0.33973421987238345,0.29887929732416096,0.0,0.0,0.0,False,0.36138648280345564,0.33973421987238345,0.29887929732416096,0.36138648280345564,0.29887929732416096,H,H,ARGMAX,False,H,0.36138648280345564,H,0.36138648280345564,18.61599435369643,1.0,False,H,D,False,False,False,True,True
第５節第２日,j2_2026_03081403_山形_秋田,2026-03-08 14:03:00,ＮＤスタ,山形,秋田,0.0,1.0,0.0,10.0,0.0,0.0,,,,,,,0.0,10.0,,,False,False,False,13.850000000000001,10.75,,,,True,7.6,2.6,13.2,1.0,387.9,74.3,6.4,51.1,8.4,47.5,10.4,16.1,44.8,47.0,6.8,14.7,33.3,5.1,18.1,5.0,1.3,31.9,18.0,63.5,24.9,0.9,13.7,1.9,13.7,0.0,0.0,12.6,3.4,12.5,1.6,294.0,53.9,8.6,41.7,8.0,41.1,12.3,31.9,55.1,43.8,7.4,15.8,41.6,10.1,10.1,3.3,0.7,31.1,18.3,67.2,23.7,1.4,7.1,1.0,6.4,4.0,0.0,,0.0,,,,0.0,,,7,8,-2,0,-2.0,-3,0,-3.0,2026,20260329,3,19,-1,7,-0.2999999999999999,0,10,1.0,2026,20260329,0.0,0.0,0.0,0.0,0.0,0.0,0.0,1.0,True,False,0.05,0.03,0.02,0.0,0.0,0.0,False,False,j2,2026-03-29,team_master_stats_j2_2026_asof_20260329.csv,1530,1492,-0.1364,-0.1364,26.0,26.0,,,1.1,37.8949,63.8949,37.8949,46.8562,46.8562,46.8562,0.5448,False,0.40881487615537554,0.3347205897412091,0.2564645341034153,off,0.40881487615537554,0.3347205897412091,0.2564645341034153,0.40881487615537554,0.2564645341034153,False,,0.40881487615537554,0.2564645341034153,0.40881487615537554,0.3347205897412091,0.2564645341034153,0.0,0.0,0.0,False,0.40881487615537554,0.3347205897412091,0.2564645341034153,0.40881487615537554,0.2564645341034153,H,H,ARGMAX,False,H,0.40881487615537554,H,0.40881487615537554,46.851248065050854,1.0,False,H,A,False,False,False,True,True
第６節第１日,j2_2026_03141403_大宮_藤枝,2026-03-14 14:03:00,ＮＡＣＫ,大宮,藤枝,1.0,2.0,0.0,10.0,0.0,0.0,,,,,,,0.0,10.0,,,False,False,False,13.850000000000001,10.75,,,,True,18.1,6.0,15.0,2.7,507.7,75.3,13.4,46.8,17.4,48.4,21.9,17.9,49.2,58.3,16.0,20.3,45.7,14.2,11.8,3.4,1.1,20.3,22.6,62.0,21.3,0.9,9.0,1.2,9.0,1.0,0.0,11.3,3.7,13.9,1.6,344.1,68.9,14.4,48.5,11.4,38.8,13.7,18.0,48.3,48.2,10.1,19.0,33.6,9.8,16.0,3.9,1.3,32.6,19.7,60.9,22.1,1.1,12.7,1.8,12.0,1.0,0.0,,0.0,,,,0.0,,,4,16,-2,3,-1.7,-3,4,-2.6,2026,20260329,5,15,0,6,0.6000000000000001,0,8,0.8,2026,20260329,0.0,0.0,0.0,3.0,0.017021,0.0,0.021277,2.0,False,False,0.0,0.0,0.0,0.017021,0.0,0.021277,False,False,j2,2026-03-29,team_master_stats_j2_2026_asof_20260329.csv,1542,1460,0.6667,0.6667,26.0,26.0,,,1.1,82.7911,108.7911,82.7911,79.7801,79.7801,79.7801,0.5759,True,0.46481921677167737,0.3239280810856116,0.21125270214271102,off,0.46481921677167737,0.3239280810856116,0.21125270214271102,0.46481921677167737,0.21125270214271102,False,,0.46481921677167737,0.21125270214271102,0.46481921677167737,0.3239280810856116,0.21125270214271102,0.0,0.0,0.0,False,0.46481921677167737,0.3239280810856116,0.21125270214271102,0.46481921677167737,0.21125270214271102,H,H,ARGMAX,False,H,0.46481921677167737,H,0.46481921677167737,79.78184749383168,1.0,False,H,A,False,False,False,True,True
第６節第１日,j2_2026_03141403_宮崎_大分,2026-03-14 14:03:00,いちご,宮崎,大分,1.0,0.0,0.0,10.0,0.0,0.0,,,,,,,0.0,10.0,,,False,False,False,13.850000000000001,10.75,,,,True,11.6,4.4,18.5,2.1,400.9,74.9,10.8,46.1,12.7,43.8,14.4,17.1,53.3,46.5,9.7,17.4,33.1,8.1,9.3,2.1,0.9,28.0,17.9,69.6,20.1,1.3,6.9,0.9,6.9,3.0,0.0,12.7,4.0,10.1,1.3,542.3,79.0,9.0,52.4,13.6,45.3,15.7,22.6,59.8,54.4,10.1,16.6,36.4,11.5,11.4,3.3,1.0,23.9,18.4,64.3,17.0,1.6,7.0,1.0,6.2,4.0,0.0,,0.0,,,,0.0,,,1,21,0,6,0.6000000000000001,0,9,0.9,2026,20260329,5,11,-3,0,-3.0,-2,2,-1.8,2026,20260329,0.0,0.0,0.0,0.0,0.0,0.0,0.0,0.0,True,True,0.05,0.03,0.02,0.05,0.03,0.02,False,False,j2,2026-03-29,team_master_stats_j2_2026_asof_20260329.csv,1511,1434,2.25,2.25,26.0,26.0,,,1.1,77.0529,103.0529,77.0529,75.5721,75.5721,75.5721,0.572,True,0.4576662464381324,0.32558233811071524,0.21675141545115234,off,0.4576662464381324,0.32558233811071524,0.21675141545115234,0.4576662464381324,0.21675141545115234,False,,0.4576662464381324,0.21675141545115234,0.4576662464381324,0.32558233811071524,0.21675141545115234,0.0,0.0,0.0,False,0.4576662464381324,0.32558233811071524,0.21675141545115234,0.4576662464381324,0.21675141545115234,H,H,ARGMAX,False,H,0.4576662464381324,H,0.4576662464381324,75.57211568213158,1.0,False,H,H,True,False,False,True,True
第６節第１日,j2_2026_03141403_湘南_山形,2026-03-14 14:03:00,レモンＳ,湘南,山形,2.0,1.0,0.0,10.0,0.0,0.0,,,,,,,0.0,10.0,,,False,False,False,13.850000000000001,10.75,,,,True,12.7,4.6,15.7,2.0,478.9,74.8,13.6,45.3,14.8,39.4,14.8,20.1,54.2,55.9,11.3,20.3,39.1,7.8,10.3,2.1,0.7,22.6,22.6,62.7,20.6,1.4,6.8,0.9,6.0,3.0,0.0,7.6,2.6,13.2,1.0,387.9,74.3,6.4,51.1,8.4,47.5,10.4,16.1,44.8,47.0,6.8,14.7,33.3,5.1,18.1,5.0,1.3,31.9,18.0,63.5,24.9,0.9,13.7,1.9,13.7,0.0,0.0,,0.0,,,,0.0,,,2,19,1,9,1.9,0,10,1.0,2026,20260329,7,8,-2,0,-2.0,-3,0,-3.0,2026,20260329,0.0,0.0,0.0,1.0,0.0,0.0,0.0,0.0,False,True,0.0,0.0,0.0,0.05,0.03,0.02,False,False,j2,2026-03-29,team_master_stats_j2_2026_asof_20260329.csv,1510,1519,0.6667,0.6667,26.0,26.0,,,1.1,-9.2128,16.7872,-9.2128,12.3106,12.3106,12.3106,0.5118,True,0.35098005309797636,0.34028334951855227,0.30873659738347137,off,0.35098005309797636,0.34028334951855227,0.30873659738347137,0.35098005309797636,0.30873659738347137,False,,0.35098005309797636,0.30873659738347137,0.35098005309797636,0.34028334951855227,0.30873659738347137,0.0,0.0,0.0,False,0.35098005309797636,0.34028334951855227,0.30873659738347137,0.35098005309797636,0.30873659738347137,H,H,ARGMAX,False,H,0.35098005309797636,H,0.35098005309797636,12.315638920828858,1.0,False,H,H,True,False,False,True,True
第６節第１日,j2_2026_03141403_甲府_いわき,2026-03-14 14:03:00,ＪＩＴス,甲府,いわき,0.0,1.0,0.0,10.0,0.0,0.0,,,,,,,0.0,10.0,,,False,False,False,13.850000000000001,10.75,,,,True,8.7,2.7,14.8,1.3,394.0,68.8,10.1,39.4,13.0,46.2,14.3,19.3,47.4,48.7,8.1,20.7,38.4,5.5,10.3,3.6,0.6,25.4,25.4,65.7,21.7,2.7,6.8,0.9,6.1,3.0,0.0,15.8,3.7,9.0,1.4,350.3,66.7,10.3,43.1,14.7,49.5,16.3,25.1,60.9,49.4,13.1,20.1,41.4,11.4,8.4,1.4,0.7,26.6,21.1,74.3,20.6,1.7,5.1,0.7,5.1,3.0,0.0,,0.0,,,,0.0,,,3,17,-2,3,-1.7,-1,6,-0.3999999999999999,2026,20260329,2,18,2,9,2.9,2,11,3.1,2026,20260329,0.095238,0.142857,0.083333,3.0,0.0,0.0,0.0,0.0,False,True,0.095238,0.142857,0.083333,0.05,0.03,0.02,False,False,j2,2026-03-29,team_master_stats_j2_2026_asof_20260329.csv,1456,1534,-0.4548,-0.4548,26.0,26.0,,,1.1,-78.2004,-52.2004,-78.2004,-38.2803,-38.2803,-38.2803,0.4633,False,0.27134123287154266,0.3369931351107924,0.391665632017665,off,0.27134123287154266,0.3369931351107924,0.391665632017665,0.27134123287154266,0.391665632017665,False,,0.27134123287154266,0.391665632017665,0.27134123287154266,0.3369931351107924,0.391665632017665,0.0,0.0,0.0,False,0.27134123287154266,0.3369931351107924,0.391665632017665,0.27134123287154266,0.391665632017665,A,A,ARGMAX,False,A,0.391665632017665,A,0.391665632017665,38.28481326819544,1.0,False,A,A,True,False,False,True,True
第６節第１日,j2_2026_03141403_磐田_札幌,2026-03-14 14:03:00,ヤマハ,磐田,札幌,0.0,1.0,0.0,10.0,0.0,0.0,,,,,,,0.0,10.0,,,False,False,False,13.850000000000001,10.75,,,,True,11.8,2.7,4.8,0.6,473.9,74.7,10.1,50.7,12.1,44.7,19.1,19.3,53.1,52.4,9.4,16.3,35.0,8.1,10.1,4.1,1.4,16.7,17.7,62.9,19.0,1.4,8.8,1.2,8.1,2.0,0.0,11.7,2.6,7.3,0.9,552.9,77.8,9.3,44.6,13.6,45.3,14.8,16.6,51.6,54.6,11.6,16.7,36.6,9.8,13.4,3.7,1.4,20.3,19.6,64.2,22.9,1.7,10.5,1.5,10.5,2.0,0.0,,0.0,,,,0.0,,,8,5,-1,0,-1.0,-2,1,-1.9,2026,20260329,7,10,3,8,3.8,1,8,1.8,2026,20260329,0.0,0.0,0.0,1.0,0.11773,0.333333,0.06383,4.0,False,False,0.0,0.0,0.0,0.11773,0.333333,0.06383,False,False,j2,2026-03-29,team_master_stats_j2_2026_asof_20260329.csv,1546,1483,0.4493,0.4493,26.0,26.0,,,1.1,62.5144,88.5144,62.5144,64.9105,64.9105,64.9105,0.562,True,0.43954264057366943,0.32941870447556687,0.23103865495076378,off,0.43954264057366943,0.32941870447556687,0.23103865495076378,0.43954264057366943,0.23103865495076378,False,,0.43954264057366943,0.23103865495076378,0.43954264057366943,0.32941870447556687,0.23103865495076378,0.0,0.0,0.0,False,0.43954264057366943,0.32941870447556687,0.23103865495076378,0.43954264057366943,0.23103865495076378,H,H,ARGMAX,False,H,0.43954264057366943,H,0.43954264057366943,64.92229884016959,1.0,False,H,A,False,False,False,True,True
第６節第２日,j2_2026_03151303_八戸_栃木Ｃ,2026-03-15 13:03:00,プラスタ,八戸,栃木Ｃ,0.0,1.0,0.0,10.0,0.0,0.0,,,,,,,0.0,10.0,,,False,False,False,13.850000000000001,10.75,,,,True,13.8,3.7,2.4,0.3,321.0,60.3,9.2,41.8,10.2,47.5,14.5,20.2,46.0,42.6,7.8,17.0,42.7,7.1,7.7,1.7,0.7,26.0,21.7,60.8,27.3,1.3,4.3,0.7,4.3,2.0,0.0,10.3,3.0,9.7,1.0,434.4,71.2,15.8,53.2,11.7,47.6,14.8,17.9,48.3,53.6,8.3,20.4,39.9,6.0,14.7,5.0,2.4,27.3,18.4,65.1,20.6,0.7,9.4,1.3,9.4,1.0,0.0,,0.0,,,,0.0,,,9,6,-2,1,-1.9,-3,2,-2.8,2026,20260329,8,7,2,6,2.6,2,7,2.7,2026,20260329,0.0,0.0,0.0,0.0,0.0,0.0,0.0,1.0,True,False,0.05,0.03,0.02,0.0,0.0,0.0,False,False,j2,2026-03-29,team_master_stats_j2_2026_asof_20260329.csv,1492,1462,-1.5,-1.5,26.0,26.0,,,1.1,29.8784,55.8784,29.8784,40.9775,40.9775,40.9775,0.5392,False,0.3988594134512735,0.33610143375856694,0.2650391527901595,off,0.3988594134512735,0.33610143375856694,0.2650391527901595,0.3988594134512735,0.2650391527901595,False,,0.3988594134512735,0.2650391527901595,0.3988594134512735,0.33610143375856694,0.2650391527901595,0.0,0.0,0.0,False,0.3988594134512735,0.33610143375856694,0.2650391527901595,0.3988594134512735,0.2650391527901595,H,H,ARGMAX,False,H,0.3988594134512735,H,0.3988594134512735,40.97250092837355,1.0,False,H,A,False,False,False,True,True
第７節第１日,j2_2026_03201403_新潟_富山,2026-03-20 14:03:00,デンカＳ,新潟,富山,2.0,3.0,0.0,10.0,0.0,0.0,,,,,,,0.0,10.0,,,False,False,False,13.850000000000001,10.75,,,,True,9.4,3.1,15.2,1.4,432.6,74.5,11.1,38.5,14.1,44.4,11.3,15.7,45.8,48.2,6.8,16.3,35.3,8.0,12.4,4.7,1.3,25.0,19.1,62.7,21.7,2.4,7.7,1.1,7.7,4.0,0.0,17.1,4.7,11.7,2.0,518.6,79.0,13.0,51.6,16.4,49.6,16.4,13.4,50.8,54.2,13.3,18.4,40.3,11.3,10.7,4.1,1.6,19.9,18.7,62.6,22.7,2.0,7.6,1.0,7.6,1.0,0.0,,0.0,,,,0.0,,,4,14,0,4,0.4,-1,5,-0.5,2026,20260329,2,15,1,5,1.5,2,7,2.7,2026,20260329,0.0,0.0,0.0,0.0,0.07500000000000001,0.0,0.09375,2.0,True,False,0.05,0.03,0.02,0.07500000000000001,0.0,0.09375,False,False,j2,2026-03-29,team_master_stats_j2_2026_asof_20260329.csv,1502,1454,-1.1429,-1.1429,26.0,26.0,,,1.1,47.7332,73.7332,47.7332,54.071,54.071,54.071,0.5517,False,0.42108003279505424,0.3327898756032217,0.246130091601724,off,0.42108003279505424,0.3327898756032217,0.246130091601724,0.42108003279505424,0.246130091601724,False,,0.42108003279505424,0.246130091601724,0.42108003279505424,0.3327898756032217,0.246130091601724,0.0,0.0,0.0,False,0.42108003279505424,0.3327898756032217,0.246130091601724,0.42108003279505424,0.246130091601724,H,H,ARGMAX,False,H,0.42108003279505424,H,0.42108003279505424,54.07349635446273,1.0,False,H,A,False,False,False,True,True
第７節第１日,j2_2026_03211403_札幌_甲府,2026-03-21 14:03:00,プレド,札幌,甲府,1.0,0.0,0.0,10.0,0.0,0.0,,,,,,,0.0,10.0,,,False,False,False,13.850000000000001,10.75,,,,True,11.7,2.6,7.3,0.9,552.9,77.8,9.3,44.6,13.6,45.3,14.8,16.6,51.6,54.6,11.6,16.7,36.6,9.8,13.4,3.7,1.4,20.3,19.6,64.2,22.9,1.7,10.5,1.5,10.5,2.0,0.0,8.7,2.7,14.8,1.3,394.0,68.8,10.1,39.4,13.0,46.2,14.3,19.3,47.4,48.7,8.1,20.7,38.4,5.5,10.3,3.6,0.6,25.4,25.4,65.7,21.7,2.7,6.8,0.9,6.1,3.0,0.0,,0.0,,,,0.0,,,7,10,3,8,3.8,1,8,1.8,2026,20260329,3,17,-2,3,-1.7,-1,6,-0.3999999999999999,2026,20260329,0.0,0.0,0.0,3.0,0.145238,0.142857,0.145833,4.0,False,False,0.0,0.0,0.0,0.145238,0.142857,0.145833,False,False,j2,2026-03-29,team_master_stats_j2_2026_asof_20260329.csv,1495,1448,0.4095,0.4095,26.0,26.0,,,1.1,47.0375,73.0375,47.0375,53.5608,53.5608,53.5608,0.5512,True,0.42023310907458533,0.33293121823098837,0.2468356726944264,off,0.42023310907458533,0.33293121823098837,0.2468356726944264,0.42023310907458533,0.2468356726944264,False,,0.42023310907458533,0.2468356726944264,0.42023310907458533,0.33293121823098837,0.2468356726944264,0.0,0.0,0.0,False,0.42023310907458533,0.33293121823098837,0.2468356726944264,0.42023310907458533,0.2468356726944264,H,H,ARGMAX,False,H,0.42023310907458533,H,0.42023310907458533,53.57533673950042,1.0,False,H,H,True,False,False,True,True
第７節第１日,j2_2026_03211403_磐田_大宮,2026-03-21 14:03:00,ヤマハ,磐田,大宮,1.0,4.0,0.0,10.0,0.0,0.0,,,,,,,0.0,10.0,,,False,False,False,13.850000000000001,10.75,,,,True,11.8,2.7,4.8,0.6,473.9,74.7,10.1,50.7,12.1,44.7,19.1,19.3,53.1,52.4,9.4,16.3,35.0,8.1,10.1,4.1,1.4,16.7,17.7,62.9,19.0,1.4,8.8,1.2,8.1,2.0,0.0,18.1,6.0,15.0,2.7,507.7,75.3,13.4,46.8,17.4,48.4,21.9,17.9,49.2,58.3,16.0,20.3,45.7,14.2,11.8,3.4,1.1,20.3,22.6,62.0,21.3,0.9,9.0,1.2,9.0,1.0,0.0,,0.0,,,,0.0,,,8,5,-1,0,-1.0,-2,1,-1.9,2026,20260329,4,16,-2,3,-1.7,-3,4,-2.6,2026,20260329,0.0,0.0,0.0,1.0,0.0,0.0,0.0,2.0,False,False,0.0,0.0,0.0,0.0,0.0,0.0,False,False,j2,2026-03-29,team_master_stats_j2_2026_asof_20260329.csv,1534,1530,0.0758,0.0758,26.0,26.0,,,1.1,4.1323,30.1323,4.1323,22.097,22.097,22.097,0.5212,True,0.3671696466771556,0.33934033197496316,0.2934900213478812,off,0.3671696466771556,0.33934033197496316,0.2934900213478812,0.3671696466771556,0.2934900213478812,False,,0.3671696466771556,0.2934900213478812,0.3671696466771556,0.33934033197496316,0.2934900213478812,0.0,0.0,0.0,False,0.3671696466771556,0.33934033197496316,0.2934900213478812,0.3671696466771556,0.2934900213478812,H,H,ARGMAX,False,H,0.3671696466771556,H,0.3671696466771556,22.097045343609913,1.0,False,H,A,False,False,False,True,True
第７節第２日,j2_2026_03211403_秋田_八戸,2026-03-21 14:03:00,ソユスタ,秋田,八戸,1.0,0.0,0.0,10.0,0.0,0.0,,,,,,,0.0,10.0,,,False,False,False,13.850000000000001,10.75,,,,True,12.6,3.4,12.5,1.6,294.0,53.9,8.6,41.7,8.0,41.1,12.3,31.9,55.1,43.8,7.4,15.8,41.6,10.1,10.1,3.3,0.7,31.1,18.3,67.2,23.7,1.4,7.1,1.0,6.4,4.0,0.0,13.8,3.7,2.4,0.3,321.0,60.3,9.2,41.8,10.2,47.5,14.5,20.2,46.0,42.6,7.8,17.0,42.7,7.1,7.7,1.7,0.7,26.0,21.7,60.8,27.3,1.3,4.3,0.7,4.3,2.0,0.0,,0.0,,,,0.0,,,3,19,-1,7,-0.2999999999999999,0,10,1.0,2026,20260329,9,6,-2,1,-1.9,-3,2,-2.8,2026,20260329,0.071111,0.0,0.088889,4.0,0.253333,1.0,0.066667,1.0,False,False,0.071111,0.0,0.088889,0.25,1.0,0.066667,False,True,j2,2026-03-29,team_master_stats_j2_2026_asof_20260329.csv,1503,1481,0.8571,0.8571,26.0,26.0,,,1.1,22.7243,48.7243,22.7243,35.7311,35.7311,35.7311,0.5342,True,0.3900422176379404,0.3371818828495252,0.2727758995125344,off,0.3900422176379404,0.3371818828495252,0.2727758995125344,0.3900422176379404,0.2727758995125344,False,,0.3900422176379404,0.2727758995125344,0.3900422176379404,0.3371818828495252,0.2727758995125344,0.0,0.0,0.0,False,0.3900422176379404,0.3371818828495252,0.2727758995125344,0.3900422176379404,0.2727758995125344,H,H,ARGMAX,False,H,0.3900422176379404,H,0.3900422176379404,35.749007227801165,1.0,False,H,H,True,False,False,True,True
第７節第２日,j2_2026_03221403_今治_徳島,2026-03-22 14:03:00,アシさと,今治,徳島,2.0,1.0,0.0,10.0,0.0,0.0,,,,,,,0.0,10.0,,,False,False,False,13.850000000000001,10.75,,,,True,8.6,2.9,6.7,0.6,448.3,73.6,9.8,46.4,13.4,40.4,12.4,15.3,47.8,53.1,6.3,17.6,37.6,5.7,10.1,3.0,1.0,21.6,20.1,64.5,22.6,1.7,7.5,1.0,6.7,2.0,0.0,12.0,5.6,21.4,2.6,461.6,79.2,11.0,53.2,15.3,43.9,11.7,12.3,48.3,51.8,11.1,20.0,32.4,8.9,12.1,3.3,0.7,18.3,21.3,66.4,20.4,1.6,7.2,1.0,7.2,5.0,0.0,,0.0,,,,0.0,,,8,9,0,4,0.4,-1,4,-0.6,2026,20260329,1,18,0,6,0.6000000000000001,1,9,1.9,2026,20260329,0.0,0.0,0.0,0.0,0.0,0.0,0.0,0.0,True,True,0.05,0.03,0.02,0.05,0.03,0.02,False,False,j2,2026-03-29,team_master_stats_j2_2026_asof_20260329.csv,1495,1555,-0.5071,-0.5071,26.0,26.0,,,1.1,-59.1948,-33.1948,-59.1948,-24.3429,-24.3429,-24.3429,0.4767,False,0.2924527157618148,0.33925676875115185,0.36829051548703334,off,0.2924527157618148,0.33925676875115185,0.36829051548703334,0.2924527157618148,0.36829051548703334,False,,0.2924527157618148,0.36829051548703334,0.2924527157618148,0.33925676875115185,0.36829051548703334,0.0,0.0,0.0,False,0.2924527157618148,0.33925676875115185,0.36829051548703334,0.2924527157618148,0.36829051548703334,A,A,ARGMAX,False,A,0.36829051548703334,A,0.36829051548703334,24.342883177515223,1.0,False,A,H,False,False,False,True,True
第７節第３日,j2_2026_03221403_山形_仙台,2026-03-22 14:03:00,ＮＤスタ,山形,仙台,0.0,1.0,0.0,10.0,0.0,0.0,,,,,,,0.0,10.0,,,False,False,False,13.850000000000001,10.75,,,,True,7.6,2.6,13.2,1.0,387.9,74.3,6.4,51.1,8.4,47.5,10.4,16.1,44.8,47.0,6.8,14.7,33.3,5.1,18.1,5.0,1.3,31.9,18.0,63.5,24.9,0.9,13.7,1.9,13.7,0.0,0.0,14.8,4.6,11.5,1.7,402.6,73.1,13.1,55.4,12.3,52.3,15.1,18.7,51.2,51.2,12.6,19.3,42.0,9.2,10.0,3.0,0.6,22.6,17.7,67.7,20.9,1.9,5.8,0.8,5.8,3.0,0.0,,0.0,,,,0.0,,,7,8,-2,0,-2.0,-3,0,-3.0,2026,20260329,1,21,0,8,0.8,0,10,1.0,2026,20260329,0.05,0.0,0.0625,1.0,0.0,0.0,0.0,0.0,False,True,0.05,0.0,0.0625,0.05,0.03,0.02,False,False,j2,2026-03-29,team_master_stats_j2_2026_asof_20260329.csv,1509,1554,-0.5534,-0.5534,26.0,26.0,,,1.1,-44.7779,-18.7779,-44.7779,-13.7705,-13.7705,-13.7705,0.4868,False,0.3089221785810395,0.3402916018361361,0.3507862195828244,off,0.3089221785810395,0.3402916018361361,0.3507862195828244,0.3089221785810395,0.3507862195828244,False,,0.3089221785810395,0.3507862195828244,0.3089221785810395,0.3402916018361361,0.3507862195828244,0.0,0.0,0.0,False,0.3089221785810395,0.3402916018361361,0.3507862195828244,0.3089221785810395,0.3507862195828244,A,A,ARGMAX,False,A,0.3507862195828244,A,0.3507862195828244,13.770494775146322,1.0,False,A,A,True,False,False,True,True
第８節第１日,j2_2026_03281403_横浜FC_湘南,2026-03-28 14:03:00,ニッパツ,横浜FC,湘南,1.0,3.0,0.0,10.0,0.0,0.0,,,,,,,0.0,10.0,,,False,False,False,13.850000000000001,10.75,,,,True,14.7,4.6,13.6,2.0,467.4,74.0,13.0,50.5,10.4,42.5,19.3,14.6,48.6,57.3,10.3,19.1,38.0,10.1,10.6,4.4,1.6,17.9,18.4,68.2,18.4,0.9,7.2,1.0,6.4,1.0,0.0,12.7,4.6,15.7,2.0,478.9,74.8,13.6,45.3,14.8,39.4,14.8,20.1,54.2,55.9,11.3,20.3,39.1,7.8,10.3,2.1,0.7,22.6,22.6,62.7,20.6,1.4,6.8,0.9,6.0,3.0,0.0,,0.0,,,,0.0,,,5,11,3,6,3.6,4,8,4.8,2026,20260329,2,19,1,9,1.9,0,10,1.0,2026,20260329,0.05,0.0,0.0625,1.0,0.034783,0.0,0.043478,2.0,False,False,0.05,0.0,0.0625,0.034783,0.0,0.043478,False,False,j2,2026-03-29,team_master_stats_j2_2026_asof_20260329.csv,1492,1520,-1.5833,-1.5833,26.0,26.0,,,1.1,-28.0616,-2.0616,-28.0616,-1.5119,-1.5119,-1.5119,0.4985,False,0.32845551204048734,0.3407432518595051,0.3308012361000076,off,0.32845551204048734,0.3407432518595051,0.3308012361000076,0.32845551204048734,0.3308012361000076,False,,0.32845551204048734,0.3308012361000076,0.32845551204048734,0.3407432518595051,0.3308012361000076,0.0,0.0,0.0,False,0.32845551204048734,0.3407432518595051,0.3308012361000076,0.32845551204048734,0.3308012361000076,D,D,ARGMAX,False,D,0.3407432518595051,D,0.3407432518595051,1.513394784793812,1.0,False,D,A,False,False,False,True,True
第８節第１日,j2_2026_03281403_甲府_大宮,2026-03-28 14:03:00,ＪＩＴス,甲府,大宮,2.0,1.0,0.0,10.0,0.0,0.0,,,,,,,0.0,10.0,,,False,False,False,13.850000000000001,10.75,,,,True,8.7,2.7,14.8,1.3,394.0,68.8,10.1,39.4,13.0,46.2,14.3,19.3,47.4,48.7,8.1,20.7,38.4,5.5,10.3,3.6,0.6,25.4,25.4,65.7,21.7,2.7,6.8,0.9,6.1,3.0,0.0,18.1,6.0,15.0,2.7,507.7,75.3,13.4,46.8,17.4,48.4,21.9,17.9,49.2,58.3,16.0,20.3,45.7,14.2,11.8,3.4,1.1,20.3,22.6,62.0,21.3,0.9,9.0,1.2,9.0,1.0,0.0,,0.0,,,,0.0,,,3,17,-2,3,-1.7,-1,6,-0.3999999999999999,2026,20260329,4,16,-2,3,-1.7,-3,4,-2.6,2026,20260329,0.280952,0.571428,0.208333,5.0,0.0,0.0,0.0,2.0,False,False,0.25,0.571428,0.208333,0.0,0.0,0.0,True,False,j2,2026-03-29,team_master_stats_j2_2026_asof_20260329.csv,1440,1540,-0.4957,-0.4957,26.0,26.0,,,1.1,-100.6325,-74.6325,-100.6325,-54.7305,-54.7305,-54.7305,0.4477,False,0.24739238918534132,0.3330417411089607,0.4195658697056981,off,0.24739238918534132,0.3330417411089607,0.4195658697056981,0.24739238918534132,0.4195658697056981,False,,0.24739238918534132,0.4195658697056981,0.24739238918534132,0.3330417411089607,0.4195658697056981,0.0,0.0,0.0,False,0.24739238918534132,0.3330417411089607,0.4195658697056981,0.24739238918534132,0.4195658697056981,A,A,ARGMAX,False,A,0.4195658697056981,A,0.4195658697056981,54.7555080452892,1.0,False,A,H,False,False,False,True,True
第８節第１日,j2_2026_03281403_藤枝_札幌,2026-03-28 14:03:00,藤枝サ,藤枝,札幌,1.0,1.0,0.0,10.0,0.0,0.0,,,,,,,0.0,10.0,,,False,False,False,13.850000000000001,10.75,,,,True,11.3,3.7,13.9,1.6,344.1,68.9,14.4,48.5,11.4,38.8,13.7,18.0,48.3,48.2,10.1,19.0,33.6,9.8,16.0,3.9,1.3,32.6,19.7,60.9,22.1,1.1,12.7,1.8,12.0,1.0,0.0,11.7,2.6,7.3,0.9,552.9,77.8,9.3,44.6,13.6,45.3,14.8,16.6,51.6,54.6,11.6,16.7,36.6,9.8,13.4,3.7,1.4,20.3,19.6,64.2,22.9,1.7,10.5,1.5,10.5,2.0,0.0,,0.0,,,,0.0,,,5,15,0,6,0.6000000000000001,0,8,0.8,2026,20260329,7,10,3,8,3.8,1,8,1.8,2026,20260329,0.068085,0.0,0.085107,3.0,0.0,0.0,0.0,3.0,False,False,0.068085,0.0,0.085107,0.0,0.0,0.0,False,False,j2,2026-03-29,team_master_stats_j2_2026_asof_20260329.csv,1472,1504,0.0099,0.0099,26.0,26.0,,,1.1,-31.9461,-5.9461,-31.9461,-4.3605,-4.3605,-4.3605,0.4958,True,0.32386850416361707,0.3407101808272946,0.33542131500908834,off,0.32386850416361707,0.3407101808272946,0.33542131500908834,0.32386850416361707,0.33542131500908834,False,,0.32386850416361707,0.33542131500908834,0.32386850416361707,0.3407101808272946,0.33542131500908834,0.0,0.0,0.0,False,0.32386850416361707,0.3407101808272946,0.33542131500908834,0.32386850416361707,0.33542131500908834,D,D,ARGMAX,False,D,0.3407101808272946,D,0.3407101808272946,4.367277083400234,1.0,False,D,D,True,False,False,True,True
第８節第２日,j2_2026_03291403_富山_今治,2026-03-29 14:03:00,富山,富山,今治,1.0,1.0,0.0,10.0,0.0,0.0,,,,,,,0.0,10.0,2026-03-29 14:03:00,富山,False,False,True,15.8,12.3,,20260329,weather_features_j2_2026_asof_20260329.csv,False,17.1,4.7,11.7,2.0,518.6,79.0,13.0,51.6,16.4,49.6,16.4,13.4,50.8,54.2,13.3,18.4,40.3,11.3,10.7,4.1,1.6,19.9,18.7,62.6,22.7,2.0,7.6,1.0,7.6,1.0,0.0,8.6,2.9,6.7,0.6,448.3,73.6,9.8,46.4,13.4,40.4,12.4,15.3,47.8,53.1,6.3,17.6,37.6,5.7,10.1,3.0,1.0,21.6,20.1,64.5,22.6,1.7,7.5,1.0,6.7,2.0,0.0,,0.0,,,,0.0,,,2,15,1,5,1.5,2,7,2.7,2026,20260329,8,9,0,4,0.4,-1,4,-0.6,2026,20260329,0.0,0.0,0.0,0.0,0.0,0.0,0.0,0.0,True,True,0.05,0.03,0.02,0.05,0.03,0.02,False,False,j2,2026-03-29,team_master_stats_j2_2026_asof_20260329.csv,1466,1507,-0.65,-0.65,26.0,26.0,,,1.1,-41.3443,-15.3443,-41.3443,-11.2525,-11.2525,-11.2525,0.4892,False,0.31289837118014485,0.34045018923108644,0.3466514395887688,off,0.31289837118014485,0.34045018923108644,0.3466514395887688,0.31289837118014485,0.3466514395887688,False,,0.31289837118014485,0.3466514395887688,0.31289837118014485,0.34045018923108644,0.3466514395887688,0.0,0.0,0.0,False,0.31289837118014485,0.34045018923108644,0.3466514395887688,0.31289837118014485,0.3466514395887688,A,A,ARGMAX,False,A,0.3466514395887688,A,0.3466514395887688,11.25246280742775,1.0,False,A,D,False,False,False,True,True
第８節第２日,j2_2026_03291403_山形_栃木Ｃ,2026-03-29 14:03:00,ＮＤスタ,山形,栃木Ｃ,1.0,2.0,0.0,10.0,0.0,0.0,,,,,,,0.0,10.0,,,False,False,False,13.850000000000001,10.75,,,,True,7.6,2.6,13.2,1.0,387.9,74.3,6.4,51.1,8.4,47.5,10.4,16.1,44.8,47.0,6.8,14.7,33.3,5.1,18.1,5.0,1.3,31.9,18.0,63.5,24.9,0.9,13.7,1.9,13.7,0.0,0.0,10.3,3.0,9.7,1.0,434.4,71.2,15.8,53.2,11.7,47.6,14.8,17.9,48.3,53.6,8.3,20.4,39.9,6.0,14.7,5.0,2.4,27.3,18.4,65.1,20.6,0.7,9.4,1.3,9.4,1.0,0.0,,0.0,,,,0.0,,,7,8,-2,0,-2.0,-3,0,-3.0,2026,20260329,8,7,2,6,2.6,2,7,2.7,2026,20260329,0.05,0.0,0.0625,1.0,0.0,0.0,0.0,1.0,False,False,0.05,0.0,0.0625,0.0,0.0,0.0,False,False,j2,2026-03-29,team_master_stats_j2_2026_asof_20260329.csv,1500,1473,-0.7273,-0.7273,26.0,26.0,,,1.1,27.6257,53.6257,27.6257,39.3255,39.3255,39.3255,0.5377,False,0.39606760526914375,0.33645815865940293,0.2674742360714533,off,0.39606760526914375,0.33645815865940293,0.2674742360714533,0.39606760526914375,0.2674742360714533,False,,0.39606760526914375,0.2674742360714533,0.39606760526914375,0.33645815865940293,0.2674742360714533,0.0,0.0,0.0,False,0.39606760526914375,0.33645815865940293,0.2674742360714533,0.39606760526914375,0.2674742360714533,H,H,ARGMAX,False,H,0.39606760526914375,H,0.39606760526914375,39.32048413184531,1.0,False,H,A,False,False,False,True,True
第８節第２日,j2_2026_03291403_秋田_仙台,2026-03-29 14:03:00,ソユスタ,秋田,仙台,0.0,0.0,0.0,10.0,0.0,0.0,,,,,,,0.0,10.0,2026-03-29 14:03:00,ソユスタ,False,False,True,11.9,9.2,,20260329,weather_features_j2_2026_asof_20260329.csv,False,12.6,3.4,12.5,1.6,294.0,53.9,8.6,41.7,8.0,41.1,12.3,31.9,55.1,43.8,7.4,15.8,41.6,10.1,10.1,3.3,0.7,31.1,18.3,67.2,23.7,1.4,7.1,1.0,6.4,4.0,0.0,14.8,4.6,11.5,1.7,402.6,73.1,13.1,55.4,12.3,52.3,15.1,18.7,51.2,51.2,12.6,19.3,42.0,9.2,10.0,3.0,0.6,22.6,17.7,67.7,20.9,1.9,5.8,0.8,5.8,3.0,0.0,,0.0,,,,0.0,,,3,19,-1,7,-0.2999999999999999,0,10,1.0,2026,20260329,1,21,0,8,0.8,0,10,1.0,2026,20260329,0.088889,0.0,0.11111099999999999,5.0,0.0,0.0,0.0,0.0,False,True,0.088889,0.0,0.11111099999999999,0.05,0.03,0.02,False,False,j2,2026-03-29,team_master_stats_j2_2026_asof_20260329.csv,1513,1562,-0.6356,-0.6356,26.0,26.0,,,1.1,-49.6063,-23.6063,-49.6063,-17.3113,-17.3113,-17.3113,0.4834,False,0.3033588943270562,0.3400109070355621,0.3566301986373817,off,0.3033588943270562,0.3400109070355621,0.3566301986373817,0.3033588943270562,0.3566301986373817,False,,0.3033588943270562,0.3566301986373817,0.3033588943270562,0.3400109070355621,0.3566301986373817,0.0,0.0,0.0,False,0.3033588943270562,0.3400109070355621,0.3566301986373817,0.3033588943270562,0.3566301986373817,A,A,ARGMAX,False,A,0.3566301986373817,A,0.3566301986373817,17.31520075159158,1.0,False,A,D,False,False,False,True,True
第８節第２日,j2_2026_03291404_いわき_磐田,2026-03-29 14:04:00,ハワスタ,いわき,磐田,1.0,0.0,0.0,10.0,0.0,0.0,,,,,,,0.0,10.0,,,False,False,False,13.850000000000001,10.75,,,,True,15.8,3.7,9.0,1.4,350.3,66.7,10.3,43.1,14.7,49.5,16.3,25.1,60.9,49.4,13.1,20.1,41.4,11.4,8.4,1.4,0.7,26.6,21.1,74.3,20.6,1.7,5.1,0.7,5.1,3.0,0.0,11.8,2.7,4.8,0.6,473.9,74.7,10.1,50.7,12.1,44.7,19.1,19.3,53.1,52.4,9.4,16.3,35.0,8.1,10.1,4.1,1.4,16.7,17.7,62.9,19.0,1.4,8.8,1.2,8.1,2.0,0.0,,0.0,,,,0.0,,,2,18,2,9,2.9,2,11,3.1,2026,20260329,8,5,-1,0,-1.0,-2,1,-1.9,2026,20260329,0.0,0.0,0.0,0.0,0.0,0.0,0.0,1.0,True,False,0.05,0.03,0.02,0.0,0.0,0.0,False,False,j2,2026-03-29,team_master_stats_j2_2026_asof_20260329.csv,1542,1524,0.0932,0.0932,26.0,26.0,,,1.1,17.9007,43.9007,17.9007,32.1939,32.1939,32.1939,0.5308,True,0.3840513661839751,0.3378381848016769,0.2781104490143481,off,0.3840513661839751,0.3378381848016769,0.2781104490143481,0.3840513661839751,0.2781104490143481,False,,0.3840513661839751,0.2781104490143481,0.3840513661839751,0.3378381848016769,0.2781104490143481,0.0,0.0,0.0,False,0.3840513661839751,0.3378381848016769,0.2781104490143481,0.3840513661839751,0.2781104490143481,H,H,ARGMAX,False,H,0.3840513661839751,H,0.3840513661839751,32.1888537487532,1.0,False,H,H,True,False,False,True,True
