match_id,datetime,home_team,away_team,home_rest_fatigue,away_rest_fatigue,home_recent_load_carry,away_recent_load_carry,home_travel_fatigue,away_travel_fatigue,home_away_condition_penalty,away_away_condition_penalty,away_travel_distance_km,travel_lookup_status,home_fatigue_score,away_fatigue_score
j2_2026_08081450_札幌_徳島,2026-08-08 14:50:00,札幌,徳島,0.0,0.0,0.0,0.0,0.0,0.0,0.0,4.0,,team_not_found,0.0,4.0
j2_2026_08081833_八戸_富山,2026-08-08 18:33:00,八戸,富山,0.0,0.0,0.0,0.0,0.0,0.0,0.0,4.0,,team_not_found,0.0,4.0
j2_2026_08081833_藤枝_仙台,2026-08-08 18:33:00,藤枝,仙台,0.0,0.0,0.0,0.0,0.0,0.0,0.0,4.0,,team_not_found,0.0,4.0
j2_2026_08081903_大宮_新潟,2026-08-08 19:03:00,大宮,新潟,0.0,0.0,0.0,0.0,0.0,0.0,0.0,4.0,,team_not_found,0.0,4.0
j2_2026_08081903_宮崎_横浜FC,2026-08-08 19:03:00,宮崎,横浜FC,0.0,0.0,0.0,0.0,0.0,0.0,0.0,4.0,,team_not_found,0.0,4.0
j2_2026_08081903_磐田_秋田,2026-08-08 19:03:00,磐田,秋田,0.0,0.0,0.0,0.0,0.0,0.0,0.0,4.0,,team_not_found,0.0,4.0
j2_2026_08081905_大分_湘南,2026-08-08 19:05:00,大分,湘南,0.0,0.0,0.0,0.0,0.0,0.0,0.0,4.0,,team_not_found,0.0,4.0
j2_2026_08081937_鳥栖_甲府,2026-08-08 19:37:00,鳥栖,甲府,0.0,0.0,0.0,0.0,0.0,0.0,0.0,4.0,,team_not_found,0.0,4.0
j2_2026_08091807_いわき_今治,2026-08-09 18:07:00,いわき,今治,0.0,0.0,0.0,0.0,0.0,0.0,0.0,4.0,,team_not_found,0.0,4.0
j2_2026_08091904_山形_栃木C,2026-08-09 19:04:00,山形,栃木Ｃ,0.0,0.0,0.0,0.0,0.0,0.0,0.0,4.0,,team_not_found,0.0,4.0
j2_2026_08151803_栃木C_八戸,2026-08-15 18:03:00,栃木Ｃ,八戸,0.0,0.0,1.4,0.0,0.0,0.0,0.0,4.0,,team_not_found,1.4,4.0
j2_2026_08151803_秋田_富山,2026-08-15 18:03:00,秋田,富山,0.0,0.0,1.4,1.4,0.0,0.0,0.0,4.0,,team_not_found,1.4,5.4
j2_2026_08151833_藤枝_いわき,2026-08-15 18:33:00,藤枝,いわき,0.0,0.0,0.0,0.0,0.0,0.0,0.0,4.0,,team_not_found,0.0,4.0
j2_2026_08151903_甲府_宮崎,2026-08-15 19:03:00,甲府,宮崎,0.0,0.0,1.4,0.0,0.0,0.0,0.0,4.0,,team_not_found,1.4,4.0
j2_2026_08151903_湘南_山形,2026-08-15 19:03:00,湘南,山形,0.0,0.0,1.4,0.0,0.0,0.0,0.0,4.0,,team_not_found,1.4,4.0
j2_2026_08151903_仙台_大分,2026-08-15 19:03:00,仙台,大分,0.0,0.0,1.4,0.0,0.0,0.0,0.0,4.0,,team_not_found,1.4,4.0
j2_2026_08151903_今治_大宮,2026-08-15 19:03:00,今治,大宮,0.0,0.0,1.4,0.0,0.0,0.0,0.0,4.0,,team_not_found,1.4,4.0
j2_2026_08151903_新潟_札幌,2026-08-15 19:03:00,新潟,札幌,0.0,0.0,1.4,0.0,0.0,0.0,0.0,4.0,,team_not_found,1.4,4.0
j2_2026_08161803_横浜FC_磐田,2026-08-16 18:03:00,横浜FC,磐田,0.0,0.0,1.4,0.0,0.0,0.0,0.0,4.0,,team_not_found,1.4,4.0
j2_2026_08161903_徳島_鳥栖,2026-08-16 19:03:00,徳島,鳥栖,0.0,0.0,1.4,0.0,0.0,0.0,0.0,4.0,,team_not_found,1.4,4.0
j2_2026_08221504_札幌_大宮,2026-08-22 15:04:00,札幌,大宮,0.0,0.0,1.4,1.4,0.0,0.0,0.0,4.0,,team_not_found,1.4,5.4
j2_2026_08221703_八戸_仙台,2026-08-22 17:03:00,八戸,仙台,0.0,0.0,1.4,1.29,0.0,0.0,0.0,4.0,,team_not_found,1.4,5.29
j2_2026_08221803_秋田_甲府,2026-08-22 18:03:00,秋田,甲府,0.0,0.0,1.29,1.29,0.0,0.0,0.0,4.0,,team_not_found,1.29,5.29
j2_2026_08221833_富山_今治,2026-08-22 18:33:00,富山,今治,0.0,0.0,2.69,1.29,0.0,0.0,0.0,4.0,,team_not_found,2.69,5.29
j2_2026_08221903_宮崎_湘南,2026-08-22 19:03:00,宮崎,湘南,0.0,0.0,1.4,1.29,0.0,0.0,0.0,4.0,,team_not_found,1.4,5.29
j2_2026_08221903_山形_横浜FC,2026-08-22 19:03:00,山形,横浜FC,0.0,0.0,1.4,1.29,0.0,0.0,0.0,4.0,,team_not_found,1.4,5.29
j2_2026_08221903_新潟_藤枝,2026-08-22 19:03:00,新潟,藤枝,0.0,0.0,1.29,0.0,0.0,0.0,0.0,4.0,,team_not_found,1.29,4.0
j2_2026_08221903_磐田_徳島,2026-08-22 19:03:00,磐田,徳島,0.0,0.0,1.4,1.29,0.0,0.0,0.0,4.0,,team_not_found,1.4,5.29
j2_2026_08221905_大分_いわき,2026-08-22 19:05:00,大分,いわき,0.0,0.0,1.4,1.4,0.0,0.0,0.0,4.0,,team_not_found,1.4,5.4
j2_2026_08221906_鳥栖_栃木C,2026-08-22 19:06:00,鳥栖,栃木Ｃ,0.0,0.0,1.4,1.29,0.0,0.0,0.0,4.0,,team_not_found,1.4,5.29
j2_2026_08291803_栃木C_磐田,2026-08-29 18:03:00,栃木Ｃ,磐田,0.0,0.0,2.5315,1.29,0.0,0.0,0.0,4.0,,team_not_found,2.53,5.29
j2_2026_08291803_いわき_新潟,2026-08-29 18:03:00,いわき,新潟,0.0,0.0,2.69,1.1315,0.0,0.0,0.0,4.0,,team_not_found,2.69,5.13
j2_2026_08291833_八戸_秋田,2026-08-29 18:33:00,八戸,秋田,0.0,0.0,1.29,1.1315,0.0,0.0,0.0,4.0,,team_not_found,1.29,5.13
j2_2026_08291833_富山_藤枝,2026-08-29 18:33:00,富山,藤枝,0.0,0.0,2.4215,1.4,0.0,0.0,0.0,4.0,,team_not_found,2.42,5.4
j2_2026_08291903_今治_山形,2026-08-29 19:03:00,今治,山形,0.0,0.0,2.5315,1.29,0.0,0.0,0.0,4.0,,team_not_found,2.53,5.29
j2_2026_08291903_仙台_宮崎,2026-08-29 19:03:00,仙台,宮崎,0.0,0.0,2.5315,1.29,0.0,0.0,0.0,4.0,,team_not_found,2.53,5.29
j2_2026_08291903_徳島_大分,2026-08-29 19:03:00,徳島,大分,0.0,0.0,2.5315,1.29,0.0,0.0,0.0,4.0,,team_not_found,2.53,5.29
j2_2026_08291903_横浜FC_鳥栖,2026-08-29 19:03:00,横浜FC,鳥栖,0.0,0.0,2.5315,1.29,0.0,0.0,0.0,4.0,,team_not_found,2.53,5.29
j2_2026_08291903_甲府_札幌,2026-08-29 19:03:00,甲府,札幌,0.0,0.0,2.5315,1.29,0.0,0.0,0.0,4.0,,team_not_found,2.53,5.29
j2_2026_08291904_大宮_湘南,2026-08-29 19:04:00,大宮,湘南,0.0,0.0,2.69,2.5315,0.0,0.0,0.0,4.0,,team_not_found,2.69,6.53
j2_2026_09051830_藤枝_八戸,2026-09-05 18:30:00,藤枝,八戸,0.0,0.0,2.69,1.1315,0.0,0.0,0.0,4.0,,team_not_found,2.69,5.13
j2_2026_09051900_湘南_仙台,2026-09-05 19:00:00,湘南,仙台,0.0,0.0,3.484,2.084,0.0,0.0,0.0,4.0,,team_not_found,3.48,6.08
j2_2026_09051900_鳥栖_宮崎,2026-09-05 19:00:00,鳥栖,宮崎,0.0,0.0,2.5315,2.5315,0.0,0.0,0.0,4.0,,team_not_found,2.53,6.53
j2_2026_09051900_山形_甲府,2026-09-05 19:00:00,山形,甲府,0.0,0.0,2.5315,2.084,0.0,0.0,0.0,4.0,,team_not_found,2.53,6.08
j2_2026_09051900_徳島_いわき,2026-09-05 19:00:00,徳島,いわき,0.0,0.0,2.084,2.4215,0.0,0.0,0.0,4.0,,team_not_found,2.08,6.42
j2_2026_09061300_札幌_栃木C,2026-09-06 13:00:00,札幌,栃木Ｃ,0.0,0.0,2.5315,2.084,0.0,0.0,0.0,4.0,,team_not_found,2.53,6.08
j2_2026_09061800_横浜FC_新潟,2026-09-06 18:00:00,横浜FC,新潟,0.0,0.0,2.084,2.194,0.0,0.0,0.0,4.0,,team_not_found,2.08,6.19
j2_2026_09061800_秋田_大宮,2026-09-06 18:00:00,秋田,大宮,0.0,0.0,2.194,2.4215,0.0,0.0,0.0,4.0,,team_not_found,2.19,6.42
j2_2026_09061900_大分_今治,2026-09-06 19:00:00,大分,今治,0.0,0.0,2.5315,2.084,0.0,0.0,0.0,4.0,,team_not_found,2.53,6.08
j2_2026_09061900_磐田_富山,2026-09-06 19:00:00,磐田,富山,0.0,0.0,2.5315,1.9255,0.0,0.0,0.0,4.0,,team_not_found,2.53,5.93
j2_2026_09121800_いわき_横浜FC,2026-09-12 18:00:00,いわき,横浜FC,0.0,0.0,3.3255,1.7647,0.0,0.0,0.0,4.0,,team_not_found,3.33,5.76
j2_2026_09121800_秋田_徳島,2026-09-12 18:00:00,秋田,徳島,0.0,0.0,1.9232,1.7647,0.0,0.0,0.0,4.0,,team_not_found,1.92,5.76
j2_2026_09121830_八戸_湘南,2026-09-12 18:30:00,八戸,湘南,0.0,0.0,2.194,3.0547,0.0,0.0,0.0,4.0,,team_not_found,2.19,7.05
j2_2026_09121830_富山_栃木C,2026-09-12 18:30:00,富山,栃木Ｃ,0.0,0.0,2.8272,3.1647,0.0,0.0,0.0,4.0,,team_not_found,2.83,7.16
j2_2026_09121900_今治_鳥栖,2026-09-12 19:00:00,今治,鳥栖,0.0,0.0,3.1647,2.084,0.0,0.0,0.0,4.0,,team_not_found,3.16,6.08
j2_2026_09121900_大宮_大分,2026-09-12 19:00:00,大宮,大分,0.0,0.0,3.3255,2.084,0.0,0.0,0.0,4.0,,team_not_found,3.33,6.08
j2_2026_09121900_宮崎_藤枝,2026-09-12 19:00:00,宮崎,藤枝,0.0,0.0,3.484,2.4215,0.0,0.0,0.0,4.0,,team_not_found,3.48,6.42
j2_2026_09121900_甲府_磐田,2026-09-12 19:00:00,甲府,磐田,0.0,0.0,3.1647,2.084,0.0,0.0,0.0,4.0,,team_not_found,3.16,6.08
j2_2026_09131800_仙台_札幌,2026-09-13 18:00:00,仙台,札幌,0.0,0.0,3.1647,2.084,0.0,0.0,0.0,4.0,,team_not_found,3.16,6.08
j2_2026_09131800_新潟_山形,2026-09-13 18:00:00,新潟,山形,0.0,0.0,3.3232,2.084,0.0,0.0,0.0,4.0,,team_not_found,3.32,6.08
j2_2026_09181300_八戸_宮崎,2026-09-18 13:00:00,八戸,宮崎,0.0,0.0,1.9232,3.0547,0.0,0.0,0.0,4.0,,team_not_found,1.92,7.05
j2_2026_09191400_札幌_大分,2026-09-19 14:00:00,札幌,大分,0.0,0.0,3.1647,3.1647,0.0,0.0,0.0,4.0,,team_not_found,3.16,7.16
j2_2026_09191830_藤枝_大宮,2026-09-19 18:30:00,藤枝,大宮,0.0,0.0,3.3255,2.7172,0.0,0.0,0.0,4.0,,team_not_found,3.33,6.72
j2_2026_09191900_鳥栖_いわき,2026-09-19 19:00:00,鳥栖,いわき,0.0,0.0,3.1647,2.7172,0.0,0.0,0.0,4.0,,team_not_found,3.16,6.72
j2_2026_09191900_山形_富山,2026-09-19 19:00:00,山形,富山,0.0,0.0,3.1647,2.4168,0.0,0.0,0.0,4.0,,team_not_found,3.16,6.42
j2_2026_09191900_新潟_磐田,2026-09-19 19:00:00,新潟,磐田,0.0,0.0,2.9151,3.1647,0.0,0.0,0.0,4.0,,team_not_found,2.92,7.16
j2_2026_09191900_横浜FC_今治,2026-09-19 19:00:00,横浜FC,今治,0.0,0.0,2.6876,2.5776,0.0,0.0,0.0,4.0,,team_not_found,2.69,6.58
j2_2026_09191900_湘南_秋田,2026-09-19 19:00:00,湘南,秋田,0.0,0.0,3.8191,1.6251,0.0,0.0,0.0,4.0,,team_not_found,3.82,5.63
j2_2026_09191900_甲府_徳島,2026-09-19 19:00:00,甲府,徳島,0.0,0.0,2.5776,2.6876,0.0,0.0,0.0,4.0,,team_not_found,2.58,6.69
j2_2026_09201700_栃木C_仙台,2026-09-20 17:00:00,栃木Ｃ,仙台,0.0,0.0,3.9776,2.5776,0.0,0.0,0.0,4.0,,team_not_found,3.98,6.58
j2_2026_09261700_いわき_仙台,2026-09-26 17:00:00,いわき,仙台,0.0,0.0,3.6583,3.5435,0.0,0.0,0.0,4.0,,team_not_found,3.66,7.54
j2_2026_09261700_今治_湘南,2026-09-26 17:00:00,今治,湘南,0.0,0.0,3.5435,3.096,0.0,0.0,0.0,4.0,,team_not_found,3.54,7.1
j2_2026_09261700_大分_藤枝,2026-09-26 17:00:00,大分,藤枝,0.0,0.0,3.9776,2.7172,0.0,0.0,0.0,4.0,,team_not_found,3.98,6.72
j2_2026_09261700_大宮_甲府,2026-09-26 17:00:00,大宮,甲府,0.0,0.0,3.6583,2.1435,0.0,0.0,0.0,4.0,,team_not_found,3.66,6.14
j2_2026_09261700_宮崎_札幌,2026-09-26 17:00:00,宮崎,札幌,0.0,0.0,3.8191,2.5776,0.0,0.0,0.0,4.0,,team_not_found,3.82,6.58
j2_2026_09261700_富山_横浜FC,2026-09-26 17:00:00,富山,横浜FC,0.0,0.0,3.4039,2.302,0.0,0.0,0.0,4.0,,team_not_found,3.4,6.3
j2_2026_09261700_山形_鳥栖,2026-09-26 17:00:00,山形,鳥栖,0.0,0.0,2.5776,2.5776,0.0,0.0,0.0,4.0,,team_not_found,2.58,6.58
j2_2026_09261700_徳島_栃木C,2026-09-26 17:00:00,徳島,栃木Ｃ,0.0,0.0,3.702,3.4335,0.0,0.0,0.0,4.0,,team_not_found,3.7,7.43
j2_2026_09261700_磐田_八戸,2026-09-26 17:00:00,磐田,八戸,0.0,0.0,3.9776,1.6251,0.0,0.0,0.0,4.0,,team_not_found,3.98,5.63
j2_2026_09261700_秋田_新潟,2026-09-26 17:00:00,秋田,新潟,0.0,0.0,2.5728,2.3043,0.0,0.0,0.0,4.0,,team_not_found,2.57,6.3
j2_2026_10031400_新潟_徳島,2026-10-03 14:00:00,新潟,徳島,0.0,0.0,3.1218,3.2097,0.0,0.0,0.0,4.0,,team_not_found,3.12,7.21
j2_2026_10031400_藤枝_湘南,2026-10-03 14:00:00,藤枝,湘南,0.0,0.0,3.6583,3.9529,0.0,0.0,0.0,4.0,,team_not_found,3.66,7.95
j2_2026_10031600_甲府_富山,2026-10-03 16:00:00,甲府,富山,0.0,0.0,2.9822,2.7574,0.0,0.0,0.0,4.0,,team_not_found,2.98,6.76
j2_2026_10031700_栃木C_今治,2026-10-03 17:00:00,栃木Ｃ,今治,0.0,0.0,4.1137,2.8722,0.0,0.0,0.0,4.0,,team_not_found,4.11,6.87
j2_2026_10031700_大分_山形,2026-10-03 17:00:00,大分,山形,0.0,0.0,3.4335,2.1435,0.0,0.0,0.0,4.0,,team_not_found,3.43,6.14
j2_2026_10041300_八戸_横浜FC,2026-10-04 13:00:00,八戸,横浜FC,0.0,0.0,2.5728,3.3197,0.0,0.0,0.0,4.0,,team_not_found,2.57,7.32
j2_2026_10041300_札幌_いわき,2026-10-04 13:00:00,札幌,いわき,0.0,0.0,3.5435,2.9564,0.0,0.0,0.0,4.0,,team_not_found,3.54,6.96
j2_2026_10041400_秋田_鳥栖,2026-10-04 14:00:00,秋田,鳥栖,0.0,0.0,2.2178,3.5435,0.0,0.0,0.0,4.0,,team_not_found,2.22,7.54
j2_2026_10041500_仙台_磐田,2026-10-04 15:00:00,仙台,磐田,0.0,0.0,4.2722,3.4335,0.0,0.0,0.0,4.0,,team_not_found,4.27,7.43
j2_2026_10041900_宮崎_大宮,2026-10-04 19:00:00,宮崎,大宮,0.0,0.0,3.096,2.9564,0.0,0.0,0.0,4.0,,team_not_found,3.1,6.96
j2_2026_10101400_大宮_八戸,2026-10-10 14:00:00,大宮,八戸,0.0,0.0,3.8381,2.2178,0.0,0.0,0.0,4.0,,team_not_found,3.84,6.22
j2_2026_10101400_徳島_今治,2026-10-10 14:00:00,徳島,今治,0.0,0.0,3.9326,3.7717,0.0,0.0,0.0,4.0,,team_not_found,3.93,7.77
j2_2026_10101400_横浜FC_大分,2026-10-10 14:00:00,横浜FC,大分,0.0,0.0,4.0911,2.7137,0.0,0.0,0.0,4.0,,team_not_found,4.09,6.71
j2_2026_10101400_鳥栖_藤枝,2026-10-10 14:00:00,鳥栖,藤枝,0.0,0.0,4.2722,2.9564,0.0,0.0,0.0,4.0,,team_not_found,4.27,6.96
j2_2026_10101600_甲府_栃木C,2026-10-10 16:00:00,甲府,栃木Ｃ,0.0,0.0,2.5302,3.3243,0.0,0.0,0.0,4.0,,team_not_found,2.53,7.32
j2_2026_10101800_磐田_札幌,2026-10-10 18:00:00,磐田,札幌,0.0,0.0,4.1137,2.8722,0.0,0.0,0.0,4.0,,team_not_found,4.11,6.87
j2_2026_10111300_山形_仙台,2026-10-11 13:00:00,山形,仙台,0.0,0.0,2.9822,3.6617,0.0,0.0,0.0,4.0,,team_not_found,2.98,7.66
j2_2026_10111400_富山_宮崎,2026-10-11 14:00:00,富山,宮崎,0.0,0.0,3.6876,2.5529,0.0,0.0,0.0,4.0,,team_not_found,3.69,6.55
j2_2026_10111500_いわき_秋田,2026-10-11 15:00:00,いわき,秋田,0.0,0.0,3.8381,1.8533,0.0,0.0,0.0,4.0,,team_not_found,3.84,5.85
j2_2026_10111800_湘南_新潟,2026-10-11 18:00:00,湘南,新潟,0.0,0.0,4.5846,2.645,0.0,0.0,0.0,4.0,,team_not_found,4.58,6.65
j2_2026_10171400_今治_八戸,2026-10-17 14:00:00,今治,八戸,0.0,0.0,4.4489,3.2533,0.0,0.0,0.0,4.0,,team_not_found,4.45,7.25
j2_2026_10171400_仙台_徳島,2026-10-17 14:00:00,仙台,徳島,0.0,0.0,4.2904,3.1885,0.0,0.0,0.0,4.0,,team_not_found,4.29,7.19
j2_2026_10171400_大分_新潟,2026-10-17 14:00:00,大分,新潟,0.0,0.0,3.4343,3.5806,0.0,0.0,0.0,4.0,,team_not_found,3.43,7.58
j2_2026_10171400_札幌_秋田,2026-10-17 14:00:00,札幌,秋田,0.0,0.0,3.7717,2.7495,0.0,0.0,0.0,4.0,,team_not_found,3.77,6.75
j2_2026_10171400_栃木C_横浜FC,2026-10-17 14:00:00,栃木Ｃ,横浜FC,0.0,0.0,4.1296,3.526,0.0,0.0,0.0,4.0,,team_not_found,4.13,7.53
j2_2026_10171400_藤枝_山形,2026-10-17 14:00:00,藤枝,山形,0.0,0.0,3.8381,2.5302,0.0,0.0,0.0,4.0,,team_not_found,3.84,6.53
j2_2026_10171400_鳥栖_大宮,2026-10-17 14:00:00,鳥栖,大宮,0.0,0.0,3.6617,3.1005,0.0,0.0,0.0,4.0,,team_not_found,3.66,7.1
j2_2026_10171800_富山_湘南,2026-10-17 18:00:00,富山,湘南,0.0,0.0,2.9825,3.9048,0.0,0.0,0.0,4.0,,team_not_found,2.98,7.9
j2_2026_10171900_宮崎_磐田,2026-10-17 19:00:00,宮崎,磐田,0.0,0.0,3.2946,3.3243,0.0,0.0,0.0,4.0,,team_not_found,3.29,7.32
j2_2026_10181300_いわき_甲府,2026-10-18 13:00:00,いわき,甲府,0.0,0.0,3.1005,2.0964,0.0,0.0,0.0,4.0,,team_not_found,3.1,6.1
j2_2026_10211300_山形_札幌,2026-10-21 13:00:00,山形,札幌,0.5,0.5,3.4964,3.0489,0.0,0.0,0.0,4.0,,team_not_found,4.0,7.55
j2_2026_10211900_仙台_今治,2026-10-21 19:00:00,仙台,今治,0.0,0.0,3.4612,3.7987,0.0,0.0,0.0,4.0,,team_not_found,3.46,7.8
j2_2026_10211900_大宮_富山,2026-10-21 19:00:00,大宮,富山,0.0,0.0,3.9484,2.4571,0.0,0.0,0.0,4.0,,team_not_found,3.95,6.46
j2_2026_10211900_宮崎_秋田,2026-10-21 19:00:00,宮崎,秋田,0.0,0.0,2.7733,3.7548,0.0,0.0,0.0,4.0,,team_not_found,2.77,7.75
j2_2026_10211900_徳島_八戸,2026-10-21 19:00:00,徳島,八戸,0.0,0.0,4.0235,4.0395,0.0,0.0,0.0,4.0,,team_not_found,4.02,8.04
j2_2026_10211900_新潟_鳥栖,2026-10-21 19:00:00,新潟,鳥栖,0.0,0.0,4.2944,2.8904,0.0,0.0,0.0,4.0,,team_not_found,4.29,6.89
j2_2026_10211900_栃木C_藤枝,2026-10-21 19:00:00,栃木Ｃ,藤枝,0.0,0.0,3.3216,3.1005,0.0,0.0,0.0,4.0,,team_not_found,3.32,7.1
j2_2026_10211900_湘南_いわき,2026-10-21 19:00:00,湘南,いわき,0.0,0.5,4.4789,2.5484,0.0,0.0,0.0,4.0,,team_not_found,4.48,7.05
j2_2026_10211900_甲府_横浜FC,2026-10-21 19:00:00,甲府,横浜FC,0.5,0.0,2.938,4.1843,0.0,0.0,0.0,4.0,,team_not_found,3.44,8.18
j2_2026_10211900_磐田_大分,2026-10-21 19:00:00,磐田,大分,0.0,0.0,4.1296,2.8881,0.0,0.0,0.0,4.0,,team_not_found,4.13,6.89
j2_2026_10241400_大宮_横浜FC,2026-10-24 14:00:00,大宮,横浜FC,1.0,1.0,3.1858,4.7788,0.0,0.0,0.0,4.0,,team_not_found,4.19,9.78
j2_2026_10241400_藤枝_徳島,2026-10-24 14:00:00,藤枝,徳島,1.0,1.0,3.9484,3.2392,0.0,0.0,0.0,4.0,,team_not_found,4.95,8.24
j2_2026_10251400_鳥栖_八戸,2026-10-25 14:00:00,鳥栖,八戸,0.5,0.5,3.5712,4.8863,0.0,0.0,0.0,4.0,,team_not_found,4.07,9.39
j2_2026_10251400_秋田_今治,2026-10-25 14:00:00,秋田,今治,0.5,0.5,4.6494,4.3965,0.0,0.0,0.0,4.0,,team_not_found,5.15,8.9
j2_2026_10251400_新潟_仙台,2026-10-25 14:00:00,新潟,仙台,0.5,0.5,3.6836,2.8357,0.0,0.0,0.0,4.0,,team_not_found,4.18,7.34
j2_2026_10251400_大分_甲府,2026-10-25 14:00:00,大分,甲府,0.5,0.5,3.7691,2.6756,0.0,0.0,0.0,4.0,,team_not_found,4.27,7.18
j2_2026_10251400_富山_札幌,2026-10-25 14:00:00,富山,札幌,0.5,0.0,3.2253,4.0837,0.0,0.0,0.0,4.0,,team_not_found,3.73,8.08
j2_2026_10251400_山形_宮崎,2026-10-25 14:00:00,山形,宮崎,0.0,0.5,3.003,2.2849,0.0,0.0,0.0,4.0,,team_not_found,3.0,6.78
j2_2026_10251500_いわき_磐田,2026-10-25 15:00:00,いわき,磐田,0.5,0.5,3.4708,3.3216,0.0,0.0,0.0,4.0,,team_not_found,3.97,7.82
j2_2026_10251800_湘南_栃木C,2026-10-25 18:00:00,湘南,栃木Ｃ,0.5,0.5,3.607,2.7209,0.0,0.0,0.0,4.0,,team_not_found,4.11,7.22
j2_2026_10311300_札幌_湘南,2026-10-31 13:00:00,札幌,湘南,0.0,0.0,4.7162,3.1237,0.0,0.0,0.0,4.0,,team_not_found,4.72,7.12
j2_2026_10311400_磐田_鳥栖,2026-10-31 14:00:00,磐田,鳥栖,0.0,0.0,4.2959,3.1692,0.0,0.0,0.0,4.0,,team_not_found,4.3,7.17
j2_2026_10311400_秋田_藤枝,2026-10-31 14:00:00,秋田,藤枝,0.0,0.0,4.0282,3.5358,0.0,0.0,0.0,4.0,,team_not_found,4.03,7.54
j2_2026_10311400_栃木C_いわき,2026-10-31 14:00:00,栃木Ｃ,いわき,0.0,0.0,3.6046,3.1095,0.0,0.0,0.0,4.0,,team_not_found,3.6,7.11
j2_2026_10311400_新潟_富山,2026-10-31 14:00:00,新潟,富山,0.0,0.0,3.0812,2.8935,0.0,0.0,0.0,4.0,,team_not_found,3.08,6.89
j2_2026_10311400_宮崎_大分,2026-10-31 14:00:00,宮崎,大分,0.0,0.0,3.2588,3.2152,0.0,0.0,0.0,4.0,,team_not_found,3.26,7.22
j2_2026_10311400_八戸_山形,2026-10-31 14:00:00,八戸,山形,0.0,0.0,5.6184,2.5033,0.0,0.0,0.0,4.0,,team_not_found,5.62,6.5
j2_2026_10311400_仙台_大宮,2026-10-31 14:00:00,仙台,大宮,0.0,0.0,3.6888,2.9648,0.0,0.0,0.0,4.0,,team_not_found,3.69,6.96
j2_2026_10311400_徳島_横浜FC,2026-10-31 14:00:00,徳島,横浜FC,0.0,0.0,4.4073,5.812,0.0,0.0,0.0,4.0,,team_not_found,4.41,9.81
j2_2026_10311405_今治_甲府,2026-10-31 14:05:00,今治,甲府,0.0,0.0,5.1184,3.8087,0.0,0.0,0.0,4.0,,team_not_found,5.12,7.81
j2_2026_11031355_富山_仙台,2026-11-03 13:55:00,富山,仙台,1.0,1.0,3.8035,3.1043,0.0,0.0,0.0,4.0,,team_not_found,4.8,8.1
j2_2026_11031400_湘南_鳥栖,2026-11-03 14:00:00,湘南,鳥栖,0.5,0.5,3.7626,4.0125,0.0,0.0,0.0,4.0,,team_not_found,4.26,8.51
j2_2026_11031400_藤枝_磐田,2026-11-03 14:00:00,藤枝,磐田,0.5,0.5,4.3373,3.4808,0.0,0.0,0.0,4.0,,team_not_found,4.84,7.98
j2_2026_11031400_甲府_新潟,2026-11-03 14:00:00,甲府,新潟,1.0,0.5,4.512,2.3446,0.0,0.0,0.0,4.0,,team_not_found,5.51,6.84
j2_2026_11031400_山形_徳島,2026-11-03 14:00:00,山形,徳島,0.5,0.5,3.2764,3.5927,0.0,0.0,0.0,4.0,,team_not_found,3.78,8.09
j2_2026_11031400_横浜FC_秋田,2026-11-03 14:00:00,横浜FC,秋田,0.5,0.5,6.2084,3.2152,0.0,0.0,0.0,4.0,,team_not_found,6.71,7.72
j2_2026_11031400_大宮_いわき,2026-11-03 14:00:00,大宮,いわき,0.5,0.5,3.6697,3.9873,0.0,0.0,0.0,4.0,,team_not_found,4.17,8.49
j2_2026_11031400_大分_八戸,2026-11-03 14:00:00,大分,八戸,0.5,0.5,4.0679,4.6477,0.0,0.0,0.0,4.0,,team_not_found,4.57,9.15
j2_2026_11031400_宮崎_栃木C,2026-11-03 14:00:00,宮崎,栃木Ｃ,0.5,0.5,2.7749,3.0379,0.0,0.0,0.0,4.0,,team_not_found,3.27,7.54
j2_2026_11031450_今治_札幌,2026-11-03 14:50:00,今治,札幌,0.5,0.5,4.3506,4.0223,0.0,0.0,0.0,4.0,,team_not_found,4.85,8.52
j2_2026_11071400_鳥栖_富山,2026-11-07 14:00:00,鳥栖,富山,0.0,0.0,4.8203,3.4325,0.0,0.0,0.0,4.0,,team_not_found,4.82,7.43
j2_2026_11071400_いわき_山形,2026-11-07 14:00:00,いわき,山形,0.0,0.0,4.7896,2.9227,0.0,0.0,0.0,4.0,,team_not_found,4.79,6.92
j2_2026_11071400_徳島_宮崎,2026-11-07 14:00:00,徳島,宮崎,0.0,0.0,4.5378,2.4765,0.0,0.0,0.0,4.0,,team_not_found,4.54,6.48
j2_2026_11071400_新潟_今治,2026-11-07 14:00:00,新潟,今治,0.0,0.5,3.4302,3.611,0.0,0.0,0.0,4.0,,team_not_found,3.43,8.11
j2_2026_11071400_横浜FC_藤枝,2026-11-07 14:00:00,横浜FC,藤枝,0.0,0.0,5.2882,3.6951,0.0,0.0,0.0,4.0,,team_not_found,5.29,7.7
j2_2026_11071400_秋田_大分,2026-11-07 14:00:00,秋田,大分,0.0,0.0,4.0209,3.4687,0.0,0.0,0.0,4.0,,team_not_found,4.02,7.47
j2_2026_11081300_八戸_札幌,2026-11-08 13:00:00,八戸,札幌,0.0,0.0,5.264,4.7344,0.0,0.0,0.0,4.0,,team_not_found,5.26,8.73
j2_2026_11081400_栃木C_大宮,2026-11-08 14:00:00,栃木Ｃ,大宮,0.0,0.0,4.0813,3.2709,0.0,0.0,0.0,4.0,,team_not_found,4.08,7.27
j2_2026_11081400_磐田_湘南,2026-11-08 14:00:00,磐田,湘南,0.0,0.0,4.4346,3.3274,0.0,0.0,0.0,4.0,,team_not_found,4.43,7.33
j2_2026_11081500_仙台_甲府,2026-11-08 15:00:00,仙台,甲府,0.0,0.0,4.3078,4.2085,0.0,0.0,0.0,4.0,,team_not_found,4.31,8.21
j2_2026_11141400_新潟_宮崎,2026-11-14 14:00:00,新潟,宮崎,0.0,0.0,2.8776,3.2476,0.0,0.0,0.0,4.0,,team_not_found,2.88,7.25
j2_2026_11141400_大分_栃木C,2026-11-14 14:00:00,大分,栃木Ｃ,0.0,0.0,4.2492,3.2965,0.0,0.0,0.0,4.0,,team_not_found,4.25,7.3
j2_2026_11141400_大宮_山形,2026-11-14 14:00:00,大宮,山形,0.0,0.0,4.0752,3.8286,0.0,0.0,0.0,4.0,,team_not_found,4.08,7.83
j2_2026_11141400_藤枝_甲府,2026-11-14 14:00:00,藤枝,甲府,0.0,0.0,4.4143,4.7562,0.0,0.0,0.0,4.0,,team_not_found,4.41,8.76
j2_2026_11141400_湘南_横浜FC,2026-11-14 14:00:00,湘南,横浜FC,0.0,0.0,4.1295,4.1738,0.0,0.0,0.0,4.0,,team_not_found,4.13,8.17
j2_2026_11151300_仙台_秋田,2026-11-15 13:00:00,仙台,秋田,0.0,0.0,3.4975,3.3532,0.0,0.0,0.0,4.0,,team_not_found,3.5,7.35
j2_2026_11151300_札幌_鳥栖,2026-11-15 13:00:00,札幌,鳥栖,0.0,0.0,5.2331,4.1065,0.0,0.0,0.0,4.0,,team_not_found,5.23,8.11
j2_2026_11151300_八戸_いわき,2026-11-15 13:00:00,八戸,いわき,0.0,0.0,4.2338,4.0848,0.0,0.0,0.0,4.0,,team_not_found,4.23,8.08
j2_2026_11151400_今治_磐田,2026-11-15 14:00:00,今治,磐田,0.0,0.0,4.3208,3.5779,0.0,0.0,0.0,4.0,,team_not_found,4.32,7.58
j2_2026_11151400_富山_徳島,2026-11-15 14:00:00,富山,徳島,0.0,0.0,4.2514,3.6475,0.0,0.0,0.0,4.0,,team_not_found,4.25,7.65
j2_2026_11211400_横浜FC_札幌,2026-11-21 14:00:00,横浜FC,札幌,0.0,0.0,4.5893,4.4307,0.0,0.0,0.0,4.0,,team_not_found,4.59,8.43
j2_2026_11211400_宮崎_いわき,2026-11-21 14:00:00,宮崎,いわき,0.0,0.0,4.1595,4.6363,0.0,0.0,0.0,4.0,,team_not_found,4.16,8.64
j2_2026_11211400_富山_大分,2026-11-21 14:00:00,富山,大分,0.0,0.0,3.4548,3.4377,0.0,0.0,0.0,4.0,,team_not_found,3.45,7.44
j2_2026_11211400_鳥栖_仙台,2026-11-21 14:00:00,鳥栖,仙台,0.0,0.0,4.6526,2.8961,0.0,0.0,0.0,4.0,,team_not_found,4.65,6.9
j2_2026_11211400_栃木C_新潟,2026-11-21 14:00:00,栃木Ｃ,新潟,0.0,0.0,4.1238,2.3777,0.0,0.0,0.0,4.0,,team_not_found,4.12,6.38
j2_2026_11211400_秋田_山形,2026-11-21 14:00:00,秋田,山形,0.0,0.0,4.1493,4.5022,0.0,0.0,0.0,4.0,,team_not_found,4.15,8.5
j2_2026_11211400_甲府_八戸,2026-11-21 14:00:00,甲府,八戸,0.0,0.0,5.2576,3.4494,0.0,0.0,0.0,4.0,,team_not_found,5.26,7.45
j2_2026_11211400_磐田_大宮,2026-11-21 14:00:00,磐田,大宮,0.0,0.0,4.3373,3.2975,0.0,0.0,0.0,4.0,,team_not_found,4.34,7.3
j2_2026_11211400_藤枝_今治,2026-11-21 14:00:00,藤枝,今治,0.0,0.0,3.5677,3.6196,0.0,0.0,0.0,4.0,,team_not_found,3.57,7.62
j2_2026_11221400_徳島_湘南,2026-11-22 14:00:00,徳島,湘南,0.0,0.0,4.3935,3.337,0.0,0.0,0.0,4.0,,team_not_found,4.39,7.34
j2_2026_11251830_今治_宮崎,2026-11-25 18:30:00,今治,宮崎,0.0,0.0,4.3421,3.553,0.0,0.0,0.0,4.0,,team_not_found,4.34,7.55
j2_2026_11251830_八戸_新潟,2026-11-25 18:30:00,八戸,新潟,0.0,0.0,3.9804,3.1507,0.0,0.0,0.0,4.0,,team_not_found,3.98,7.15
j2_2026_11251900_鳥栖_大分,2026-11-25 19:00:00,鳥栖,大分,0.0,0.0,3.7317,4.1999,0.0,0.0,0.0,4.0,,team_not_found,3.73,8.2
j2_2026_11251900_湘南_甲府,2026-11-25 19:00:00,湘南,甲府,0.5,0.0,4.1266,4.4122,0.0,0.0,0.0,4.0,,team_not_found,4.63,8.41
j2_2026_11251900_横浜FC_仙台,2026-11-25 19:00:00,横浜FC,仙台,0.0,0.0,3.7698,3.5439,0.0,0.0,0.0,4.0,,team_not_found,3.77,7.54
j2_2026_11251900_札幌_藤枝,2026-11-25 19:00:00,札幌,藤枝,0.0,0.0,4.8708,2.9011,0.0,0.0,0.0,4.0,,team_not_found,4.87,6.9
j2_2026_11251900_大宮_徳島,2026-11-25 19:00:00,大宮,徳島,0.0,0.5,4.0963,3.521,0.0,0.0,0.0,4.0,,team_not_found,4.1,8.02
j2_2026_11251900_いわき_富山,2026-11-25 19:00:00,いわき,富山,0.0,0.0,5.1186,2.8027,0.0,0.0,0.0,4.0,,team_not_found,5.12,6.8
j2_2026_11251900_栃木C_秋田,2026-11-25 19:00:00,栃木Ｃ,秋田,0.0,0.0,3.3108,3.325,0.0,0.0,0.0,4.0,,team_not_found,3.31,7.32
j2_2026_11251900_山形_磐田,2026-11-25 19:00:00,山形,磐田,0.0,0.0,5.2337,3.4771,0.0,0.0,0.0,4.0,,team_not_found,5.23,7.48
j2_2026_11281400_大宮_今治,2026-11-28 14:00:00,大宮,今治,1.0,1.0,3.3007,3.4757,0.0,0.0,0.0,4.0,,team_not_found,4.3,8.48
j2_2026_11291300_八戸_藤枝,2026-11-29 13:00:00,八戸,藤枝,0.5,0.5,3.3064,3.5704,0.0,0.0,0.0,4.0,,team_not_found,3.81,8.07
j2_2026_11291400_磐田_栃木C,2026-11-29 14:00:00,磐田,栃木Ｃ,0.5,0.5,4.2422,2.7132,0.0,0.0,0.0,4.0,,team_not_found,4.74,7.21
j2_2026_11291400_秋田_横浜FC,2026-11-29 14:00:00,秋田,横浜FC,0.5,0.5,4.1289,3.0547,0.0,0.0,0.0,4.0,,team_not_found,4.63,7.55
j2_2026_11291400_新潟_甲府,2026-11-29 14:00:00,新潟,甲府,0.5,0.5,4.066,4.8714,0.0,0.0,0.0,4.0,,team_not_found,4.57,9.37
j2_2026_11291400_宮崎_鳥栖,2026-11-29 14:00:00,宮崎,鳥栖,0.5,0.5,4.2002,3.0473,0.0,0.0,0.0,4.0,,team_not_found,4.7,7.55
j2_2026_11291400_湘南_富山,2026-11-29 14:00:00,湘南,富山,0.5,0.5,3.4997,3.4971,0.0,0.0,0.0,4.0,,team_not_found,4.0,8.0
j2_2026_11291400_大分_徳島,2026-11-29 14:00:00,大分,徳島,0.5,0.5,4.7824,4.4508,0.0,0.0,0.0,4.0,,team_not_found,5.28,8.95
j2_2026_11291400_仙台_山形,2026-11-29 14:00:00,仙台,山形,0.5,0.5,4.3693,4.3151,0.0,0.0,0.0,4.0,,team_not_found,4.87,8.82
j2_2026_11291500_いわき_札幌,2026-11-29 15:00:00,いわき,札幌,0.5,0.5,4.3273,3.9142,0.0,0.0,0.0,4.0,,team_not_found,4.83,8.41
j2_2026_12051400_徳島_磐田,2026-12-05 14:00:00,徳島,磐田,0.0,0.0,5.1763,3.5889,0.0,0.0,0.0,4.0,,team_not_found,5.18,7.59
j2_2026_12051400_札幌_新潟,2026-12-05 14:00:00,札幌,新潟,0.0,0.0,4.7622,3.666,0.0,0.0,0.0,4.0,,team_not_found,4.76,7.67
j2_2026_12051400_栃木C_宮崎,2026-12-05 14:00:00,栃木Ｃ,宮崎,0.0,0.0,3.5992,3.5716,0.0,0.0,0.0,4.0,,team_not_found,3.6,7.57
j2_2026_12051400_横浜FC_八戸,2026-12-05 14:00:00,横浜FC,八戸,0.0,0.0,3.857,2.8733,0.0,0.0,0.0,4.0,,team_not_found,3.86,6.87
j2_2026_12051400_甲府_鳥栖,2026-12-05 14:00:00,甲府,鳥栖,0.0,0.0,5.4882,3.8532,0.0,0.0,0.0,4.0,,team_not_found,5.49,7.85
j2_2026_12051400_藤枝_秋田,2026-12-05 14:00:00,藤枝,秋田,0.0,0.0,4.5616,3.5001,0.0,0.0,0.0,4.0,,team_not_found,4.56,7.5
j2_2026_12061300_山形_いわき,2026-12-06 13:00:00,山形,いわき,0.0,0.0,4.9823,3.5769,0.0,0.0,0.0,4.0,,team_not_found,4.98,7.58
j2_2026_12061400_富山_大宮,2026-12-06 14:00:00,富山,大宮,0.0,0.0,4.505,3.0543,0.0,0.0,0.0,4.0,,team_not_found,4.5,7.05
j2_2026_12061400_仙台_湘南,2026-12-06 14:00:00,仙台,湘南,0.0,0.0,3.9027,3.0589,0.0,0.0,0.0,4.0,,team_not_found,3.9,7.06
j2_2026_12061500_今治_大分,2026-12-06 15:00:00,今治,大分,0.0,0.0,4.5969,4.2326,0.0,0.0,0.0,4.0,,team_not_found,4.6,8.23
j2_2026_12121330_甲府_秋田,2026-12-12 13:30:00,甲府,秋田,0.0,0.0,4.6364,4.2833,0.0,0.0,0.0,4.0,,team_not_found,4.64,8.28
j2_2026_12121345_札幌_富山,2026-12-12 13:45:00,札幌,富山,0.0,0.0,3.8367,3.8564,0.0,0.0,0.0,4.0,,team_not_found,3.84,7.86
j2_2026_12121400_大分_宮崎,2026-12-12 14:00:00,大分,宮崎,0.0,0.0,4.7579,4.3454,0.0,0.0,0.0,4.0,,team_not_found,4.76,8.35
j2_2026_12121400_大宮_仙台,2026-12-12 14:00:00,大宮,仙台,0.0,0.0,3.7388,3.0942,0.0,0.0,0.0,4.0,,team_not_found,3.74,7.09
j2_2026_12121400_藤枝_栃木C,2026-12-12 14:00:00,藤枝,栃木Ｃ,0.0,0.0,3.9007,3.0334,0.0,0.0,0.0,4.0,,team_not_found,3.9,7.03
j2_2026_12121400_鳥栖_横浜FC,2026-12-12 14:00:00,鳥栖,横浜FC,0.0,0.0,4.6312,3.2379,0.0,0.0,0.0,4.0,,team_not_found,4.63,7.24
j2_2026_12121500_いわき_徳島,2026-12-12 15:00:00,いわき,徳島,0.0,0.0,4.1292,4.404,0.0,0.0,0.0,4.0,,team_not_found,4.13,8.4
j2_2026_12131300_山形_八戸,2026-12-13 13:00:00,山形,八戸,0.0,0.0,4.0302,3.565,0.0,0.0,0.0,4.0,,team_not_found,4.03,7.56
j2_2026_12131400_磐田_新潟,2026-12-13 14:00:00,磐田,新潟,0.0,0.0,4.3523,4.3114,0.0,0.0,0.0,4.0,,team_not_found,4.35,8.31
j2_2026_12131400_湘南_今治,2026-12-13 14:00:00,湘南,今治,0.0,0.0,3.7332,3.7383,0.0,0.0,0.0,4.0,,team_not_found,3.73,7.74
j2_2026_02200000_鳥栖_新潟,2027-02-20 00:00:00,鳥栖,新潟,0.0,0.0,3.9463,4.8988,0.0,0.0,0.0,4.0,,team_not_found,3.95,8.9
j2_2026_02200000_磐田_甲府,2027-02-20 00:00:00,磐田,甲府,0.0,0.0,3.5153,3.6575,0.0,0.0,0.0,4.0,,team_not_found,3.52,7.66
j2_2026_02200000_湘南_八戸,2027-02-20 00:00:00,湘南,八戸,0.0,0.0,3.1184,4.403,0.0,0.0,0.0,4.0,,team_not_found,3.12,8.4
j2_2026_02200000_横浜FC_大宮,2027-02-20 00:00:00,横浜FC,大宮,0.0,0.0,4.0601,3.1495,0.0,0.0,0.0,4.0,,team_not_found,4.06,7.15
j2_2026_02200000_いわき_藤枝,2027-02-20 00:00:00,いわき,藤枝,0.0,0.0,3.4433,3.0846,0.0,0.0,0.0,4.0,,team_not_found,3.44,7.08
j2_2026_02200000_徳島_富山,2027-02-20 00:00:00,徳島,富山,0.0,0.0,4.8717,4.4505,0.0,0.0,0.0,4.0,,team_not_found,4.87,8.45
j2_2026_02200000_宮崎_山形,2027-02-20 00:00:00,宮崎,山形,0.0,0.0,4.9052,3.2885,0.0,0.0,0.0,4.0,,team_not_found,4.91,7.29
j2_2026_02200000_大分_仙台,2027-02-20 00:00:00,大分,仙台,0.0,0.0,3.84,3.7504,0.0,0.0,0.0,4.0,,team_not_found,3.84,7.75
j2_2026_02200000_今治_秋田,2027-02-20 00:00:00,今治,秋田,0.0,0.0,4.4753,4.8621,0.0,0.0,0.0,4.0,,team_not_found,4.48,8.86
j2_2026_02200000_栃木C_札幌,2027-02-20 00:00:00,栃木Ｃ,札幌,0.0,0.0,3.9028,3.1367,0.0,0.0,0.0,4.0,,team_not_found,3.9,7.14
j2_2026_02270000_藤枝_大分,2027-02-27 00:00:00,藤枝,大分,0.0,0.0,3.7159,3.1188,0.0,0.0,0.0,4.0,,team_not_found,3.72,7.12
j2_2026_02270000_甲府_湘南,2027-02-27 00:00:00,甲府,湘南,0.0,0.0,4.1562,2.544,0.0,0.0,0.0,4.0,,team_not_found,4.16,6.54
j2_2026_02270000_横浜FC_山形,2027-02-27 00:00:00,横浜FC,山形,0.0,0.0,3.2543,3.8552,0.0,0.0,0.0,4.0,,team_not_found,3.25,7.86
j2_2026_02270000_栃木C_鳥栖,2027-02-27 00:00:00,栃木Ｃ,鳥栖,0.0,0.0,3.1326,3.0928,0.0,0.0,0.0,4.0,,team_not_found,3.13,7.09
j2_2026_02270000_札幌_八戸,2027-02-27 00:00:00,札幌,八戸,0.0,0.0,3.7414,5.1414,0.0,0.0,0.0,4.0,,team_not_found,3.74,9.14
j2_2026_02270000_徳島_秋田,2027-02-27 00:00:00,徳島,秋田,0.0,0.0,3.9035,5.5084,0.0,0.0,0.0,4.0,,team_not_found,3.9,9.51
j2_2026_02270000_宮崎_新潟,2027-02-27 00:00:00,宮崎,新潟,0.0,0.0,4.1431,5.5435,0.0,0.0,0.0,4.0,,team_not_found,4.14,9.54
j2_2026_02270000_大宮_磐田,2027-02-27 00:00:00,大宮,磐田,0.0,0.0,3.9555,2.8597,0.0,0.0,0.0,4.0,,team_not_found,3.96,6.86
j2_2026_02270000_仙台_いわき,2027-02-27 00:00:00,仙台,いわき,0.0,0.0,4.5218,2.7887,0.0,0.0,0.0,4.0,,team_not_found,4.52,6.79
j2_2026_02270000_今治_富山,2027-02-27 00:00:00,今治,富山,0.0,0.0,3.5737,4.9794,0.0,0.0,0.0,4.0,,team_not_found,3.57,8.98
j2_2026_03060000_鳥栖_山形,2027-03-06 00:00:00,鳥栖,山形,0.0,0.0,3.7349,4.6101,0.0,0.0,0.0,4.0,,team_not_found,3.73,8.61
j2_2026_03060000_磐田_藤枝,2027-03-06 00:00:00,磐田,藤枝,0.0,0.0,3.5392,3.1076,0.0,0.0,0.0,4.0,,team_not_found,3.54,7.11
j2_2026_03060000_甲府_大分,2027-03-06 00:00:00,甲府,大分,0.0,0.0,3.4498,3.7354,0.0,0.0,0.0,4.0,,team_not_found,3.45,7.74
j2_2026_03060000_湘南_徳島,2027-03-06 00:00:00,湘南,徳島,0.0,0.0,3.2874,3.181,0.0,0.0,0.0,4.0,,team_not_found,3.29,7.18
j2_2026_03060000_いわき_宮崎,2027-03-06 00:00:00,いわき,宮崎,0.0,0.0,3.4776,3.2657,0.0,0.0,0.0,4.0,,team_not_found,3.48,7.27
j2_2026_03060000_富山_秋田,2027-03-06 00:00:00,富山,秋田,0.0,0.0,5.6185,5.9287,0.0,0.0,0.0,4.0,,team_not_found,5.62,9.93
j2_2026_03060000_大宮_札幌,2027-03-06 00:00:00,大宮,札幌,0.0,0.0,3.1882,3.1205,0.0,0.0,0.0,4.0,,team_not_found,3.19,7.12
j2_2026_03060000_八戸_今治,2027-03-06 00:00:00,八戸,今治,0.0,0.0,5.6366,2.9197,0.0,0.0,0.0,4.0,,team_not_found,5.64,6.92
j2_2026_03060000_仙台_横浜FC,2027-03-06 00:00:00,仙台,横浜FC,0.0,0.0,3.8421,2.6748,0.0,0.0,0.0,4.0,,team_not_found,3.84,6.67
j2_2026_03060000_新潟_栃木C,2027-03-06 00:00:00,新潟,栃木Ｃ,0.0,0.0,5.9511,2.5803,0.0,0.0,0.0,4.0,,team_not_found,5.95,6.58
j2_2026_03130000_湘南_大宮,2027-03-13 00:00:00,湘南,大宮,0.0,0.0,2.7712,2.6219,0.0,0.0,0.0,4.0,,team_not_found,2.77,6.62
j2_2026_03130000_藤枝_富山,2027-03-13 00:00:00,藤枝,富山,0.0,0.0,3.9393,4.6074,0.0,0.0,0.0,4.0,,team_not_found,3.94,8.61
j2_2026_03130000_秋田_いわき,2027-03-13 00:00:00,秋田,いわき,0.0,0.0,6.2629,2.9192,0.0,0.0,0.0,4.0,,team_not_found,6.26,6.92
j2_2026_03130000_栃木C_徳島,2027-03-13 00:00:00,栃木Ｃ,徳島,0.0,0.0,3.3199,3.7812,0.0,0.0,0.0,4.0,,team_not_found,3.32,7.78
j2_2026_03130000_鳥栖_今治,2027-03-13 00:00:00,鳥栖,今治,0.0,0.0,3.1204,3.5842,0.0,0.0,0.0,4.0,,team_not_found,3.12,7.58
j2_2026_03130000_山形_新潟,2027-03-13 00:00:00,山形,新潟,0.0,0.0,5.3134,4.8815,0.0,0.0,0.0,4.0,,team_not_found,5.31,8.88
j2_2026_03130000_宮崎_甲府,2027-03-13 00:00:00,宮崎,甲府,0.0,0.0,3.8621,2.8044,0.0,0.0,0.0,4.0,,team_not_found,3.86,6.8
j2_2026_03130000_大分_磐田,2027-03-13 00:00:00,大分,磐田,0.0,0.0,4.5152,2.9622,0.0,0.0,0.0,4.0,,team_not_found,4.52,6.96
j2_2026_03130000_札幌_横浜FC,2027-03-13 00:00:00,札幌,横浜FC,0.0,0.0,3.9541,3.3931,0.0,0.0,0.0,4.0,,team_not_found,3.95,7.39
j2_2026_03130000_仙台_八戸,2027-03-13 00:00:00,仙台,八戸,0.0,0.0,3.0241,4.6414,0.0,0.0,0.0,4.0,,team_not_found,3.02,8.64
j2_2026_03170000_藤枝_鳥栖,2027-03-17 00:00:00,藤枝,鳥栖,0.0,0.0,3.1719,2.5484,0.0,0.0,0.0,4.0,,team_not_found,3.17,6.55
j2_2026_03170000_秋田_磐田,2027-03-17 00:00:00,秋田,磐田,0.0,0.0,5.1286,3.8306,0.0,0.0,0.0,4.0,,team_not_found,5.13,7.83
j2_2026_03170000_甲府_山形,2027-03-17 00:00:00,甲府,山形,0.0,0.0,3.4871,4.3672,0.0,0.0,0.0,4.0,,team_not_found,3.49,8.37
j2_2026_03170000_横浜FC_宮崎,2027-03-17 00:00:00,横浜FC,宮崎,0.0,0.0,4.248,3.2192,0.0,0.0,0.0,4.0,,team_not_found,4.25,7.22
j2_2026_03170000_大分_札幌,2027-03-17 00:00:00,大分,札幌,0.0,0.0,3.8393,3.1822,0.0,0.0,0.0,4.0,,team_not_found,3.84,7.18
j2_2026_03170000_徳島_大宮,2027-03-17 00:00:00,徳島,大宮,0.0,0.0,4.55,3.3509,0.0,0.0,0.0,4.0,,team_not_found,4.55,7.35
j2_2026_03170000_富山_いわき,2027-03-17 00:00:00,富山,いわき,0.0,0.0,5.0343,3.7961,0.0,0.0,0.0,4.0,,team_not_found,5.03,7.8
j2_2026_03170000_八戸_栃木C,2027-03-17 00:00:00,八戸,栃木Ｃ,0.0,0.0,5.0659,2.7913,0.0,0.0,0.0,4.0,,team_not_found,5.07,6.79
j2_2026_03170000_今治_仙台,2027-03-17 00:00:00,今治,仙台,0.0,0.0,4.3958,2.279,0.0,0.0,0.0,4.0,,team_not_found,4.4,6.28
j2_2026_03170000_新潟_湘南,2027-03-17 00:00:00,新潟,湘南,0.0,0.0,5.2531,2.2818,0.0,0.0,0.0,4.0,,team_not_found,5.25,6.28
j2_2026_03200000_磐田_宮崎,2027-03-20 00:00:00,磐田,宮崎,0.5,0.5,4.4871,4.0257,0.0,0.0,0.0,4.0,,team_not_found,4.99,8.53
j2_2026_03200000_横浜FC_湘南,2027-03-20 00:00:00,横浜FC,湘南,0.5,0.5,3.6329,3.0816,0.0,0.0,0.0,4.0,,team_not_found,4.13,7.58
j2_2026_03200000_徳島_新潟,2027-03-20 00:00:00,徳島,新潟,0.5,0.5,3.8668,4.21,0.0,0.0,0.0,4.0,,team_not_found,4.37,8.71
j2_2026_03200000_富山_鳥栖,2027-03-20 00:00:00,富山,鳥栖,0.5,0.5,4.0453,3.2895,0.0,0.0,0.0,4.0,,team_not_found,4.55,7.79
j2_2026_03200000_札幌_山形,2027-03-20 00:00:00,札幌,山形,0.5,0.5,4.0166,4.8522,0.0,0.0,0.0,4.0,,team_not_found,4.52,9.35
j2_2026_03200000_八戸_甲府,2027-03-20 00:00:00,八戸,甲府,0.5,0.5,4.065,2.9264,0.0,0.0,0.0,4.0,,team_not_found,4.57,7.43
j2_2026_03200000_仙台_藤枝,2027-03-20 00:00:00,仙台,藤枝,0.5,0.5,3.1867,2.6088,0.0,0.0,0.0,4.0,,team_not_found,3.69,7.11
j2_2026_03200000_今治_栃木C,2027-03-20 00:00:00,今治,栃木Ｃ,0.5,0.5,3.7473,3.699,0.0,0.0,0.0,4.0,,team_not_found,4.25,8.2
j2_2026_03200000_大宮_秋田,2027-03-20 00:00:00,大宮,秋田,0.5,0.5,4.216,4.0405,0.0,0.0,0.0,4.0,,team_not_found,4.72,8.54
j2_2026_03200000_いわき_大分,2027-03-20 00:00:00,いわき,大分,0.5,0.5,4.4603,3.0203,0.0,0.0,0.0,4.0,,team_not_found,4.96,7.52
j2_2026_03270000_鳥栖_磐田,2027-03-27 00:00:00,鳥栖,磐田,0.0,0.0,4.348,4.0078,0.0,0.0,0.0,4.0,,team_not_found,4.35,8.01
j2_2026_03270000_藤枝_横浜FC,2027-03-27 00:00:00,藤枝,横浜FC,0.0,0.0,3.5164,3.0354,0.0,0.0,0.0,4.0,,team_not_found,3.52,7.04
j2_2026_03270000_甲府_大宮,2027-03-27 00:00:00,甲府,大宮,0.0,0.0,3.9771,3.783,0.0,0.0,0.0,4.0,,team_not_found,3.98,7.78
j2_2026_03270000_湘南_札幌,2027-03-27 00:00:00,湘南,札幌,0.0,0.0,4.187,3.4127,0.0,0.0,0.0,4.0,,team_not_found,4.19,7.41
j2_2026_03270000_秋田_仙台,2027-03-27 00:00:00,秋田,仙台,0.0,0.0,4.6412,2.8486,0.0,0.0,0.0,4.0,,team_not_found,4.64,6.85
j2_2026_03270000_新潟_いわき,2027-03-27 00:00:00,新潟,いわき,0.0,0.0,4.9873,3.9872,0.0,0.0,0.0,4.0,,team_not_found,4.99,7.99
j2_2026_03270000_宮崎_徳島,2027-03-27 00:00:00,宮崎,徳島,0.0,0.0,4.814,3.2165,0.0,0.0,0.0,4.0,,team_not_found,4.81,7.22
j2_2026_03270000_八戸_大分,2027-03-27 00:00:00,八戸,大分,0.0,0.0,3.4751,3.8515,0.0,0.0,0.0,4.0,,team_not_found,3.48,7.85
j2_2026_03270000_栃木C_富山,2027-03-27 00:00:00,栃木Ｃ,富山,0.0,0.0,4.5599,3.4585,0.0,0.0,0.0,4.0,,team_not_found,4.56,7.46
j2_2026_03270000_山形_今治,2027-03-27 00:00:00,山形,今治,0.0,0.0,5.4781,3.1241,0.0,0.0,0.0,4.0,,team_not_found,5.48,7.12
j2_2026_04030000_磐田_横浜FC,2027-04-03 00:00:00,磐田,横浜FC,0.0,0.0,4.5832,3.7138,0.0,0.0,0.0,4.0,,team_not_found,4.58,7.71
j2_2026_04030000_いわき_湘南,2027-04-03 00:00:00,いわき,湘南,0.0,0.0,4.5672,3.61,0.0,0.0,0.0,4.0,,team_not_found,4.57,7.61
j2_2026_04030000_今治_新潟,2027-04-03 00:00:00,今治,新潟,0.0,0.0,3.7825,4.0128,0.0,0.0,0.0,4.0,,team_not_found,3.78,8.01
j2_2026_04030000_仙台_栃木C,2027-04-03 00:00:00,仙台,栃木Ｃ,0.0,0.0,3.7622,3.9149,0.0,0.0,0.0,4.0,,team_not_found,3.76,7.91
j2_2026_04030000_大分_鳥栖,2027-04-03 00:00:00,大分,鳥栖,0.0,0.0,4.636,3.7345,0.0,0.0,0.0,4.0,,team_not_found,4.64,7.73
j2_2026_04030000_大宮_藤枝,2027-04-03 00:00:00,大宮,藤枝,0.0,0.0,4.4023,2.9697,0.0,0.0,0.0,4.0,,team_not_found,4.4,6.97
j2_2026_04030000_富山_八戸,2027-04-03 00:00:00,富山,八戸,0.0,0.0,4.023,2.6359,0.0,0.0,0.0,4.0,,team_not_found,4.02,6.64
j2_2026_04030000_徳島_山形,2027-04-03 00:00:00,徳島,山形,0.0,0.0,3.8541,4.6245,0.0,0.0,0.0,4.0,,team_not_found,3.85,8.62
j2_2026_04030000_札幌_甲府,2027-04-03 00:00:00,札幌,甲府,0.0,0.0,4.216,3.226,0.0,0.0,0.0,4.0,,team_not_found,4.22,7.23
j2_2026_04030000_秋田_宮崎,2027-04-03 00:00:00,秋田,宮崎,0.0,0.0,3.8454,4.112,0.0,0.0,0.0,4.0,,team_not_found,3.85,8.11
j2_2026_04100000_大分_富山,2027-04-10 00:00:00,大分,富山,0.0,0.0,3.9449,3.3543,0.0,0.0,0.0,4.0,,team_not_found,3.94,7.35
j2_2026_04100000_宮崎_仙台,2027-04-10 00:00:00,宮崎,仙台,0.0,0.0,4.6546,3.0552,0.0,0.0,0.0,4.0,,team_not_found,4.65,7.06
j2_2026_04100000_新潟_秋田,2027-04-10 00:00:00,新潟,秋田,0.0,0.0,4.6729,3.1282,0.0,0.0,0.0,4.0,,team_not_found,4.67,7.13
j2_2026_04100000_栃木C_山形,2027-04-10 00:00:00,栃木Ｃ,山形,0.0,0.0,4.5021,5.0494,0.0,0.0,0.0,4.0,,team_not_found,4.5,9.05
j2_2026_04100000_横浜FC_徳島,2027-04-10 00:00:00,横浜FC,徳島,0.0,0.0,4.5202,3.2289,0.0,0.0,0.0,4.0,,team_not_found,4.52,7.23
j2_2026_04100000_湘南_藤枝,2027-04-10 00:00:00,湘南,藤枝,0.0,0.0,4.2591,3.8535,0.0,0.0,0.0,4.0,,team_not_found,4.26,7.85
j2_2026_04100000_甲府_いわき,2027-04-10 00:00:00,甲府,いわき,0.0,0.0,4.0671,3.692,0.0,0.0,0.0,4.0,,team_not_found,4.07,7.69
j2_2026_04100000_磐田_今治,2027-04-10 00:00:00,磐田,今治,0.0,0.0,3.7044,3.1734,0.0,0.0,0.0,4.0,,team_not_found,3.7,7.17
j2_2026_04100000_鳥栖_札幌,2027-04-10 00:00:00,鳥栖,札幌,0.0,0.0,4.3556,3.4098,0.0,0.0,0.0,4.0,,team_not_found,4.36,7.41
j2_2026_04100000_八戸_大宮,2027-04-10 00:00:00,八戸,大宮,0.0,0.0,3.4741,3.569,0.0,0.0,0.0,4.0,,team_not_found,3.47,7.57
j2_2026_04170000_藤枝_新潟,2027-04-17 00:00:00,藤枝,新潟,0.0,0.0,4.4943,3.7368,0.0,0.0,0.0,4.0,,team_not_found,4.49,7.74
j2_2026_04170000_秋田_湘南,2027-04-17 00:00:00,秋田,湘南,0.0,0.0,3.728,3.4314,0.0,0.0,0.0,4.0,,team_not_found,3.73,7.43
j2_2026_04170000_甲府_仙台,2027-04-17 00:00:00,甲府,仙台,0.0,0.0,3.2664,3.9066,0.0,0.0,0.0,4.0,,team_not_found,3.27,7.91
j2_2026_04170000_徳島_札幌,2027-04-17 00:00:00,徳島,札幌,0.0,0.0,4.0226,4.1779,0.0,0.0,0.0,4.0,,team_not_found,4.02,8.18
j2_2026_04170000_八戸_鳥栖,2027-04-17 00:00:00,八戸,鳥栖,0.0,0.0,2.8906,3.5062,0.0,0.0,0.0,4.0,,team_not_found,2.89,7.51
j2_2026_04170000_富山_磐田,2027-04-17 00:00:00,富山,磐田,0.0,0.0,4.1244,3.014,0.0,0.0,0.0,4.0,,team_not_found,4.12,7.01
j2_2026_04170000_大宮_宮崎,2027-04-17 00:00:00,大宮,宮崎,0.0,0.0,4.3079,3.7329,0.0,0.0,0.0,4.0,,team_not_found,4.31,7.73
j2_2026_04170000_今治_横浜FC,2027-04-17 00:00:00,今治,横浜FC,0.0,0.0,3.9796,3.8284,0.0,0.0,0.0,4.0,,team_not_found,3.98,7.83
j2_2026_04170000_いわき_栃木C,2027-04-17 00:00:00,いわき,栃木Ｃ,0.0,0.0,4.4044,3.6147,0.0,0.0,0.0,4.0,,team_not_found,4.4,7.61
j2_2026_04170000_山形_大分,2027-04-17 00:00:00,山形,大分,0.0,0.0,5.44,3.0931,0.0,0.0,0.0,4.0,,team_not_found,5.44,7.09
j2_2026_04240000_横浜FC_甲府,2027-04-24 00:00:00,横浜FC,甲府,0.0,0.0,4.4153,2.6793,0.0,0.0,0.0,4.0,,team_not_found,4.42,6.68
j2_2026_04240000_鳥栖_徳島,2027-04-24 00:00:00,鳥栖,徳島,0.0,0.0,4.2718,3.2391,0.0,0.0,0.0,4.0,,team_not_found,4.27,7.24
j2_2026_04240000_磐田_いわき,2027-04-24 00:00:00,磐田,いわき,0.0,0.0,3.6541,3.5366,0.0,0.0,0.0,4.0,,team_not_found,3.65,7.54
j2_2026_04240000_栃木C_湘南,2027-04-24 00:00:00,栃木Ｃ,湘南,0.0,0.0,4.357,4.2138,0.0,0.0,0.0,4.0,,team_not_found,4.36,8.21
j2_2026_04240000_宮崎_八戸,2027-04-24 00:00:00,宮崎,八戸,0.0,0.0,4.4486,2.3701,0.0,0.0,0.0,4.0,,team_not_found,4.45,6.37
j2_2026_04240000_新潟_大宮,2027-04-24 00:00:00,新潟,大宮,0.0,0.0,4.4438,3.4618,0.0,0.0,0.0,4.0,,team_not_found,4.44,7.46
j2_2026_04240000_山形_藤枝,2027-04-24 00:00:00,山形,藤枝,0.0,0.0,4.5763,3.8407,0.0,0.0,0.0,4.0,,team_not_found,4.58,7.84
j2_2026_04240000_仙台_富山,2027-04-24 00:00:00,仙台,富山,0.0,0.0,4.5546,3.3167,0.0,0.0,0.0,4.0,,team_not_found,4.55,7.32
j2_2026_04240000_大分_秋田,2027-04-24 00:00:00,大分,秋田,0.0,0.0,3.7352,3.115,0.0,0.0,0.0,4.0,,team_not_found,3.74,7.11
j2_2026_04240000_札幌_今治,2027-04-24 00:00:00,札幌,今治,0.0,0.0,4.7658,3.2058,0.0,0.0,0.0,4.0,,team_not_found,4.77,7.21
j2_2026_04290000_秋田_八戸,2027-04-29 00:00:00,秋田,八戸,0.0,0.0,3.9487,3.1551,0.0,0.0,0.0,4.0,,team_not_found,3.95,7.16
j2_2026_04290000_磐田_仙台,2027-04-29 00:00:00,磐田,仙台,0.0,0.0,3.0522,3.8809,0.0,0.0,0.0,4.0,,team_not_found,3.05,7.88
j2_2026_04290000_甲府_今治,2027-04-29 00:00:00,甲府,今治,0.0,0.0,3.3977,4.0353,0.0,0.0,0.0,4.0,,team_not_found,3.4,8.04
j2_2026_04290000_湘南_大分,2027-04-29 00:00:00,湘南,大分,0.0,0.0,4.787,3.1204,0.0,0.0,0.0,4.0,,team_not_found,4.79,7.12
j2_2026_04290000_札幌_宮崎,2027-04-29 00:00:00,札幌,宮崎,0.0,0.0,4.0446,3.5691,0.0,0.0,0.0,4.0,,team_not_found,4.04,7.57
j2_2026_04290000_徳島_藤枝,2027-04-29 00:00:00,徳島,藤枝,0.0,0.0,4.0611,4.4285,0.0,0.0,0.0,4.0,,team_not_found,4.06,8.43
j2_2026_04290000_富山_山形,2027-04-29 00:00:00,富山,山形,0.0,0.0,4.1212,3.5947,0.0,0.0,0.0,4.0,,team_not_found,4.12,7.59
j2_2026_04290000_大宮_栃木C,2027-04-29 00:00:00,大宮,栃木Ｃ,0.0,0.0,4.2301,3.4981,0.0,0.0,0.0,4.0,,team_not_found,4.23,7.5
j2_2026_04290000_いわき_鳥栖,2027-04-29 00:00:00,いわき,鳥栖,0.0,0.0,4.2879,3.4319,0.0,0.0,0.0,4.0,,team_not_found,4.29,7.43
j2_2026_04290000_新潟_横浜FC,2027-04-29 00:00:00,新潟,横浜FC,0.0,0.0,3.57,3.5631,0.0,0.0,0.0,4.0,,team_not_found,3.57,7.56
j2_2026_05030000_横浜FC_いわき,2027-05-03 00:00:00,横浜FC,いわき,0.0,0.0,4.313,3.4485,0.0,0.0,0.0,4.0,,team_not_found,4.31,7.45
j2_2026_05030000_鳥栖_秋田,2027-05-03 00:00:00,鳥栖,秋田,0.0,0.0,4.2061,3.1778,0.0,0.0,0.0,4.0,,team_not_found,4.21,7.18
j2_2026_05030000_藤枝_札幌,2027-05-03 00:00:00,藤枝,札幌,0.0,0.0,4.9675,3.1866,0.0,0.0,0.0,4.0,,team_not_found,4.97,7.19
j2_2026_05030000_栃木C_甲府,2027-05-03 00:00:00,栃木Ｃ,甲府,0.0,0.0,4.2572,2.8517,0.0,0.0,0.0,4.0,,team_not_found,4.26,6.85
j2_2026_05030000_今治_徳島,2027-05-03 00:00:00,今治,徳島,0.0,0.0,4.6515,3.2715,0.0,0.0,0.0,4.0,,team_not_found,4.65,7.27
j2_2026_05030000_宮崎_富山,2027-05-03 00:00:00,宮崎,富山,0.0,0.0,4.3122,3.3182,0.0,0.0,0.0,4.0,,team_not_found,4.31,7.32
j2_2026_05030000_大分_大宮,2027-05-03 00:00:00,大分,大宮,0.0,0.0,3.9485,3.4037,0.0,0.0,0.0,4.0,,team_not_found,3.95,7.4
j2_2026_05030000_八戸_磐田,2027-05-03 00:00:00,八戸,磐田,0.0,0.0,4.0674,2.5005,0.0,0.0,0.0,4.0,,team_not_found,4.07,6.5
j2_2026_05030000_仙台_新潟,2027-05-03 00:00:00,仙台,新潟,0.0,0.0,4.4599,2.9119,0.0,0.0,0.0,4.0,,team_not_found,4.46,6.91
j2_2026_05030000_山形_湘南,2027-05-03 00:00:00,山形,湘南,0.0,0.0,4.1174,4.0613,0.0,0.0,0.0,4.0,,team_not_found,4.12,8.06
j2_2026_05090000_湘南_宮崎,2027-05-09 00:00:00,湘南,宮崎,0.0,0.0,4.6003,3.4679,0.0,0.0,0.0,4.0,,team_not_found,4.6,7.47
j2_2026_05090000_横浜FC_栃木C,2027-05-09 00:00:00,横浜FC,栃木Ｃ,0.0,0.0,3.4637,3.4254,0.0,0.0,0.0,4.0,,team_not_found,3.46,7.43
j2_2026_05090000_札幌_磐田,2027-05-09 00:00:00,札幌,磐田,0.0,0.0,3.8008,3.251,0.0,0.0,0.0,4.0,,team_not_found,3.8,7.25
j2_2026_05090000_新潟_大分,2027-05-09 00:00:00,新潟,大分,0.0,0.0,3.5775,3.1796,0.0,0.0,0.0,4.0,,team_not_found,3.58,7.18
j2_2026_05090000_徳島_仙台,2027-05-09 00:00:00,徳島,仙台,0.0,0.0,4.0811,3.5926,0.0,0.0,0.0,4.0,,team_not_found,4.08,7.59
j2_2026_05090000_富山_甲府,2027-05-09 00:00:00,富山,甲府,0.0,0.0,4.1173,3.7456,0.0,0.0,0.0,4.0,,team_not_found,4.12,7.75
j2_2026_05090000_大宮_鳥栖,2027-05-09 00:00:00,大宮,鳥栖,0.0,0.0,4.1835,3.3857,0.0,0.0,0.0,4.0,,team_not_found,4.18,7.39
j2_2026_05090000_今治_藤枝,2027-05-09 00:00:00,今治,藤枝,0.0,0.0,3.9557,4.2084,0.0,0.0,0.0,4.0,,team_not_found,3.96,8.21
j2_2026_05090000_いわき_八戸,2027-05-09 00:00:00,いわき,八戸,0.0,0.0,4.2182,3.4916,0.0,0.0,0.0,4.0,,team_not_found,4.22,7.49
j2_2026_05090000_山形_秋田,2027-05-09 00:00:00,山形,秋田,0.0,0.0,3.4177,4.0135,0.0,0.0,0.0,4.0,,team_not_found,3.42,8.01
j2_2026_05150000_鳥栖_湘南,2027-05-15 00:00:00,鳥栖,湘南,0.0,0.0,4.1694,3.7011,0.0,0.0,0.0,4.0,,team_not_found,4.17,7.7
j2_2026_05150000_秋田_栃木C,2027-05-15 00:00:00,秋田,栃木Ｃ,0.0,0.0,4.6351,4.2001,0.0,0.0,0.0,4.0,,team_not_found,4.64,8.2
j2_2026_05150000_磐田_山形,2027-05-15 00:00:00,磐田,山形,0.0,0.0,4.1432,2.7791,0.0,0.0,0.0,4.0,,team_not_found,4.14,6.78
j2_2026_05150000_甲府_藤枝,2027-05-15 00:00:00,甲府,藤枝,0.0,0.0,4.4211,4.7093,0.0,0.0,0.0,4.0,,team_not_found,4.42,8.71
j2_2026_05150000_宮崎_今治,2027-05-15 00:00:00,宮崎,今治,0.0,0.0,4.2331,3.1183,0.0,0.0,0.0,4.0,,team_not_found,4.23,7.12
j2_2026_05150000_富山_新潟,2027-05-15 00:00:00,富山,新潟,0.0,0.0,3.3168,2.9915,0.0,0.0,0.0,4.0,,team_not_found,3.32,6.99
j2_2026_05150000_大分_横浜FC,2027-05-15 00:00:00,大分,横浜FC,0.0,0.0,4.0146,2.8312,0.0,0.0,0.0,4.0,,team_not_found,4.01,6.83
j2_2026_05150000_八戸_徳島,2027-05-15 00:00:00,八戸,徳島,0.0,0.0,4.151,3.2888,0.0,0.0,0.0,4.0,,team_not_found,4.15,7.29
j2_2026_05150000_いわき_大宮,2027-05-15 00:00:00,いわき,大宮,0.0,0.0,3.3949,3.368,0.0,0.0,0.0,4.0,,team_not_found,3.39,7.37
j2_2026_05150000_札幌_仙台,2027-05-15 00:00:00,札幌,仙台,0.0,0.0,3.1721,4.3375,0.0,0.0,0.0,4.0,,team_not_found,3.17,8.34
j2_2026_05230000_今治_いわき,2027-05-23 00:00:00,今治,いわき,0.0,0.0,3.7477,2.7767,0.0,0.0,0.0,4.0,,team_not_found,3.75,6.78
j2_2026_05230000_仙台_鳥栖,2027-05-23 00:00:00,仙台,鳥栖,0.0,0.0,4.8826,3.3571,0.0,0.0,0.0,4.0,,team_not_found,4.88,7.36
j2_2026_05230000_山形_大宮,2027-05-23 00:00:00,山形,大宮,0.0,0.0,3.468,4.1559,0.0,0.0,0.0,4.0,,team_not_found,3.47,8.16
j2_2026_05230000_徳島_甲府,2027-05-23 00:00:00,徳島,甲府,0.0,0.0,4.0945,3.7817,0.0,0.0,0.0,4.0,,team_not_found,4.09,7.78
j2_2026_05230000_新潟_八戸,2027-05-23 00:00:00,新潟,八戸,0.0,0.0,3.8537,3.3579,0.0,0.0,0.0,4.0,,team_not_found,3.85,7.36
j2_2026_05230000_栃木C_大分,2027-05-23 00:00:00,栃木Ｃ,大分,0.0,0.0,4.7808,3.2359,0.0,0.0,0.0,4.0,,team_not_found,4.78,7.24
j2_2026_05230000_横浜FC_富山,2027-05-23 00:00:00,横浜FC,富山,0.0,0.0,3.515,2.7162,0.0,0.0,0.0,4.0,,team_not_found,3.51,6.72
j2_2026_05230000_湘南_磐田,2027-05-23 00:00:00,湘南,磐田,0.0,0.0,4.4216,3.5504,0.0,0.0,0.0,4.0,,team_not_found,4.42,7.55
j2_2026_05230000_秋田_札幌,2027-05-23 00:00:00,秋田,札幌,0.0,0.0,3.9428,2.589,0.0,0.0,0.0,4.0,,team_not_found,3.94,6.59
j2_2026_05230000_藤枝_宮崎,2027-05-23 00:00:00,藤枝,宮崎,0.0,0.0,5.1867,3.4064,0.0,0.0,0.0,4.0,,team_not_found,5.19,7.41
