snapshot_date,asof_date,league,season,source_file,page_label,title,section_title,chart_index,metric_x_name,metric_x_value,metric_y_name,metric_y_value,team_short,team_name,team_key
20260530,20260525,j1,2026,AGI KAGI.html,"AGI,KAGI","リーグサマリー:2026 J1百年構想リーグ AGI,KAGI | データによってサッカーはもっと輝く | Football LAB","Data Menu
	
		順位表
		ゴール期待値
		チャンス構築率
		AGIKAGI
		得点パターン
		失点パターン
		ボール保持率
	
2026.5.25 update
RSS

ツイート
		
	AGI",1,ゴール,1.61,AGI,47.2,鹿島,鹿島,鹿島
20260530,20260525,j1,2026,AGI KAGI.html,"AGI,KAGI","リーグサマリー:2026 J1百年構想リーグ AGI,KAGI | データによってサッカーはもっと輝く | Football LAB","Data Menu
	
		順位表
		ゴール期待値
		チャンス構築率
		AGIKAGI
		得点パターン
		失点パターン
		ボール保持率
	
2026.5.25 update
RSS

ツイート
		
	AGI",1,ゴール,1,AGI,48.2,水戸,水戸,水戸
20260530,20260525,j1,2026,AGI KAGI.html,"AGI,KAGI","リーグサマリー:2026 J1百年構想リーグ AGI,KAGI | データによってサッカーはもっと輝く | Football LAB","Data Menu
	
		順位表
		ゴール期待値
		チャンス構築率
		AGIKAGI
		得点パターン
		失点パターン
		ボール保持率
	
2026.5.25 update
RSS

ツイート
		
	AGI",1,ゴール,1.33,AGI,50.6,浦和,浦和,浦和
20260530,20260525,j1,2026,AGI KAGI.html,"AGI,KAGI","リーグサマリー:2026 J1百年構想リーグ AGI,KAGI | データによってサッカーはもっと輝く | Football LAB","Data Menu
	
		順位表
		ゴール期待値
		チャンス構築率
		AGIKAGI
		得点パターン
		失点パターン
		ボール保持率
	
2026.5.25 update
RSS

ツイート
		
	AGI",1,ゴール,1,AGI,39.5,千葉,千葉,千葉
20260530,20260525,j1,2026,AGI KAGI.html,"AGI,KAGI","リーグサマリー:2026 J1百年構想リーグ AGI,KAGI | データによってサッカーはもっと輝く | Football LAB","Data Menu
	
		順位表
		ゴール期待値
		チャンス構築率
		AGIKAGI
		得点パターン
		失点パターン
		ボール保持率
	
2026.5.25 update
RSS

ツイート
		
	AGI",1,ゴール,1.06,AGI,50.5,柏,柏,柏
20260530,20260525,j1,2026,AGI KAGI.html,"AGI,KAGI","リーグサマリー:2026 J1百年構想リーグ AGI,KAGI | データによってサッカーはもっと輝く | Football LAB","Data Menu
	
		順位表
		ゴール期待値
		チャンス構築率
		AGIKAGI
		得点パターン
		失点パターン
		ボール保持率
	
2026.5.25 update
RSS

ツイート
		
	AGI",1,ゴール,1.5,AGI,48.0,FC東京,FC東京,FC東京
20260530,20260525,j1,2026,AGI KAGI.html,"AGI,KAGI","リーグサマリー:2026 J1百年構想リーグ AGI,KAGI | データによってサッカーはもっと輝く | Football LAB","Data Menu
	
		順位表
		ゴール期待値
		チャンス構築率
		AGIKAGI
		得点パターン
		失点パターン
		ボール保持率
	
2026.5.25 update
RSS

ツイート
		
	AGI",1,ゴール,1,AGI,45.4,東京V,東京Ｖ,東京Ｖ
20260530,20260525,j1,2026,AGI KAGI.html,"AGI,KAGI","リーグサマリー:2026 J1百年構想リーグ AGI,KAGI | データによってサッカーはもっと輝く | Football LAB","Data Menu
	
		順位表
		ゴール期待値
		チャンス構築率
		AGIKAGI
		得点パターン
		失点パターン
		ボール保持率
	
2026.5.25 update
RSS

ツイート
		
	AGI",1,ゴール,1.28,AGI,48.2,町田,町田,町田
20260530,20260525,j1,2026,AGI KAGI.html,"AGI,KAGI","リーグサマリー:2026 J1百年構想リーグ AGI,KAGI | データによってサッカーはもっと輝く | Football LAB","Data Menu
	
		順位表
		ゴール期待値
		チャンス構築率
		AGIKAGI
		得点パターン
		失点パターン
		ボール保持率
	
2026.5.25 update
RSS

ツイート
		
	AGI",1,ゴール,1.22,AGI,52.1,川崎F,川崎Ｆ,川崎Ｆ
20260530,20260525,j1,2026,AGI KAGI.html,"AGI,KAGI","リーグサマリー:2026 J1百年構想リーグ AGI,KAGI | データによってサッカーはもっと輝く | Football LAB","Data Menu
	
		順位表
		ゴール期待値
		チャンス構築率
		AGIKAGI
		得点パターン
		失点パターン
		ボール保持率
	
2026.5.25 update
RSS

ツイート
		
	AGI",1,ゴール,1.56,AGI,50.5,横浜FM,横浜FM,横浜FM
20260530,20260525,j1,2026,AGI KAGI.html,"AGI,KAGI","リーグサマリー:2026 J1百年構想リーグ AGI,KAGI | データによってサッカーはもっと輝く | Football LAB","Data Menu
	
		順位表
		ゴール期待値
		チャンス構築率
		AGIKAGI
		得点パターン
		失点パターン
		ボール保持率
	
2026.5.25 update
RSS

ツイート
		
	AGI",1,ゴール,1,AGI,51.6,清水,清水,清水
20260530,20260525,j1,2026,AGI KAGI.html,"AGI,KAGI","リーグサマリー:2026 J1百年構想リーグ AGI,KAGI | データによってサッカーはもっと輝く | Football LAB","Data Menu
	
		順位表
		ゴール期待値
		チャンス構築率
		AGIKAGI
		得点パターン
		失点パターン
		ボール保持率
	
2026.5.25 update
RSS

ツイート
		
	AGI",1,ゴール,1.72,AGI,52.8,名古屋,名古屋,名古屋
20260530,20260525,j1,2026,AGI KAGI.html,"AGI,KAGI","リーグサマリー:2026 J1百年構想リーグ AGI,KAGI | データによってサッカーはもっと輝く | Football LAB","Data Menu
	
		順位表
		ゴール期待値
		チャンス構築率
		AGIKAGI
		得点パターン
		失点パターン
		ボール保持率
	
2026.5.25 update
RSS

ツイート
		
	AGI",1,ゴール,1.06,AGI,54.3,京都,京都,京都
20260530,20260525,j1,2026,AGI KAGI.html,"AGI,KAGI","リーグサマリー:2026 J1百年構想リーグ AGI,KAGI | データによってサッカーはもっと輝く | Football LAB","Data Menu
	
		順位表
		ゴール期待値
		チャンス構築率
		AGIKAGI
		得点パターン
		失点パターン
		ボール保持率
	
2026.5.25 update
RSS

ツイート
		
	AGI",1,ゴール,1.44,AGI,51.0,G大阪,Ｇ大阪,Ｇ大阪
20260530,20260525,j1,2026,AGI KAGI.html,"AGI,KAGI","リーグサマリー:2026 J1百年構想リーグ AGI,KAGI | データによってサッカーはもっと輝く | Football LAB","Data Menu
	
		順位表
		ゴール期待値
		チャンス構築率
		AGIKAGI
		得点パターン
		失点パターン
		ボール保持率
	
2026.5.25 update
RSS

ツイート
		
	AGI",1,ゴール,1.44,AGI,49.5,C大阪,Ｃ大阪,Ｃ大阪
20260530,20260525,j1,2026,AGI KAGI.html,"AGI,KAGI","リーグサマリー:2026 J1百年構想リーグ AGI,KAGI | データによってサッカーはもっと輝く | Football LAB","Data Menu
	
		順位表
		ゴール期待値
		チャンス構築率
		AGIKAGI
		得点パターン
		失点パターン
		ボール保持率
	
2026.5.25 update
RSS

ツイート
		
	AGI",1,ゴール,1.44,AGI,52.2,神戸,神戸,神戸
20260530,20260525,j1,2026,AGI KAGI.html,"AGI,KAGI","リーグサマリー:2026 J1百年構想リーグ AGI,KAGI | データによってサッカーはもっと輝く | Football LAB","Data Menu
	
		順位表
		ゴール期待値
		チャンス構築率
		AGIKAGI
		得点パターン
		失点パターン
		ボール保持率
	
2026.5.25 update
RSS

ツイート
		
	AGI",1,ゴール,1.33,AGI,54.4,岡山,岡山,岡山
20260530,20260525,j1,2026,AGI KAGI.html,"AGI,KAGI","リーグサマリー:2026 J1百年構想リーグ AGI,KAGI | データによってサッカーはもっと輝く | Football LAB","Data Menu
	
		順位表
		ゴール期待値
		チャンス構築率
		AGIKAGI
		得点パターン
		失点パターン
		ボール保持率
	
2026.5.25 update
RSS

ツイート
		
	AGI",1,ゴール,1.56,AGI,57.5,広島,広島,広島
20260530,20260525,j1,2026,AGI KAGI.html,"AGI,KAGI","リーグサマリー:2026 J1百年構想リーグ AGI,KAGI | データによってサッカーはもっと輝く | Football LAB","Data Menu
	
		順位表
		ゴール期待値
		チャンス構築率
		AGIKAGI
		得点パターン
		失点パターン
		ボール保持率
	
2026.5.25 update
RSS

ツイート
		
	AGI",1,ゴール,0.94,AGI,51.3,福岡,福岡,福岡
20260530,20260525,j1,2026,AGI KAGI.html,"AGI,KAGI","リーグサマリー:2026 J1百年構想リーグ AGI,KAGI | データによってサッカーはもっと輝く | Football LAB","Data Menu
	
		順位表
		ゴール期待値
		チャンス構築率
		AGIKAGI
		得点パターン
		失点パターン
		ボール保持率
	
2026.5.25 update
RSS

ツイート
		
	AGI",1,ゴール,1.11,AGI,45.4,長崎,長崎,長崎
20260530,20260525,j1,2026,AGI KAGI.html,"AGI,KAGI","リーグサマリー:2026 J1百年構想リーグ AGI,KAGI | データによってサッカーはもっと輝く | Football LAB",KAGI,2,被ゴール,0.5,KAGI,48.3,鹿島,鹿島,鹿島
20260530,20260525,j1,2026,AGI KAGI.html,"AGI,KAGI","リーグサマリー:2026 J1百年構想リーグ AGI,KAGI | データによってサッカーはもっと輝く | Football LAB",KAGI,2,被ゴール,1.83,KAGI,51.5,水戸,水戸,水戸
20260530,20260525,j1,2026,AGI KAGI.html,"AGI,KAGI","リーグサマリー:2026 J1百年構想リーグ AGI,KAGI | データによってサッカーはもっと輝く | Football LAB",KAGI,2,被ゴール,0.94,KAGI,49.5,浦和,浦和,浦和
20260530,20260525,j1,2026,AGI KAGI.html,"AGI,KAGI","リーグサマリー:2026 J1百年構想リーグ AGI,KAGI | データによってサッカーはもっと輝く | Football LAB",KAGI,2,被ゴール,1.72,KAGI,48.4,千葉,千葉,千葉
20260530,20260525,j1,2026,AGI KAGI.html,"AGI,KAGI","リーグサマリー:2026 J1百年構想リーグ AGI,KAGI | データによってサッカーはもっと輝く | Football LAB",KAGI,2,被ゴール,1.33,KAGI,54.8,柏,柏,柏
20260530,20260525,j1,2026,AGI KAGI.html,"AGI,KAGI","リーグサマリー:2026 J1百年構想リーグ AGI,KAGI | データによってサッカーはもっと輝く | Football LAB",KAGI,2,被ゴール,0.89,KAGI,52.8,FC東京,FC東京,FC東京
20260530,20260525,j1,2026,AGI KAGI.html,"AGI,KAGI","リーグサマリー:2026 J1百年構想リーグ AGI,KAGI | データによってサッカーはもっと輝く | Football LAB",KAGI,2,被ゴール,1.39,KAGI,57.1,東京V,東京Ｖ,東京Ｖ
20260530,20260525,j1,2026,AGI KAGI.html,"AGI,KAGI","リーグサマリー:2026 J1百年構想リーグ AGI,KAGI | データによってサッカーはもっと輝く | Football LAB",KAGI,2,被ゴール,1,KAGI,54.6,町田,町田,町田
20260530,20260525,j1,2026,AGI KAGI.html,"AGI,KAGI","リーグサマリー:2026 J1百年構想リーグ AGI,KAGI | データによってサッカーはもっと輝く | Football LAB",KAGI,2,被ゴール,1.5,KAGI,50.7,川崎F,川崎Ｆ,川崎Ｆ
20260530,20260525,j1,2026,AGI KAGI.html,"AGI,KAGI","リーグサマリー:2026 J1百年構想リーグ AGI,KAGI | データによってサッカーはもっと輝く | Football LAB",KAGI,2,被ゴール,1.44,KAGI,52.5,横浜FM,横浜FM,横浜FM
20260530,20260525,j1,2026,AGI KAGI.html,"AGI,KAGI","リーグサマリー:2026 J1百年構想リーグ AGI,KAGI | データによってサッカーはもっと輝く | Football LAB",KAGI,2,被ゴール,1.17,KAGI,51.4,清水,清水,清水
20260530,20260525,j1,2026,AGI KAGI.html,"AGI,KAGI","リーグサマリー:2026 J1百年構想リーグ AGI,KAGI | データによってサッカーはもっと輝く | Football LAB",KAGI,2,被ゴール,1.56,KAGI,44.4,名古屋,名古屋,名古屋
20260530,20260525,j1,2026,AGI KAGI.html,"AGI,KAGI","リーグサマリー:2026 J1百年構想リーグ AGI,KAGI | データによってサッカーはもっと輝く | Football LAB",KAGI,2,被ゴール,1.39,KAGI,46.3,京都,京都,京都
20260530,20260525,j1,2026,AGI KAGI.html,"AGI,KAGI","リーグサマリー:2026 J1百年構想リーグ AGI,KAGI | データによってサッカーはもっと輝く | Football LAB",KAGI,2,被ゴール,1.22,KAGI,46.2,G大阪,Ｇ大阪,Ｇ大阪
20260530,20260525,j1,2026,AGI KAGI.html,"AGI,KAGI","リーグサマリー:2026 J1百年構想リーグ AGI,KAGI | データによってサッカーはもっと輝く | Football LAB",KAGI,2,被ゴール,1,KAGI,45.8,C大阪,Ｃ大阪,Ｃ大阪
20260530,20260525,j1,2026,AGI KAGI.html,"AGI,KAGI","リーグサマリー:2026 J1百年構想リーグ AGI,KAGI | データによってサッカーはもっと輝く | Football LAB",KAGI,2,被ゴール,1.17,KAGI,49.9,神戸,神戸,神戸
20260530,20260525,j1,2026,AGI KAGI.html,"AGI,KAGI","リーグサマリー:2026 J1百年構想リーグ AGI,KAGI | データによってサッカーはもっと輝く | Football LAB",KAGI,2,被ゴール,1.33,KAGI,49.2,岡山,岡山,岡山
20260530,20260525,j1,2026,AGI KAGI.html,"AGI,KAGI","リーグサマリー:2026 J1百年構想リーグ AGI,KAGI | データによってサッカーはもっと輝く | Football LAB",KAGI,2,被ゴール,1.17,KAGI,51.8,広島,広島,広島
20260530,20260525,j1,2026,AGI KAGI.html,"AGI,KAGI","リーグサマリー:2026 J1百年構想リーグ AGI,KAGI | データによってサッカーはもっと輝く | Football LAB",KAGI,2,被ゴール,1.5,KAGI,52.8,福岡,福岡,福岡
20260530,20260525,j1,2026,AGI KAGI.html,"AGI,KAGI","リーグサマリー:2026 J1百年構想リーグ AGI,KAGI | データによってサッカーはもっと輝く | Football LAB",KAGI,2,被ゴール,1.56,KAGI,46.3,長崎,長崎,長崎
20260530,20260525,j1,2026,ゴール期待値.html,ゴール期待値,リーグサマリー:2026 J1百年構想リーグ ゴール期待値 | データによってサッカーはもっと輝く | Football LAB,"Data Menu
	
		順位表
		ゴール期待値
		チャンス構築率
		AGIKAGI
		得点パターン
		失点パターン
		ボール保持率
	
2026.5.25 update
RSS

ツイート
		
	ゴール期待値",1,ゴール,1.56,期待値,1.862,広島,広島,広島
20260530,20260525,j1,2026,ゴール期待値.html,ゴール期待値,リーグサマリー:2026 J1百年構想リーグ ゴール期待値 | データによってサッカーはもっと輝く | Football LAB,"Data Menu
	
		順位表
		ゴール期待値
		チャンス構築率
		AGIKAGI
		得点パターン
		失点パターン
		ボール保持率
	
2026.5.25 update
RSS

ツイート
		
	ゴール期待値",1,ゴール,1.44,期待値,1.679,神戸,神戸,神戸
20260530,20260525,j1,2026,ゴール期待値.html,ゴール期待値,リーグサマリー:2026 J1百年構想リーグ ゴール期待値 | データによってサッカーはもっと輝く | Football LAB,"Data Menu
	
		順位表
		ゴール期待値
		チャンス構築率
		AGIKAGI
		得点パターン
		失点パターン
		ボール保持率
	
2026.5.25 update
RSS

ツイート
		
	ゴール期待値",1,ゴール,1.5,期待値,1.62,FC東京,FC東京,FC東京
20260530,20260525,j1,2026,ゴール期待値.html,ゴール期待値,リーグサマリー:2026 J1百年構想リーグ ゴール期待値 | データによってサッカーはもっと輝く | Football LAB,"Data Menu
	
		順位表
		ゴール期待値
		チャンス構築率
		AGIKAGI
		得点パターン
		失点パターン
		ボール保持率
	
2026.5.25 update
RSS

ツイート
		
	ゴール期待値",1,ゴール,1.72,期待値,1.489,名古屋,名古屋,名古屋
20260530,20260525,j1,2026,ゴール期待値.html,ゴール期待値,リーグサマリー:2026 J1百年構想リーグ ゴール期待値 | データによってサッカーはもっと輝く | Football LAB,"Data Menu
	
		順位表
		ゴール期待値
		チャンス構築率
		AGIKAGI
		得点パターン
		失点パターン
		ボール保持率
	
2026.5.25 update
RSS

ツイート
		
	ゴール期待値",1,ゴール,1.06,期待値,1.425,柏,柏,柏
20260530,20260525,j1,2026,ゴール期待値.html,ゴール期待値,リーグサマリー:2026 J1百年構想リーグ ゴール期待値 | データによってサッカーはもっと輝く | Football LAB,"Data Menu
	
		順位表
		ゴール期待値
		チャンス構築率
		AGIKAGI
		得点パターン
		失点パターン
		ボール保持率
	
2026.5.25 update
RSS

ツイート
		
	ゴール期待値",1,ゴール,1.61,期待値,1.423,鹿島,鹿島,鹿島
20260530,20260525,j1,2026,ゴール期待値.html,ゴール期待値,リーグサマリー:2026 J1百年構想リーグ ゴール期待値 | データによってサッカーはもっと輝く | Football LAB,"Data Menu
	
		順位表
		ゴール期待値
		チャンス構築率
		AGIKAGI
		得点パターン
		失点パターン
		ボール保持率
	
2026.5.25 update
RSS

ツイート
		
	ゴール期待値",1,ゴール,1.33,期待値,1.4,浦和,浦和,浦和
20260530,20260525,j1,2026,ゴール期待値.html,ゴール期待値,リーグサマリー:2026 J1百年構想リーグ ゴール期待値 | データによってサッカーはもっと輝く | Football LAB,"Data Menu
	
		順位表
		ゴール期待値
		チャンス構築率
		AGIKAGI
		得点パターン
		失点パターン
		ボール保持率
	
2026.5.25 update
RSS

ツイート
		
	ゴール期待値",1,ゴール,1.44,期待値,1.398,G大阪,Ｇ大阪,Ｇ大阪
20260530,20260525,j1,2026,ゴール期待値.html,ゴール期待値,リーグサマリー:2026 J1百年構想リーグ ゴール期待値 | データによってサッカーはもっと輝く | Football LAB,"Data Menu
	
		順位表
		ゴール期待値
		チャンス構築率
		AGIKAGI
		得点パターン
		失点パターン
		ボール保持率
	
2026.5.25 update
RSS

ツイート
		
	ゴール期待値",1,ゴール,1.44,期待値,1.369,C大阪,Ｃ大阪,Ｃ大阪
20260530,20260525,j1,2026,ゴール期待値.html,ゴール期待値,リーグサマリー:2026 J1百年構想リーグ ゴール期待値 | データによってサッカーはもっと輝く | Football LAB,"Data Menu
	
		順位表
		ゴール期待値
		チャンス構築率
		AGIKAGI
		得点パターン
		失点パターン
		ボール保持率
	
2026.5.25 update
RSS

ツイート
		
	ゴール期待値",1,ゴール,1.33,期待値,1.312,岡山,岡山,岡山
20260530,20260525,j1,2026,ゴール期待値.html,ゴール期待値,リーグサマリー:2026 J1百年構想リーグ ゴール期待値 | データによってサッカーはもっと輝く | Football LAB,"Data Menu
	
		順位表
		ゴール期待値
		チャンス構築率
		AGIKAGI
		得点パターン
		失点パターン
		ボール保持率
	
2026.5.25 update
RSS

ツイート
		
	ゴール期待値",1,ゴール,1.11,期待値,1.281,長崎,長崎,長崎
20260530,20260525,j1,2026,ゴール期待値.html,ゴール期待値,リーグサマリー:2026 J1百年構想リーグ ゴール期待値 | データによってサッカーはもっと輝く | Football LAB,"Data Menu
	
		順位表
		ゴール期待値
		チャンス構築率
		AGIKAGI
		得点パターン
		失点パターン
		ボール保持率
	
2026.5.25 update
RSS

ツイート
		
	ゴール期待値",1,ゴール,1.56,期待値,1.243,横浜FM,横浜FM,横浜FM
20260530,20260525,j1,2026,ゴール期待値.html,ゴール期待値,リーグサマリー:2026 J1百年構想リーグ ゴール期待値 | データによってサッカーはもっと輝く | Football LAB,"Data Menu
	
		順位表
		ゴール期待値
		チャンス構築率
		AGIKAGI
		得点パターン
		失点パターン
		ボール保持率
	
2026.5.25 update
RSS

ツイート
		
	ゴール期待値",1,ゴール,1,期待値,1.201,千葉,千葉,千葉
20260530,20260525,j1,2026,ゴール期待値.html,ゴール期待値,リーグサマリー:2026 J1百年構想リーグ ゴール期待値 | データによってサッカーはもっと輝く | Football LAB,"Data Menu
	
		順位表
		ゴール期待値
		チャンス構築率
		AGIKAGI
		得点パターン
		失点パターン
		ボール保持率
	
2026.5.25 update
RSS

ツイート
		
	ゴール期待値",1,ゴール,1.22,期待値,1.196,川崎F,川崎Ｆ,川崎Ｆ
20260530,20260525,j1,2026,ゴール期待値.html,ゴール期待値,リーグサマリー:2026 J1百年構想リーグ ゴール期待値 | データによってサッカーはもっと輝く | Football LAB,"Data Menu
	
		順位表
		ゴール期待値
		チャンス構築率
		AGIKAGI
		得点パターン
		失点パターン
		ボール保持率
	
2026.5.25 update
RSS

ツイート
		
	ゴール期待値",1,ゴール,1,期待値,1.167,清水,清水,清水
20260530,20260525,j1,2026,ゴール期待値.html,ゴール期待値,リーグサマリー:2026 J1百年構想リーグ ゴール期待値 | データによってサッカーはもっと輝く | Football LAB,"Data Menu
	
		順位表
		ゴール期待値
		チャンス構築率
		AGIKAGI
		得点パターン
		失点パターン
		ボール保持率
	
2026.5.25 update
RSS

ツイート
		
	ゴール期待値",1,ゴール,1.06,期待値,1.167,京都,京都,京都
20260530,20260525,j1,2026,ゴール期待値.html,ゴール期待値,リーグサマリー:2026 J1百年構想リーグ ゴール期待値 | データによってサッカーはもっと輝く | Football LAB,"Data Menu
	
		順位表
		ゴール期待値
		チャンス構築率
		AGIKAGI
		得点パターン
		失点パターン
		ボール保持率
	
2026.5.25 update
RSS

ツイート
		
	ゴール期待値",1,ゴール,1.28,期待値,1.128,町田,町田,町田
20260530,20260525,j1,2026,ゴール期待値.html,ゴール期待値,リーグサマリー:2026 J1百年構想リーグ ゴール期待値 | データによってサッカーはもっと輝く | Football LAB,"Data Menu
	
		順位表
		ゴール期待値
		チャンス構築率
		AGIKAGI
		得点パターン
		失点パターン
		ボール保持率
	
2026.5.25 update
RSS

ツイート
		
	ゴール期待値",1,ゴール,1,期待値,1.001,水戸,水戸,水戸
20260530,20260525,j1,2026,ゴール期待値.html,ゴール期待値,リーグサマリー:2026 J1百年構想リーグ ゴール期待値 | データによってサッカーはもっと輝く | Football LAB,"Data Menu
	
		順位表
		ゴール期待値
		チャンス構築率
		AGIKAGI
		得点パターン
		失点パターン
		ボール保持率
	
2026.5.25 update
RSS

ツイート
		
	ゴール期待値",1,ゴール,0.94,期待値,0.966,福岡,福岡,福岡
20260530,20260525,j1,2026,ゴール期待値.html,ゴール期待値,リーグサマリー:2026 J1百年構想リーグ ゴール期待値 | データによってサッカーはもっと輝く | Football LAB,"Data Menu
	
		順位表
		ゴール期待値
		チャンス構築率
		AGIKAGI
		得点パターン
		失点パターン
		ボール保持率
	
2026.5.25 update
RSS

ツイート
		
	ゴール期待値",1,ゴール,1,期待値,0.899,東京V,東京Ｖ,東京Ｖ
20260530,20260525,j1,2026,ゴール期待値.html,ゴール期待値,リーグサマリー:2026 J1百年構想リーグ ゴール期待値 | データによってサッカーはもっと輝く | Football LAB,被ゴール期待値,2,被ゴール,0.89,期待値,0.893,FC東京,FC東京,FC東京
20260530,20260525,j1,2026,ゴール期待値.html,ゴール期待値,リーグサマリー:2026 J1百年構想リーグ ゴール期待値 | データによってサッカーはもっと輝く | Football LAB,被ゴール期待値,2,被ゴール,0.5,期待値,1.057,鹿島,鹿島,鹿島
20260530,20260525,j1,2026,ゴール期待値.html,ゴール期待値,リーグサマリー:2026 J1百年構想リーグ ゴール期待値 | データによってサッカーはもっと輝く | Football LAB,被ゴール期待値,2,被ゴール,1.17,期待値,1.106,神戸,神戸,神戸
20260530,20260525,j1,2026,ゴール期待値.html,ゴール期待値,リーグサマリー:2026 J1百年構想リーグ ゴール期待値 | データによってサッカーはもっと輝く | Football LAB,被ゴール期待値,2,被ゴール,1.17,期待値,1.113,広島,広島,広島
20260530,20260525,j1,2026,ゴール期待値.html,ゴール期待値,リーグサマリー:2026 J1百年構想リーグ ゴール期待値 | データによってサッカーはもっと輝く | Football LAB,被ゴール期待値,2,被ゴール,1,期待値,1.136,町田,町田,町田
20260530,20260525,j1,2026,ゴール期待値.html,ゴール期待値,リーグサマリー:2026 J1百年構想リーグ ゴール期待値 | データによってサッカーはもっと輝く | Football LAB,被ゴール期待値,2,被ゴール,1.44,期待値,1.138,横浜FM,横浜FM,横浜FM
20260530,20260525,j1,2026,ゴール期待値.html,ゴール期待値,リーグサマリー:2026 J1百年構想リーグ ゴール期待値 | データによってサッカーはもっと輝く | Football LAB,被ゴール期待値,2,被ゴール,0.94,期待値,1.142,浦和,浦和,浦和
20260530,20260525,j1,2026,ゴール期待値.html,ゴール期待値,リーグサマリー:2026 J1百年構想リーグ ゴール期待値 | データによってサッカーはもっと輝く | Football LAB,被ゴール期待値,2,被ゴール,1.39,期待値,1.144,東京V,東京Ｖ,東京Ｖ
20260530,20260525,j1,2026,ゴール期待値.html,ゴール期待値,リーグサマリー:2026 J1百年構想リーグ ゴール期待値 | データによってサッカーはもっと輝く | Football LAB,被ゴール期待値,2,被ゴール,1.33,期待値,1.177,岡山,岡山,岡山
20260530,20260525,j1,2026,ゴール期待値.html,ゴール期待値,リーグサマリー:2026 J1百年構想リーグ ゴール期待値 | データによってサッカーはもっと輝く | Football LAB,被ゴール期待値,2,被ゴール,1.5,期待値,1.205,福岡,福岡,福岡
20260530,20260525,j1,2026,ゴール期待値.html,ゴール期待値,リーグサマリー:2026 J1百年構想リーグ ゴール期待値 | データによってサッカーはもっと輝く | Football LAB,被ゴール期待値,2,被ゴール,1.33,期待値,1.246,柏,柏,柏
20260530,20260525,j1,2026,ゴール期待値.html,ゴール期待値,リーグサマリー:2026 J1百年構想リーグ ゴール期待値 | データによってサッカーはもっと輝く | Football LAB,被ゴール期待値,2,被ゴール,1.56,期待値,1.393,名古屋,名古屋,名古屋
20260530,20260525,j1,2026,ゴール期待値.html,ゴール期待値,リーグサマリー:2026 J1百年構想リーグ ゴール期待値 | データによってサッカーはもっと輝く | Football LAB,被ゴール期待値,2,被ゴール,1.22,期待値,1.394,G大阪,Ｇ大阪,Ｇ大阪
20260530,20260525,j1,2026,ゴール期待値.html,ゴール期待値,リーグサマリー:2026 J1百年構想リーグ ゴール期待値 | データによってサッカーはもっと輝く | Football LAB,被ゴール期待値,2,被ゴール,1.17,期待値,1.396,清水,清水,清水
20260530,20260525,j1,2026,ゴール期待値.html,ゴール期待値,リーグサマリー:2026 J1百年構想リーグ ゴール期待値 | データによってサッカーはもっと輝く | Football LAB,被ゴール期待値,2,被ゴール,1.83,期待値,1.455,水戸,水戸,水戸
20260530,20260525,j1,2026,ゴール期待値.html,ゴール期待値,リーグサマリー:2026 J1百年構想リーグ ゴール期待値 | データによってサッカーはもっと輝く | Football LAB,被ゴール期待値,2,被ゴール,1.5,期待値,1.575,川崎F,川崎Ｆ,川崎Ｆ
20260530,20260525,j1,2026,ゴール期待値.html,ゴール期待値,リーグサマリー:2026 J1百年構想リーグ ゴール期待値 | データによってサッカーはもっと輝く | Football LAB,被ゴール期待値,2,被ゴール,1.39,期待値,1.582,京都,京都,京都
20260530,20260525,j1,2026,ゴール期待値.html,ゴール期待値,リーグサマリー:2026 J1百年構想リーグ ゴール期待値 | データによってサッカーはもっと輝く | Football LAB,被ゴール期待値,2,被ゴール,1,期待値,1.653,C大阪,Ｃ大阪,Ｃ大阪
20260530,20260525,j1,2026,ゴール期待値.html,ゴール期待値,リーグサマリー:2026 J1百年構想リーグ ゴール期待値 | データによってサッカーはもっと輝く | Football LAB,被ゴール期待値,2,被ゴール,1.56,期待値,1.67,長崎,長崎,長崎
20260530,20260525,j1,2026,ゴール期待値.html,ゴール期待値,リーグサマリー:2026 J1百年構想リーグ ゴール期待値 | データによってサッカーはもっと輝く | Football LAB,被ゴール期待値,2,被ゴール,1.72,期待値,1.751,千葉,千葉,千葉
20260530,20260525,j1,2026,ショートカウンター.html,ショートカウンター (チームスタイル指標),リーグサマリー:2026 J1百年構想リーグ ショートカウンター (チームスタイル指標) | データによってサッカーはもっと輝く | Football LAB,ショートカウンター (チームスタイル指標),1,指数,69.9,シュート率,15.9,広島,広島,広島
20260530,20260525,j1,2026,ショートカウンター.html,ショートカウンター (チームスタイル指標),リーグサマリー:2026 J1百年構想リーグ ショートカウンター (チームスタイル指標) | データによってサッカーはもっと輝く | Football LAB,ショートカウンター (チームスタイル指標),1,指数,61.4,シュート率,16.0,京都,京都,京都
20260530,20260525,j1,2026,ショートカウンター.html,ショートカウンター (チームスタイル指標),リーグサマリー:2026 J1百年構想リーグ ショートカウンター (チームスタイル指標) | データによってサッカーはもっと輝く | Football LAB,ショートカウンター (チームスタイル指標),1,指数,61.1,シュート率,14.6,岡山,岡山,岡山
20260530,20260525,j1,2026,ショートカウンター.html,ショートカウンター (チームスタイル指標),リーグサマリー:2026 J1百年構想リーグ ショートカウンター (チームスタイル指標) | データによってサッカーはもっと輝く | Football LAB,ショートカウンター (チームスタイル指標),1,指数,60.8,シュート率,12.5,清水,清水,清水
20260530,20260525,j1,2026,ショートカウンター.html,ショートカウンター (チームスタイル指標),リーグサマリー:2026 J1百年構想リーグ ショートカウンター (チームスタイル指標) | データによってサッカーはもっと輝く | Football LAB,ショートカウンター (チームスタイル指標),1,指数,58.6,シュート率,20.5,東京V,東京Ｖ,東京Ｖ
20260530,20260525,j1,2026,ショートカウンター.html,ショートカウンター (チームスタイル指標),リーグサマリー:2026 J1百年構想リーグ ショートカウンター (チームスタイル指標) | データによってサッカーはもっと輝く | Football LAB,ショートカウンター (チームスタイル指標),1,指数,57.3,シュート率,15.6,名古屋,名古屋,名古屋
20260530,20260525,j1,2026,ショートカウンター.html,ショートカウンター (チームスタイル指標),リーグサマリー:2026 J1百年構想リーグ ショートカウンター (チームスタイル指標) | データによってサッカーはもっと輝く | Football LAB,ショートカウンター (チームスタイル指標),1,指数,57.0,シュート率,19.4,横浜FM,横浜FM,横浜FM
20260530,20260525,j1,2026,ショートカウンター.html,ショートカウンター (チームスタイル指標),リーグサマリー:2026 J1百年構想リーグ ショートカウンター (チームスタイル指標) | データによってサッカーはもっと輝く | Football LAB,ショートカウンター (チームスタイル指標),1,指数,54.5,シュート率,20.8,水戸,水戸,水戸
20260530,20260525,j1,2026,ショートカウンター.html,ショートカウンター (チームスタイル指標),リーグサマリー:2026 J1百年構想リーグ ショートカウンター (チームスタイル指標) | データによってサッカーはもっと輝く | Football LAB,ショートカウンター (チームスタイル指標),1,指数,53.5,シュート率,15.2,神戸,神戸,神戸
20260530,20260525,j1,2026,ショートカウンター.html,ショートカウンター (チームスタイル指標),リーグサマリー:2026 J1百年構想リーグ ショートカウンター (チームスタイル指標) | データによってサッカーはもっと輝く | Football LAB,ショートカウンター (チームスタイル指標),1,指数,50.4,シュート率,24.7,C大阪,Ｃ大阪,Ｃ大阪
20260530,20260525,j1,2026,ショートカウンター.html,ショートカウンター (チームスタイル指標),リーグサマリー:2026 J1百年構想リーグ ショートカウンター (チームスタイル指標) | データによってサッカーはもっと輝く | Football LAB,ショートカウンター (チームスタイル指標),1,指数,50.0,シュート率,18.3,G大阪,Ｇ大阪,Ｇ大阪
20260530,20260525,j1,2026,ショートカウンター.html,ショートカウンター (チームスタイル指標),リーグサマリー:2026 J1百年構想リーグ ショートカウンター (チームスタイル指標) | データによってサッカーはもっと輝く | Football LAB,ショートカウンター (チームスタイル指標),1,指数,50.0,シュート率,17.9,福岡,福岡,福岡
20260530,20260525,j1,2026,ショートカウンター.html,ショートカウンター (チームスタイル指標),リーグサマリー:2026 J1百年構想リーグ ショートカウンター (チームスタイル指標) | データによってサッカーはもっと輝く | Football LAB,ショートカウンター (チームスタイル指標),1,指数,46.9,シュート率,16.9,町田,町田,町田
20260530,20260525,j1,2026,ショートカウンター.html,ショートカウンター (チームスタイル指標),リーグサマリー:2026 J1百年構想リーグ ショートカウンター (チームスタイル指標) | データによってサッカーはもっと輝く | Football LAB,ショートカウンター (チームスタイル指標),1,指数,42.5,シュート率,19.8,長崎,長崎,長崎
20260530,20260525,j1,2026,ショートカウンター.html,ショートカウンター (チームスタイル指標),リーグサマリー:2026 J1百年構想リーグ ショートカウンター (チームスタイル指標) | データによってサッカーはもっと輝く | Football LAB,ショートカウンター (チームスタイル指標),1,指数,42.5,シュート率,24.8,FC東京,FC東京,FC東京
20260530,20260525,j1,2026,ショートカウンター.html,ショートカウンター (チームスタイル指標),リーグサマリー:2026 J1百年構想リーグ ショートカウンター (チームスタイル指標) | データによってサッカーはもっと輝く | Football LAB,ショートカウンター (チームスタイル指標),1,指数,40.0,シュート率,21.5,柏,柏,柏
20260530,20260525,j1,2026,ショートカウンター.html,ショートカウンター (チームスタイル指標),リーグサマリー:2026 J1百年構想リーグ ショートカウンター (チームスタイル指標) | データによってサッカーはもっと輝く | Football LAB,ショートカウンター (チームスタイル指標),1,指数,38.4,シュート率,20.1,川崎F,川崎Ｆ,川崎Ｆ
20260530,20260525,j1,2026,ショートカウンター.html,ショートカウンター (チームスタイル指標),リーグサマリー:2026 J1百年構想リーグ ショートカウンター (チームスタイル指標) | データによってサッカーはもっと輝く | Football LAB,ショートカウンター (チームスタイル指標),1,指数,36.8,シュート率,19.6,浦和,浦和,浦和
20260530,20260525,j1,2026,ショートカウンター.html,ショートカウンター (チームスタイル指標),リーグサマリー:2026 J1百年構想リーグ ショートカウンター (チームスタイル指標) | データによってサッカーはもっと輝く | Football LAB,ショートカウンター (チームスタイル指標),1,指数,34.6,シュート率,21.3,鹿島,鹿島,鹿島
20260530,20260525,j1,2026,ショートカウンター.html,ショートカウンター (チームスタイル指標),リーグサマリー:2026 J1百年構想リーグ ショートカウンター (チームスタイル指標) | データによってサッカーはもっと輝く | Football LAB,ショートカウンター (チームスタイル指標),1,指数,34.0,シュート率,21.5,千葉,千葉,千葉
20260530,20260525,j1,2026,チャンス構築率.html,チャンス構築率,リーグサマリー:2026 J1百年構想リーグ チャンス構築率 | データによってサッカーはもっと輝く | Football LAB,"Data Menu
	
		順位表
		ゴール期待値
		チャンス構築率
		AGIKAGI
		得点パターン
		失点パターン
		ボール保持率
	
2026.5.25 update
RSS

ツイート
		
	チャンス構築率",1,シュート成功率,13.62,チャンス構築率,10.63,鹿島,鹿島,鹿島
20260530,20260525,j1,2026,チャンス構築率.html,チャンス構築率,リーグサマリー:2026 J1百年構想リーグ チャンス構築率 | データによってサッカーはもっと輝く | Football LAB,"Data Menu
	
		順位表
		ゴール期待値
		チャンス構築率
		AGIKAGI
		得点パターン
		失点パターン
		ボール保持率
	
2026.5.25 update
RSS

ツイート
		
	チャンス構築率",1,シュート成功率,9.14,チャンス構築率,9.89,水戸,水戸,水戸
20260530,20260525,j1,2026,チャンス構築率.html,チャンス構築率,リーグサマリー:2026 J1百年構想リーグ チャンス構築率 | データによってサッカーはもっと輝く | Football LAB,"Data Menu
	
		順位表
		ゴール期待値
		チャンス構築率
		AGIKAGI
		得点パターン
		失点パターン
		ボール保持率
	
2026.5.25 update
RSS

ツイート
		
	チャンス構築率",1,シュート成功率,9.56,チャンス構築率,12.73,浦和,浦和,浦和
20260530,20260525,j1,2026,チャンス構築率.html,チャンス構築率,リーグサマリー:2026 J1百年構想リーグ チャンス構築率 | データによってサッカーはもっと輝く | Football LAB,"Data Menu
	
		順位表
		ゴール期待値
		チャンス構築率
		AGIKAGI
		得点パターン
		失点パターン
		ボール保持率
	
2026.5.25 update
RSS

ツイート
		
	チャンス構築率",1,シュート成功率,8.74,チャンス構築率,10.03,千葉,千葉,千葉
20260530,20260525,j1,2026,チャンス構築率.html,チャンス構築率,リーグサマリー:2026 J1百年構想リーグ チャンス構築率 | データによってサッカーはもっと輝く | Football LAB,"Data Menu
	
		順位表
		ゴール期待値
		チャンス構築率
		AGIKAGI
		得点パターン
		失点パターン
		ボール保持率
	
2026.5.25 update
RSS

ツイート
		
	チャンス構築率",1,シュート成功率,8.26,チャンス構築率,11.58,柏,柏,柏
20260530,20260525,j1,2026,チャンス構築率.html,チャンス構築率,リーグサマリー:2026 J1百年構想リーグ チャンス構築率 | データによってサッカーはもっと輝く | Football LAB,"Data Menu
	
		順位表
		ゴール期待値
		チャンス構築率
		AGIKAGI
		得点パターン
		失点パターン
		ボール保持率
	
2026.5.25 update
RSS

ツイート
		
	チャンス構築率",1,シュート成功率,9.51,チャンス構築率,14.31,FC東京,FC東京,FC東京
20260530,20260525,j1,2026,チャンス構築率.html,チャンス構築率,リーグサマリー:2026 J1百年構想リーグ チャンス構築率 | データによってサッカーはもっと輝く | Football LAB,"Data Menu
	
		順位表
		ゴール期待値
		チャンス構築率
		AGIKAGI
		得点パターン
		失点パターン
		ボール保持率
	
2026.5.25 update
RSS

ツイート
		
	チャンス構築率",1,シュート成功率,10.47,チャンス構築率,8.56,東京V,東京Ｖ,東京Ｖ
20260530,20260525,j1,2026,チャンス構築率.html,チャンス構築率,リーグサマリー:2026 J1百年構想リーグ チャンス構築率 | データによってサッカーはもっと輝く | Football LAB,"Data Menu
	
		順位表
		ゴール期待値
		チャンス構築率
		AGIKAGI
		得点パターン
		失点パターン
		ボール保持率
	
2026.5.25 update
RSS

ツイート
		
	チャンス構築率",1,シュート成功率,11.22,チャンス構築率,10.64,町田,町田,町田
20260530,20260525,j1,2026,チャンス構築率.html,チャンス構築率,リーグサマリー:2026 J1百年構想リーグ チャンス構築率 | データによってサッカーはもっと輝く | Football LAB,"Data Menu
	
		順位表
		ゴール期待値
		チャンス構築率
		AGIKAGI
		得点パターン
		失点パターン
		ボール保持率
	
2026.5.25 update
RSS

ツイート
		
	チャンス構築率",1,シュート成功率,10.28,チャンス構築率,11.12,川崎F,川崎Ｆ,川崎Ｆ
20260530,20260525,j1,2026,チャンス構築率.html,チャンス構築率,リーグサマリー:2026 J1百年構想リーグ チャンス構築率 | データによってサッカーはもっと輝く | Football LAB,"Data Menu
	
		順位表
		ゴール期待値
		チャンス構築率
		AGIKAGI
		得点パターン
		失点パターン
		ボール保持率
	
2026.5.25 update
RSS

ツイート
		
	チャンス構築率",1,シュート成功率,13.21,チャンス構築率,10.32,横浜FM,横浜FM,横浜FM
20260530,20260525,j1,2026,チャンス構築率.html,チャンス構築率,リーグサマリー:2026 J1百年構想リーグ チャンス構築率 | データによってサッカーはもっと輝く | Football LAB,"Data Menu
	
		順位表
		ゴール期待値
		チャンス構築率
		AGIKAGI
		得点パターン
		失点パターン
		ボール保持率
	
2026.5.25 update
RSS

ツイート
		
	チャンス構築率",1,シュート成功率,9.38,チャンス構築率,8.58,清水,清水,清水
20260530,20260525,j1,2026,チャンス構築率.html,チャンス構築率,リーグサマリー:2026 J1百年構想リーグ チャンス構築率 | データによってサッカーはもっと輝く | Football LAB,"Data Menu
	
		順位表
		ゴール期待値
		チャンス構築率
		AGIKAGI
		得点パターン
		失点パターン
		ボール保持率
	
2026.5.25 update
RSS

ツイート
		
	チャンス構築率",1,シュート成功率,12.92,チャンス構築率,11.47,名古屋,名古屋,名古屋
20260530,20260525,j1,2026,チャンス構築率.html,チャンス構築率,リーグサマリー:2026 J1百年構想リーグ チャンス構築率 | データによってサッカーはもっと輝く | Football LAB,"Data Menu
	
		順位表
		ゴール期待値
		チャンス構築率
		AGIKAGI
		得点パターン
		失点パターン
		ボール保持率
	
2026.5.25 update
RSS

ツイート
		
	チャンス構築率",1,シュート成功率,8.09,チャンス構築率,10.56,京都,京都,京都
20260530,20260525,j1,2026,チャンス構築率.html,チャンス構築率,リーグサマリー:2026 J1百年構想リーグ チャンス構築率 | データによってサッカーはもっと輝く | Football LAB,"Data Menu
	
		順位表
		ゴール期待値
		チャンス構築率
		AGIKAGI
		得点パターン
		失点パターン
		ボール保持率
	
2026.5.25 update
RSS

ツイート
		
	チャンス構築率",1,シュート成功率,11.11,チャンス構築率,10.63,G大阪,Ｇ大阪,Ｇ大阪
20260530,20260525,j1,2026,チャンス構築率.html,チャンス構築率,リーグサマリー:2026 J1百年構想リーグ チャンス構築率 | データによってサッカーはもっと輝く | Football LAB,"Data Menu
	
		順位表
		ゴール期待値
		チャンス構築率
		AGIKAGI
		得点パターン
		失点パターン
		ボール保持率
	
2026.5.25 update
RSS

ツイート
		
	チャンス構築率",1,シュート成功率,12.44,チャンス構築率,10.02,C大阪,Ｃ大阪,Ｃ大阪
20260530,20260525,j1,2026,チャンス構築率.html,チャンス構築率,リーグサマリー:2026 J1百年構想リーグ チャンス構築率 | データによってサッカーはもっと輝く | Football LAB,"Data Menu
	
		順位表
		ゴール期待値
		チャンス構築率
		AGIKAGI
		得点パターン
		失点パターン
		ボール保持率
	
2026.5.25 update
RSS

ツイート
		
	チャンス構築率",1,シュート成功率,11.21,チャンス構築率,10.45,神戸,神戸,神戸
20260530,20260525,j1,2026,チャンス構築率.html,チャンス構築率,リーグサマリー:2026 J1百年構想リーグ チャンス構築率 | データによってサッカーはもっと輝く | Football LAB,"Data Menu
	
		順位表
		ゴール期待値
		チャンス構築率
		AGIKAGI
		得点パターン
		失点パターン
		ボール保持率
	
2026.5.25 update
RSS

ツイート
		
	チャンス構築率",1,シュート成功率,11.43,チャンス構築率,9.98,岡山,岡山,岡山
20260530,20260525,j1,2026,チャンス構築率.html,チャンス構築率,リーグサマリー:2026 J1百年構想リーグ チャンス構築率 | データによってサッカーはもっと輝く | Football LAB,"Data Menu
	
		順位表
		ゴール期待値
		チャンス構築率
		AGIKAGI
		得点パターン
		失点パターン
		ボール保持率
	
2026.5.25 update
RSS

ツイート
		
	チャンス構築率",1,シュート成功率,9.69,チャンス構築率,13.02,広島,広島,広島
20260530,20260525,j1,2026,チャンス構築率.html,チャンス構築率,リーグサマリー:2026 J1百年構想リーグ チャンス構築率 | データによってサッカーはもっと輝く | Football LAB,"Data Menu
	
		順位表
		ゴール期待値
		チャンス構築率
		AGIKAGI
		得点パターン
		失点パターン
		ボール保持率
	
2026.5.25 update
RSS

ツイート
		
	チャンス構築率",1,シュート成功率,8.72,チャンス構築率,9.65,福岡,福岡,福岡
20260530,20260525,j1,2026,チャンス構築率.html,チャンス構築率,リーグサマリー:2026 J1百年構想リーグ チャンス構築率 | データによってサッカーはもっと輝く | Football LAB,"Data Menu
	
		順位表
		ゴール期待値
		チャンス構築率
		AGIKAGI
		得点パターン
		失点パターン
		ボール保持率
	
2026.5.25 update
RSS

ツイート
		
	チャンス構築率",1,シュート成功率,10.15,チャンス構築率,9.3,長崎,長崎,長崎
20260530,20260525,j1,2026,チャンス構築率.html,チャンス構築率,リーグサマリー:2026 J1百年構想リーグ チャンス構築率 | データによってサッカーはもっと輝く | Football LAB,被チャンス構築率,2,被シュート成功率,4.15,被チャンス構築率,11.29,鹿島,鹿島,鹿島
20260530,20260525,j1,2026,チャンス構築率.html,チャンス構築率,リーグサマリー:2026 J1百年構想リーグ チャンス構築率 | データによってサッカーはもっと輝く | Football LAB,被チャンス構築率,2,被シュート成功率,15.42,被チャンス構築率,10.33,水戸,水戸,水戸
20260530,20260525,j1,2026,チャンス構築率.html,チャンス構築率,リーグサマリー:2026 J1百年構想リーグ チャンス構築率 | データによってサッカーはもっと輝く | Football LAB,被チャンス構築率,2,被シュート成功率,7.59,被チャンス構築率,11.31,浦和,浦和,浦和
20260530,20260525,j1,2026,チャンス構築率.html,チャンス構築率,リーグサマリー:2026 J1百年構想リーグ チャンス構築率 | データによってサッカーはもっと輝く | Football LAB,被チャンス構築率,2,被シュート成功率,10.4,被チャンス構築率,14.4,千葉,千葉,千葉
20260530,20260525,j1,2026,チャンス構築率.html,チャンス構築率,リーグサマリー:2026 J1百年構想リーグ チャンス構築率 | データによってサッカーはもっと輝く | Football LAB,被チャンス構築率,2,被シュート成功率,11.48,被チャンス構築率,10.92,柏,柏,柏
20260530,20260525,j1,2026,チャンス構築率.html,チャンス構築率,リーグサマリー:2026 J1百年構想リーグ チャンス構築率 | データによってサッカーはもっと輝く | Football LAB,被チャンス構築率,2,被シュート成功率,8.74,被チャンス構築率,9.28,FC東京,FC東京,FC東京
20260530,20260525,j1,2026,チャンス構築率.html,チャンス構築率,リーグサマリー:2026 J1百年構想リーグ チャンス構築率 | データによってサッカーはもっと輝く | Football LAB,被チャンス構築率,2,被シュート成功率,13.16,被チャンス構築率,8.82,東京V,東京Ｖ,東京Ｖ
20260530,20260525,j1,2026,チャンス構築率.html,チャンス構築率,リーグサマリー:2026 J1百年構想リーグ チャンス構築率 | データによってサッカーはもっと輝く | Football LAB,被チャンス構築率,2,被シュート成功率,8.7,被チャンス構築率,10.87,町田,町田,町田
20260530,20260525,j1,2026,チャンス構築率.html,チャンス構築率,リーグサマリー:2026 J1百年構想リーグ チャンス構築率 | データによってサッカーはもっと輝く | Football LAB,被チャンス構築率,2,被シュート成功率,10.59,被チャンス構築率,13.6,川崎F,川崎Ｆ,川崎Ｆ
20260530,20260525,j1,2026,チャンス構築率.html,チャンス構築率,リーグサマリー:2026 J1百年構想リーグ チャンス構築率 | データによってサッカーはもっと輝く | Football LAB,被チャンス構築率,2,被シュート成功率,13.9,被チャンス構築率,9.16,横浜FM,横浜FM,横浜FM
20260530,20260525,j1,2026,チャンス構築率.html,チャンス構築率,リーグサマリー:2026 J1百年構想リーグ チャンス構築率 | データによってサッカーはもっと輝く | Football LAB,被チャンス構築率,2,被シュート成功率,9.46,被チャンス構築率,10.18,清水,清水,清水
20260530,20260525,j1,2026,チャンス構築率.html,チャンス構築率,リーグサマリー:2026 J1百年構想リーグ チャンス構築率 | データによってサッカーはもっと輝く | Football LAB,被チャンス構築率,2,被シュート成功率,10.98,被チャンス構築率,12.45,名古屋,名古屋,名古屋
20260530,20260525,j1,2026,チャンス構築率.html,チャンス構築率,リーグサマリー:2026 J1百年構想リーグ チャンス構築率 | データによってサッカーはもっと輝く | Football LAB,被チャンス構築率,2,被シュート成功率,10.78,被チャンス構築率,10.38,京都,京都,京都
20260530,20260525,j1,2026,チャンス構築率.html,チャンス構築率,リーグサマリー:2026 J1百年構想リーグ チャンス構築率 | データによってサッカーはもっと輝く | Football LAB,被チャンス構築率,2,被シュート成功率,10.23,被チャンス構築率,9.94,G大阪,Ｇ大阪,Ｇ大阪
20260530,20260525,j1,2026,チャンス構築率.html,チャンス構築率,リーグサマリー:2026 J1百年構想リーグ チャンス構築率 | データによってサッカーはもっと輝く | Football LAB,被チャンス構築率,2,被シュート成功率,7.2,被チャンス構築率,11.58,C大阪,Ｃ大阪,Ｃ大阪
20260530,20260525,j1,2026,チャンス構築率.html,チャンス構築率,リーグサマリー:2026 J1百年構想リーグ チャンス構築率 | データによってサッカーはもっと輝く | Football LAB,被チャンス構築率,2,被シュート成功率,10.82,被チャンス構築率,9.02,神戸,神戸,神戸
20260530,20260525,j1,2026,チャンス構築率.html,チャンス構築率,リーグサマリー:2026 J1百年構想リーグ チャンス構築率 | データによってサッカーはもっと輝く | Football LAB,被チャンス構築率,2,被シュート成功率,11.65,被チャンス構築率,9.24,岡山,岡山,岡山
20260530,20260525,j1,2026,チャンス構築率.html,チャンス構築率,リーグサマリー:2026 J1百年構想リーグ チャンス構築率 | データによってサッカーはもっと輝く | Football LAB,被チャンス構築率,2,被シュート成功率,11.93,被チャンス構築率,8.14,広島,広島,広島
20260530,20260525,j1,2026,チャンス構築率.html,チャンス構築率,リーグサマリー:2026 J1百年構想リーグ チャンス構築率 | データによってサッカーはもっと輝く | Football LAB,被チャンス構築率,2,被シュート成功率,12.68,被チャンス構築率,10.37,福岡,福岡,福岡
20260530,20260525,j1,2026,チャンス構築率.html,チャンス構築率,リーグサマリー:2026 J1百年構想リーグ チャンス構築率 | データによってサッカーはもっと輝く | Football LAB,被チャンス構築率,2,被シュート成功率,10.37,被チャンス構築率,12.58,長崎,長崎,長崎
20260530,20260525,j1,2026,ボール保持率.html,ボール保持率,リーグサマリー:2026 J1百年構想リーグ ボール保持率 | データによってサッカーはもっと輝く | Football LAB,ボール保持率,3,保持率,55.572,攻撃CBP,15.6,G大阪,Ｇ大阪,Ｇ大阪
20260530,20260525,j1,2026,ボール保持率.html,ボール保持率,リーグサマリー:2026 J1百年構想リーグ ボール保持率 | データによってサッカーはもっと輝く | Football LAB,ボール保持率,3,保持率,55.4942,攻撃CBP,18.0,柏,柏,柏
20260530,20260525,j1,2026,ボール保持率.html,ボール保持率,リーグサマリー:2026 J1百年構想リーグ ボール保持率 | データによってサッカーはもっと輝く | Football LAB,ボール保持率,3,保持率,54.5667,攻撃CBP,15.0,鹿島,鹿島,鹿島
20260530,20260525,j1,2026,ボール保持率.html,ボール保持率,リーグサマリー:2026 J1百年構想リーグ ボール保持率 | データによってサッカーはもっと輝く | Football LAB,ボール保持率,3,保持率,53.7532,攻撃CBP,14.9,神戸,神戸,神戸
20260530,20260525,j1,2026,ボール保持率.html,ボール保持率,リーグサマリー:2026 J1百年構想リーグ ボール保持率 | データによってサッカーはもっと輝く | Football LAB,ボール保持率,3,保持率,52.5655,攻撃CBP,15.4,広島,広島,広島
20260530,20260525,j1,2026,ボール保持率.html,ボール保持率,リーグサマリー:2026 J1百年構想リーグ ボール保持率 | データによってサッカーはもっと輝く | Football LAB,ボール保持率,3,保持率,52.5306,攻撃CBP,12.5,京都,京都,京都
20260530,20260525,j1,2026,ボール保持率.html,ボール保持率,リーグサマリー:2026 J1百年構想リーグ ボール保持率 | データによってサッカーはもっと輝く | Football LAB,ボール保持率,3,保持率,52.3484,攻撃CBP,13.9,浦和,浦和,浦和
20260530,20260525,j1,2026,ボール保持率.html,ボール保持率,リーグサマリー:2026 J1百年構想リーグ ボール保持率 | データによってサッカーはもっと輝く | Football LAB,ボール保持率,3,保持率,52.1778,攻撃CBP,14.3,FC東京,FC東京,FC東京
20260530,20260525,j1,2026,ボール保持率.html,ボール保持率,リーグサマリー:2026 J1百年構想リーグ ボール保持率 | データによってサッカーはもっと輝く | Football LAB,ボール保持率,3,保持率,52.1629,攻撃CBP,15.1,名古屋,名古屋,名古屋
20260530,20260525,j1,2026,ボール保持率.html,ボール保持率,リーグサマリー:2026 J1百年構想リーグ ボール保持率 | データによってサッカーはもっと輝く | Football LAB,ボール保持率,3,保持率,50.5162,攻撃CBP,15.4,川崎F,川崎Ｆ,川崎Ｆ
20260530,20260525,j1,2026,ボール保持率.html,ボール保持率,リーグサマリー:2026 J1百年構想リーグ ボール保持率 | データによってサッカーはもっと輝く | Football LAB,ボール保持率,3,保持率,50.2624,攻撃CBP,13.1,水戸,水戸,水戸
20260530,20260525,j1,2026,ボール保持率.html,ボール保持率,リーグサマリー:2026 J1百年構想リーグ ボール保持率 | データによってサッカーはもっと輝く | Football LAB,ボール保持率,3,保持率,50.1995,攻撃CBP,14.2,C大阪,Ｃ大阪,Ｃ大阪
20260530,20260525,j1,2026,ボール保持率.html,ボール保持率,リーグサマリー:2026 J1百年構想リーグ ボール保持率 | データによってサッカーはもっと輝く | Football LAB,ボール保持率,3,保持率,49.636,攻撃CBP,12.6,清水,清水,清水
20260530,20260525,j1,2026,ボール保持率.html,ボール保持率,リーグサマリー:2026 J1百年構想リーグ ボール保持率 | データによってサッカーはもっと輝く | Football LAB,ボール保持率,3,保持率,48.0613,攻撃CBP,11.6,長崎,長崎,長崎
20260530,20260525,j1,2026,ボール保持率.html,ボール保持率,リーグサマリー:2026 J1百年構想リーグ ボール保持率 | データによってサッカーはもっと輝く | Football LAB,ボール保持率,3,保持率,47.6191,攻撃CBP,11.7,横浜FM,横浜FM,横浜FM
20260530,20260525,j1,2026,ボール保持率.html,ボール保持率,リーグサマリー:2026 J1百年構想リーグ ボール保持率 | データによってサッカーはもっと輝く | Football LAB,ボール保持率,3,保持率,47.1823,攻撃CBP,11.2,千葉,千葉,千葉
20260530,20260525,j1,2026,ボール保持率.html,ボール保持率,リーグサマリー:2026 J1百年構想リーグ ボール保持率 | データによってサッカーはもっと輝く | Football LAB,ボール保持率,3,保持率,45.3487,攻撃CBP,12.6,町田,町田,町田
20260530,20260525,j1,2026,ボール保持率.html,ボール保持率,リーグサマリー:2026 J1百年構想リーグ ボール保持率 | データによってサッカーはもっと輝く | Football LAB,ボール保持率,3,保持率,44.063,攻撃CBP,9.8,東京V,東京Ｖ,東京Ｖ
20260530,20260525,j1,2026,ボール保持率.html,ボール保持率,リーグサマリー:2026 J1百年構想リーグ ボール保持率 | データによってサッカーはもっと輝く | Football LAB,ボール保持率,3,保持率,42.8341,攻撃CBP,10.6,岡山,岡山,岡山
20260530,20260525,j1,2026,ボール保持率.html,ボール保持率,リーグサマリー:2026 J1百年構想リーグ ボール保持率 | データによってサッカーはもっと輝く | Football LAB,ボール保持率,3,保持率,42.7889,攻撃CBP,10.9,福岡,福岡,福岡
20260530,20260525,j1,2026,ロングカウンター.html,ロングカウンター (チームスタイル指標),リーグサマリー:2026 J1百年構想リーグ ロングカウンター (チームスタイル指標) | データによってサッカーはもっと輝く | Football LAB,ロングカウンター (チームスタイル指標),1,指数,75.7,シュート率,13.3,岡山,岡山,岡山
20260530,20260525,j1,2026,ロングカウンター.html,ロングカウンター (チームスタイル指標),リーグサマリー:2026 J1百年構想リーグ ロングカウンター (チームスタイル指標) | データによってサッカーはもっと輝く | Football LAB,ロングカウンター (チームスタイル指標),1,指数,70.3,シュート率,15.1,広島,広島,広島
20260530,20260525,j1,2026,ロングカウンター.html,ロングカウンター (チームスタイル指標),リーグサマリー:2026 J1百年構想リーグ ロングカウンター (チームスタイル指標) | データによってサッカーはもっと輝く | Football LAB,ロングカウンター (チームスタイル指標),1,指数,57.0,シュート率,21.6,名古屋,名古屋,名古屋
20260530,20260525,j1,2026,ロングカウンター.html,ロングカウンター (チームスタイル指標),リーグサマリー:2026 J1百年構想リーグ ロングカウンター (チームスタイル指標) | データによってサッカーはもっと輝く | Football LAB,ロングカウンター (チームスタイル指標),1,指数,55.8,シュート率,17.9,G大阪,Ｇ大阪,Ｇ大阪
20260530,20260525,j1,2026,ロングカウンター.html,ロングカウンター (チームスタイル指標),リーグサマリー:2026 J1百年構想リーグ ロングカウンター (チームスタイル指標) | データによってサッカーはもっと輝く | Football LAB,ロングカウンター (チームスタイル指標),1,指数,55.2,シュート率,23.4,FC東京,FC東京,FC東京
20260530,20260525,j1,2026,ロングカウンター.html,ロングカウンター (チームスタイル指標),リーグサマリー:2026 J1百年構想リーグ ロングカウンター (チームスタイル指標) | データによってサッカーはもっと輝く | Football LAB,ロングカウンター (チームスタイル指標),1,指数,53.4,シュート率,18.7,京都,京都,京都
20260530,20260525,j1,2026,ロングカウンター.html,ロングカウンター (チームスタイル指標),リーグサマリー:2026 J1百年構想リーグ ロングカウンター (チームスタイル指標) | データによってサッカーはもっと輝く | Football LAB,ロングカウンター (チームスタイル指標),1,指数,52.8,シュート率,16.7,C大阪,Ｃ大阪,Ｃ大阪
20260530,20260525,j1,2026,ロングカウンター.html,ロングカウンター (チームスタイル指標),リーグサマリー:2026 J1百年構想リーグ ロングカウンター (チームスタイル指標) | データによってサッカーはもっと輝く | Football LAB,ロングカウンター (チームスタイル指標),1,指数,52.1,シュート率,18.0,長崎,長崎,長崎
20260530,20260525,j1,2026,ロングカウンター.html,ロングカウンター (チームスタイル指標),リーグサマリー:2026 J1百年構想リーグ ロングカウンター (チームスタイル指標) | データによってサッカーはもっと輝く | Football LAB,ロングカウンター (チームスタイル指標),1,指数,49.7,シュート率,7.1,清水,清水,清水
20260530,20260525,j1,2026,ロングカウンター.html,ロングカウンター (チームスタイル指標),リーグサマリー:2026 J1百年構想リーグ ロングカウンター (チームスタイル指標) | データによってサッカーはもっと輝く | Football LAB,ロングカウンター (チームスタイル指標),1,指数,48.5,シュート率,18.1,千葉,千葉,千葉
20260530,20260525,j1,2026,ロングカウンター.html,ロングカウンター (チームスタイル指標),リーグサマリー:2026 J1百年構想リーグ ロングカウンター (チームスタイル指標) | データによってサッカーはもっと輝く | Football LAB,ロングカウンター (チームスタイル指標),1,指数,47.9,シュート率,14.6,神戸,神戸,神戸
20260530,20260525,j1,2026,ロングカウンター.html,ロングカウンター (チームスタイル指標),リーグサマリー:2026 J1百年構想リーグ ロングカウンター (チームスタイル指標) | データによってサッカーはもっと輝く | Football LAB,ロングカウンター (チームスタイル指標),1,指数,47.3,シュート率,17.3,浦和,浦和,浦和
20260530,20260525,j1,2026,ロングカウンター.html,ロングカウンター (チームスタイル指標),リーグサマリー:2026 J1百年構想リーグ ロングカウンター (チームスタイル指標) | データによってサッカーはもっと輝く | Football LAB,ロングカウンター (チームスタイル指標),1,指数,46.1,シュート率,12.7,町田,町田,町田
20260530,20260525,j1,2026,ロングカウンター.html,ロングカウンター (チームスタイル指標),リーグサマリー:2026 J1百年構想リーグ ロングカウンター (チームスタイル指標) | データによってサッカーはもっと輝く | Football LAB,ロングカウンター (チームスタイル指標),1,指数,45.5,シュート率,16.7,柏,柏,柏
20260530,20260525,j1,2026,ロングカウンター.html,ロングカウンター (チームスタイル指標),リーグサマリー:2026 J1百年構想リーグ ロングカウンター (チームスタイル指標) | データによってサッカーはもっと輝く | Football LAB,ロングカウンター (チームスタイル指標),1,指数,45.5,シュート率,6.4,福岡,福岡,福岡
20260530,20260525,j1,2026,ロングカウンター.html,ロングカウンター (チームスタイル指標),リーグサマリー:2026 J1百年構想リーグ ロングカウンター (チームスタイル指標) | データによってサッカーはもっと輝く | Football LAB,ロングカウンター (チームスタイル指標),1,指数,45.5,シュート率,24.4,川崎F,川崎Ｆ,川崎Ｆ
20260530,20260525,j1,2026,ロングカウンター.html,ロングカウンター (チームスタイル指標),リーグサマリー:2026 J1百年構想リーグ ロングカウンター (チームスタイル指標) | データによってサッカーはもっと輝く | Football LAB,ロングカウンター (チームスタイル指標),1,指数,44.3,シュート率,17.1,横浜FM,横浜FM,横浜FM
20260530,20260525,j1,2026,ロングカウンター.html,ロングカウンター (チームスタイル指標),リーグサマリー:2026 J1百年構想リーグ ロングカウンター (チームスタイル指標) | データによってサッカーはもっと輝く | Football LAB,ロングカウンター (チームスタイル指標),1,指数,41.9,シュート率,15.3,水戸,水戸,水戸
20260530,20260525,j1,2026,ロングカウンター.html,ロングカウンター (チームスタイル指標),リーグサマリー:2026 J1百年構想リーグ ロングカウンター (チームスタイル指標) | データによってサッカーはもっと輝く | Football LAB,ロングカウンター (チームスタイル指標),1,指数,35.2,シュート率,16.4,鹿島,鹿島,鹿島
20260530,20260525,j1,2026,ロングカウンター.html,ロングカウンター (チームスタイル指標),リーグサマリー:2026 J1百年構想リーグ ロングカウンター (チームスタイル指標) | データによってサッカーはもっと輝く | Football LAB,ロングカウンター (チームスタイル指標),1,指数,30.4,シュート率,24.5,東京V,東京Ｖ,東京Ｖ
20260530,20260525,j1,2026,中央攻撃.html,中央攻撃 (チームスタイル指標),リーグサマリー:2026 J1百年構想リーグ 中央攻撃 (チームスタイル指標) | データによってサッカーはもっと輝く | Football LAB,中央攻撃 (チームスタイル指標),1,指数,67.1,シュート率,32.2,広島,広島,広島
20260530,20260525,j1,2026,中央攻撃.html,中央攻撃 (チームスタイル指標),リーグサマリー:2026 J1百年構想リーグ 中央攻撃 (チームスタイル指標) | データによってサッカーはもっと輝く | Football LAB,中央攻撃 (チームスタイル指標),1,指数,60.1,シュート率,43.4,C大阪,Ｃ大阪,Ｃ大阪
20260530,20260525,j1,2026,中央攻撃.html,中央攻撃 (チームスタイル指標),リーグサマリー:2026 J1百年構想リーグ 中央攻撃 (チームスタイル指標) | データによってサッカーはもっと輝く | Football LAB,中央攻撃 (チームスタイル指標),1,指数,59.7,シュート率,43.1,FC東京,FC東京,FC東京
20260530,20260525,j1,2026,中央攻撃.html,中央攻撃 (チームスタイル指標),リーグサマリー:2026 J1百年構想リーグ 中央攻撃 (チームスタイル指標) | データによってサッカーはもっと輝く | Football LAB,中央攻撃 (チームスタイル指標),1,指数,59.7,シュート率,31.5,名古屋,名古屋,名古屋
20260530,20260525,j1,2026,中央攻撃.html,中央攻撃 (チームスタイル指標),リーグサマリー:2026 J1百年構想リーグ 中央攻撃 (チームスタイル指標) | データによってサッカーはもっと輝く | Football LAB,中央攻撃 (チームスタイル指標),1,指数,59.7,シュート率,33.5,G大阪,Ｇ大阪,Ｇ大阪
20260530,20260525,j1,2026,中央攻撃.html,中央攻撃 (チームスタイル指標),リーグサマリー:2026 J1百年構想リーグ 中央攻撃 (チームスタイル指標) | データによってサッカーはもっと輝く | Football LAB,中央攻撃 (チームスタイル指標),1,指数,57.5,シュート率,36.5,京都,京都,京都
20260530,20260525,j1,2026,中央攻撃.html,中央攻撃 (チームスタイル指標),リーグサマリー:2026 J1百年構想リーグ 中央攻撃 (チームスタイル指標) | データによってサッカーはもっと輝く | Football LAB,中央攻撃 (チームスタイル指標),1,指数,56.6,シュート率,32.1,水戸,水戸,水戸
20260530,20260525,j1,2026,中央攻撃.html,中央攻撃 (チームスタイル指標),リーグサマリー:2026 J1百年構想リーグ 中央攻撃 (チームスタイル指標) | データによってサッカーはもっと輝く | Football LAB,中央攻撃 (チームスタイル指標),1,指数,56.6,シュート率,25.3,神戸,神戸,神戸
20260530,20260525,j1,2026,中央攻撃.html,中央攻撃 (チームスタイル指標),リーグサマリー:2026 J1百年構想リーグ 中央攻撃 (チームスタイル指標) | データによってサッカーはもっと輝く | Football LAB,中央攻撃 (チームスタイル指標),1,指数,55.3,シュート率,37.4,柏,柏,柏
20260530,20260525,j1,2026,中央攻撃.html,中央攻撃 (チームスタイル指標),リーグサマリー:2026 J1百年構想リーグ 中央攻撃 (チームスタイル指標) | データによってサッカーはもっと輝く | Football LAB,中央攻撃 (チームスタイル指標),1,指数,51.0,シュート率,33.9,鹿島,鹿島,鹿島
20260530,20260525,j1,2026,中央攻撃.html,中央攻撃 (チームスタイル指標),リーグサマリー:2026 J1百年構想リーグ 中央攻撃 (チームスタイル指標) | データによってサッカーはもっと輝く | Football LAB,中央攻撃 (チームスタイル指標),1,指数,51.0,シュート率,32.2,清水,清水,清水
20260530,20260525,j1,2026,中央攻撃.html,中央攻撃 (チームスタイル指標),リーグサマリー:2026 J1百年構想リーグ 中央攻撃 (チームスタイル指標) | データによってサッカーはもっと輝く | Football LAB,中央攻撃 (チームスタイル指標),1,指数,49.7,シュート率,31.0,東京V,東京Ｖ,東京Ｖ
20260530,20260525,j1,2026,中央攻撃.html,中央攻撃 (チームスタイル指標),リーグサマリー:2026 J1百年構想リーグ 中央攻撃 (チームスタイル指標) | データによってサッカーはもっと輝く | Football LAB,中央攻撃 (チームスタイル指標),1,指数,49.2,シュート率,34.1,川崎F,川崎Ｆ,川崎Ｆ
20260530,20260525,j1,2026,中央攻撃.html,中央攻撃 (チームスタイル指標),リーグサマリー:2026 J1百年構想リーグ 中央攻撃 (チームスタイル指標) | データによってサッカーはもっと輝く | Football LAB,中央攻撃 (チームスタイル指標),1,指数,46.2,シュート率,36.7,横浜FM,横浜FM,横浜FM
20260530,20260525,j1,2026,中央攻撃.html,中央攻撃 (チームスタイル指標),リーグサマリー:2026 J1百年構想リーグ 中央攻撃 (チームスタイル指標) | データによってサッカーはもっと輝く | Football LAB,中央攻撃 (チームスタイル指標),1,指数,42.3,シュート率,37.6,長崎,長崎,長崎
20260530,20260525,j1,2026,中央攻撃.html,中央攻撃 (チームスタイル指標),リーグサマリー:2026 J1百年構想リーグ 中央攻撃 (チームスタイル指標) | データによってサッカーはもっと輝く | Football LAB,中央攻撃 (チームスタイル指標),1,指数,38.8,シュート率,29.5,町田,町田,町田
20260530,20260525,j1,2026,中央攻撃.html,中央攻撃 (チームスタイル指標),リーグサマリー:2026 J1百年構想リーグ 中央攻撃 (チームスタイル指標) | データによってサッカーはもっと輝く | Football LAB,中央攻撃 (チームスタイル指標),1,指数,37.9,シュート率,40.8,浦和,浦和,浦和
20260530,20260525,j1,2026,中央攻撃.html,中央攻撃 (チームスタイル指標),リーグサマリー:2026 J1百年構想リーグ 中央攻撃 (チームスタイル指標) | データによってサッカーはもっと輝く | Football LAB,中央攻撃 (チームスタイル指標),1,指数,37.5,シュート率,34.9,福岡,福岡,福岡
20260530,20260525,j1,2026,中央攻撃.html,中央攻撃 (チームスタイル指標),リーグサマリー:2026 J1百年構想リーグ 中央攻撃 (チームスタイル指標) | データによってサッカーはもっと輝く | Football LAB,中央攻撃 (チームスタイル指標),1,指数,32.7,シュート率,28.1,岡山,岡山,岡山
20260530,20260525,j1,2026,中央攻撃.html,中央攻撃 (チームスタイル指標),リーグサマリー:2026 J1百年構想リーグ 中央攻撃 (チームスタイル指標) | データによってサッカーはもっと輝く | Football LAB,中央攻撃 (チームスタイル指標),1,指数,31.4,シュート率,35.6,千葉,千葉,千葉
20260530,20260525,j1,2026,右サイド攻撃.html,右サイド攻撃 (チームスタイル指標),リーグサマリー:2026 J1百年構想リーグ 右サイド攻撃 (チームスタイル指標) | データによってサッカーはもっと輝く | Football LAB,右サイド攻撃 (チームスタイル指標),1,指数,73.8,シュート率,13.5,柏,柏,柏
20260530,20260525,j1,2026,右サイド攻撃.html,右サイド攻撃 (チームスタイル指標),リーグサマリー:2026 J1百年構想リーグ 右サイド攻撃 (チームスタイル指標) | データによってサッカーはもっと輝く | Football LAB,右サイド攻撃 (チームスタイル指標),1,指数,64.3,シュート率,15.3,浦和,浦和,浦和
20260530,20260525,j1,2026,右サイド攻撃.html,右サイド攻撃 (チームスタイル指標),リーグサマリー:2026 J1百年構想リーグ 右サイド攻撃 (チームスタイル指標) | データによってサッカーはもっと輝く | Football LAB,右サイド攻撃 (チームスタイル指標),1,指数,63.7,シュート率,13.6,京都,京都,京都
20260530,20260525,j1,2026,右サイド攻撃.html,右サイド攻撃 (チームスタイル指標),リーグサマリー:2026 J1百年構想リーグ 右サイド攻撃 (チームスタイル指標) | データによってサッカーはもっと輝く | Football LAB,右サイド攻撃 (チームスタイル指標),1,指数,63.0,シュート率,15.6,広島,広島,広島
20260530,20260525,j1,2026,右サイド攻撃.html,右サイド攻撃 (チームスタイル指標),リーグサマリー:2026 J1百年構想リーグ 右サイド攻撃 (チームスタイル指標) | データによってサッカーはもっと輝く | Football LAB,右サイド攻撃 (チームスタイル指標),1,指数,54.5,シュート率,9.9,横浜FM,横浜FM,横浜FM
20260530,20260525,j1,2026,右サイド攻撃.html,右サイド攻撃 (チームスタイル指標),リーグサマリー:2026 J1百年構想リーグ 右サイド攻撃 (チームスタイル指標) | データによってサッカーはもっと輝く | Football LAB,右サイド攻撃 (チームスタイル指標),1,指数,52.6,シュート率,5.9,清水,清水,清水
20260530,20260525,j1,2026,右サイド攻撃.html,右サイド攻撃 (チームスタイル指標),リーグサマリー:2026 J1百年構想リーグ 右サイド攻撃 (チームスタイル指標) | データによってサッカーはもっと輝く | Football LAB,右サイド攻撃 (チームスタイル指標),1,指数,51.9,シュート率,11.4,町田,町田,町田
20260530,20260525,j1,2026,右サイド攻撃.html,右サイド攻撃 (チームスタイル指標),リーグサマリー:2026 J1百年構想リーグ 右サイド攻撃 (チームスタイル指標) | データによってサッカーはもっと輝く | Football LAB,右サイド攻撃 (チームスタイル指標),1,指数,51.9,シュート率,10.9,神戸,神戸,神戸
20260530,20260525,j1,2026,右サイド攻撃.html,右サイド攻撃 (チームスタイル指標),リーグサマリー:2026 J1百年構想リーグ 右サイド攻撃 (チームスタイル指標) | データによってサッカーはもっと輝く | Football LAB,右サイド攻撃 (チームスタイル指標),1,指数,50.6,シュート率,13.9,C大阪,Ｃ大阪,Ｃ大阪
20260530,20260525,j1,2026,右サイド攻撃.html,右サイド攻撃 (チームスタイル指標),リーグサマリー:2026 J1百年構想リーグ 右サイド攻撃 (チームスタイル指標) | データによってサッカーはもっと輝く | Football LAB,右サイド攻撃 (チームスタイル指標),1,指数,50.3,シュート率,10.6,G大阪,Ｇ大阪,Ｇ大阪
20260530,20260525,j1,2026,右サイド攻撃.html,右サイド攻撃 (チームスタイル指標),リーグサマリー:2026 J1百年構想リーグ 右サイド攻撃 (チームスタイル指標) | データによってサッカーはもっと輝く | Football LAB,右サイド攻撃 (チームスタイル指標),1,指数,49.9,シュート率,12.4,岡山,岡山,岡山
20260530,20260525,j1,2026,右サイド攻撃.html,右サイド攻撃 (チームスタイル指標),リーグサマリー:2026 J1百年構想リーグ 右サイド攻撃 (チームスタイル指標) | データによってサッカーはもっと輝く | Football LAB,右サイド攻撃 (チームスタイル指標),1,指数,48.3,シュート率,14.5,鹿島,鹿島,鹿島
20260530,20260525,j1,2026,右サイド攻撃.html,右サイド攻撃 (チームスタイル指標),リーグサマリー:2026 J1百年構想リーグ 右サイド攻撃 (チームスタイル指標) | データによってサッカーはもっと輝く | Football LAB,右サイド攻撃 (チームスタイル指標),1,指数,48.0,シュート率,8.1,水戸,水戸,水戸
20260530,20260525,j1,2026,右サイド攻撃.html,右サイド攻撃 (チームスタイル指標),リーグサマリー:2026 J1百年構想リーグ 右サイド攻撃 (チームスタイル指標) | データによってサッカーはもっと輝く | Football LAB,右サイド攻撃 (チームスタイル指標),1,指数,45.3,シュート率,11.6,東京V,東京Ｖ,東京Ｖ
20260530,20260525,j1,2026,右サイド攻撃.html,右サイド攻撃 (チームスタイル指標),リーグサマリー:2026 J1百年構想リーグ 右サイド攻撃 (チームスタイル指標) | データによってサッカーはもっと輝く | Football LAB,右サイド攻撃 (チームスタイル指標),1,指数,41.4,シュート率,13.8,名古屋,名古屋,名古屋
20260530,20260525,j1,2026,右サイド攻撃.html,右サイド攻撃 (チームスタイル指標),リーグサマリー:2026 J1百年構想リーグ 右サイド攻撃 (チームスタイル指標) | データによってサッカーはもっと輝く | Football LAB,右サイド攻撃 (チームスタイル指標),1,指数,40.4,シュート率,15.4,千葉,千葉,千葉
20260530,20260525,j1,2026,右サイド攻撃.html,右サイド攻撃 (チームスタイル指標),リーグサマリー:2026 J1百年構想リーグ 右サイド攻撃 (チームスタイル指標) | データによってサッカーはもっと輝く | Football LAB,右サイド攻撃 (チームスタイル指標),1,指数,39.1,シュート率,12.4,川崎F,川崎Ｆ,川崎Ｆ
20260530,20260525,j1,2026,右サイド攻撃.html,右サイド攻撃 (チームスタイル指標),リーグサマリー:2026 J1百年構想リーグ 右サイド攻撃 (チームスタイル指標) | データによってサッカーはもっと輝く | Football LAB,右サイド攻撃 (チームスタイル指標),1,指数,38.8,シュート率,7.6,長崎,長崎,長崎
20260530,20260525,j1,2026,右サイド攻撃.html,右サイド攻撃 (チームスタイル指標),リーグサマリー:2026 J1百年構想リーグ 右サイド攻撃 (チームスタイル指標) | データによってサッカーはもっと輝く | Football LAB,右サイド攻撃 (チームスタイル指標),1,指数,37.5,シュート率,14.3,FC東京,FC東京,FC東京
20260530,20260525,j1,2026,右サイド攻撃.html,右サイド攻撃 (チームスタイル指標),リーグサマリー:2026 J1百年構想リーグ 右サイド攻撃 (チームスタイル指標) | データによってサッカーはもっと輝く | Football LAB,右サイド攻撃 (チームスタイル指標),1,指数,34.5,シュート率,9.9,福岡,福岡,福岡
20260530,20260525,j1,2026,左サイド攻撃.html,左サイド攻撃 (チームスタイル指標),リーグサマリー:2026 J1百年構想リーグ 左サイド攻撃 (チームスタイル指標) | データによってサッカーはもっと輝く | Football LAB,左サイド攻撃 (チームスタイル指標),1,指数,70.7,シュート率,9.8,清水,清水,清水
20260530,20260525,j1,2026,左サイド攻撃.html,左サイド攻撃 (チームスタイル指標),リーグサマリー:2026 J1百年構想リーグ 左サイド攻撃 (チームスタイル指標) | データによってサッカーはもっと輝く | Football LAB,左サイド攻撃 (チームスタイル指標),1,指数,66.4,シュート率,13.0,岡山,岡山,岡山
20260530,20260525,j1,2026,左サイド攻撃.html,左サイド攻撃 (チームスタイル指標),リーグサマリー:2026 J1百年構想リーグ 左サイド攻撃 (チームスタイル指標) | データによってサッカーはもっと輝く | Football LAB,左サイド攻撃 (チームスタイル指標),1,指数,65.0,シュート率,13.7,川崎F,川崎Ｆ,川崎Ｆ
20260530,20260525,j1,2026,左サイド攻撃.html,左サイド攻撃 (チームスタイル指標),リーグサマリー:2026 J1百年構想リーグ 左サイド攻撃 (チームスタイル指標) | データによってサッカーはもっと輝く | Football LAB,左サイド攻撃 (チームスタイル指標),1,指数,60.7,シュート率,13.6,横浜FM,横浜FM,横浜FM
20260530,20260525,j1,2026,左サイド攻撃.html,左サイド攻撃 (チームスタイル指標),リーグサマリー:2026 J1百年構想リーグ 左サイド攻撃 (チームスタイル指標) | データによってサッカーはもっと輝く | Football LAB,左サイド攻撃 (チームスタイル指標),1,指数,58.4,シュート率,12.6,神戸,神戸,神戸
20260530,20260525,j1,2026,左サイド攻撃.html,左サイド攻撃 (チームスタイル指標),リーグサマリー:2026 J1百年構想リーグ 左サイド攻撃 (チームスタイル指標) | データによってサッカーはもっと輝く | Football LAB,左サイド攻撃 (チームスタイル指標),1,指数,55.3,シュート率,15.2,FC東京,FC東京,FC東京
20260530,20260525,j1,2026,左サイド攻撃.html,左サイド攻撃 (チームスタイル指標),リーグサマリー:2026 J1百年構想リーグ 左サイド攻撃 (チームスタイル指標) | データによってサッカーはもっと輝く | Football LAB,左サイド攻撃 (チームスタイル指標),1,指数,53.0,シュート率,8.4,福岡,福岡,福岡
20260530,20260525,j1,2026,左サイド攻撃.html,左サイド攻撃 (チームスタイル指標),リーグサマリー:2026 J1百年構想リーグ 左サイド攻撃 (チームスタイル指標) | データによってサッカーはもっと輝く | Football LAB,左サイド攻撃 (チームスタイル指標),1,指数,51.0,シュート率,14.1,千葉,千葉,千葉
20260530,20260525,j1,2026,左サイド攻撃.html,左サイド攻撃 (チームスタイル指標),リーグサマリー:2026 J1百年構想リーグ 左サイド攻撃 (チームスタイル指標) | データによってサッカーはもっと輝く | Football LAB,左サイド攻撃 (チームスタイル指標),1,指数,50.3,シュート率,10.9,京都,京都,京都
20260530,20260525,j1,2026,左サイド攻撃.html,左サイド攻撃 (チームスタイル指標),リーグサマリー:2026 J1百年構想リーグ 左サイド攻撃 (チームスタイル指標) | データによってサッカーはもっと輝く | Football LAB,左サイド攻撃 (チームスタイル指標),1,指数,49.6,シュート率,16.0,広島,広島,広島
20260530,20260525,j1,2026,左サイド攻撃.html,左サイド攻撃 (チームスタイル指標),リーグサマリー:2026 J1百年構想リーグ 左サイド攻撃 (チームスタイル指標) | データによってサッカーはもっと輝く | Football LAB,左サイド攻撃 (チームスタイル指標),1,指数,49.0,シュート率,14.0,町田,町田,町田
20260530,20260525,j1,2026,左サイド攻撃.html,左サイド攻撃 (チームスタイル指標),リーグサマリー:2026 J1百年構想リーグ 左サイド攻撃 (チームスタイル指標) | データによってサッカーはもっと輝く | Football LAB,左サイド攻撃 (チームスタイル指標),1,指数,46.3,シュート率,19.3,名古屋,名古屋,名古屋
20260530,20260525,j1,2026,左サイド攻撃.html,左サイド攻撃 (チームスタイル指標),リーグサマリー:2026 J1百年構想リーグ 左サイド攻撃 (チームスタイル指標) | データによってサッカーはもっと輝く | Football LAB,左サイド攻撃 (チームスタイル指標),1,指数,44.6,シュート率,13.9,長崎,長崎,長崎
20260530,20260525,j1,2026,左サイド攻撃.html,左サイド攻撃 (チームスタイル指標),リーグサマリー:2026 J1百年構想リーグ 左サイド攻撃 (チームスタイル指標) | データによってサッカーはもっと輝く | Football LAB,左サイド攻撃 (チームスタイル指標),1,指数,44.3,シュート率,14.5,C大阪,Ｃ大阪,Ｃ大阪
20260530,20260525,j1,2026,左サイド攻撃.html,左サイド攻撃 (チームスタイル指標),リーグサマリー:2026 J1百年構想リーグ 左サイド攻撃 (チームスタイル指標) | データによってサッカーはもっと輝く | Football LAB,左サイド攻撃 (チームスタイル指標),1,指数,43.0,シュート率,11.8,東京V,東京Ｖ,東京Ｖ
20260530,20260525,j1,2026,左サイド攻撃.html,左サイド攻撃 (チームスタイル指標),リーグサマリー:2026 J1百年構想リーグ 左サイド攻撃 (チームスタイル指標) | データによってサッカーはもっと輝く | Football LAB,左サイド攻撃 (チームスタイル指標),1,指数,42.6,シュート率,11.9,柏,柏,柏
20260530,20260525,j1,2026,左サイド攻撃.html,左サイド攻撃 (チームスタイル指標),リーグサマリー:2026 J1百年構想リーグ 左サイド攻撃 (チームスタイル指標) | データによってサッカーはもっと輝く | Football LAB,左サイド攻撃 (チームスタイル指標),1,指数,42.6,シュート率,17.5,G大阪,Ｇ大阪,Ｇ大阪
20260530,20260525,j1,2026,左サイド攻撃.html,左サイド攻撃 (チームスタイル指標),リーグサマリー:2026 J1百年構想リーグ 左サイド攻撃 (チームスタイル指標) | データによってサッカーはもっと輝く | Football LAB,左サイド攻撃 (チームスタイル指標),1,指数,36.6,シュート率,16.2,浦和,浦和,浦和
20260530,20260525,j1,2026,左サイド攻撃.html,左サイド攻撃 (チームスタイル指標),リーグサマリー:2026 J1百年構想リーグ 左サイド攻撃 (チームスタイル指標) | データによってサッカーはもっと輝く | Football LAB,左サイド攻撃 (チームスタイル指標),1,指数,36.6,シュート率,7.0,鹿島,鹿島,鹿島
20260530,20260525,j1,2026,左サイド攻撃.html,左サイド攻撃 (チームスタイル指標),リーグサマリー:2026 J1百年構想リーグ 左サイド攻撃 (チームスタイル指標) | データによってサッカーはもっと輝く | Football LAB,左サイド攻撃 (チームスタイル指標),1,指数,33.9,シュート率,19.4,水戸,水戸,水戸
20260530,20260525,j1,2026,敵陣ポゼッション.html,敵陣ポゼッション (チームスタイル指標),リーグサマリー:2026 J1百年構想リーグ 敵陣ポゼッション (チームスタイル指標) | データによってサッカーはもっと輝く | Football LAB,敵陣ポゼッション (チームスタイル指標),1,指数,69.7,シュート率,19.7,柏,柏,柏
20260530,20260525,j1,2026,敵陣ポゼッション.html,敵陣ポゼッション (チームスタイル指標),リーグサマリー:2026 J1百年構想リーグ 敵陣ポゼッション (チームスタイル指標) | データによってサッカーはもっと輝く | Football LAB,敵陣ポゼッション (チームスタイル指標),1,指数,68.9,シュート率,17.9,川崎F,川崎Ｆ,川崎Ｆ
20260530,20260525,j1,2026,敵陣ポゼッション.html,敵陣ポゼッション (チームスタイル指標),リーグサマリー:2026 J1百年構想リーグ 敵陣ポゼッション (チームスタイル指標) | データによってサッカーはもっと輝く | Football LAB,敵陣ポゼッション (チームスタイル指標),1,指数,64.2,シュート率,25.0,G大阪,Ｇ大阪,Ｇ大阪
20260530,20260525,j1,2026,敵陣ポゼッション.html,敵陣ポゼッション (チームスタイル指標),リーグサマリー:2026 J1百年構想リーグ 敵陣ポゼッション (チームスタイル指標) | データによってサッカーはもっと輝く | Football LAB,敵陣ポゼッション (チームスタイル指標),1,指数,59.0,シュート率,26.3,浦和,浦和,浦和
20260530,20260525,j1,2026,敵陣ポゼッション.html,敵陣ポゼッション (チームスタイル指標),リーグサマリー:2026 J1百年構想リーグ 敵陣ポゼッション (チームスタイル指標) | データによってサッカーはもっと輝く | Football LAB,敵陣ポゼッション (チームスタイル指標),1,指数,58.3,シュート率,30.2,広島,広島,広島
20260530,20260525,j1,2026,敵陣ポゼッション.html,敵陣ポゼッション (チームスタイル指標),リーグサマリー:2026 J1百年構想リーグ 敵陣ポゼッション (チームスタイル指標) | データによってサッカーはもっと輝く | Football LAB,敵陣ポゼッション (チームスタイル指標),1,指数,55.0,シュート率,18.7,神戸,神戸,神戸
20260530,20260525,j1,2026,敵陣ポゼッション.html,敵陣ポゼッション (チームスタイル指標),リーグサマリー:2026 J1百年構想リーグ 敵陣ポゼッション (チームスタイル指標) | データによってサッカーはもっと輝く | Football LAB,敵陣ポゼッション (チームスタイル指標),1,指数,53.5,シュート率,24.3,町田,町田,町田
20260530,20260525,j1,2026,敵陣ポゼッション.html,敵陣ポゼッション (チームスタイル指標),リーグサマリー:2026 J1百年構想リーグ 敵陣ポゼッション (チームスタイル指標) | データによってサッカーはもっと輝く | Football LAB,敵陣ポゼッション (チームスタイル指標),1,指数,51.0,シュート率,17.7,鹿島,鹿島,鹿島
20260530,20260525,j1,2026,敵陣ポゼッション.html,敵陣ポゼッション (チームスタイル指標),リーグサマリー:2026 J1百年構想リーグ 敵陣ポゼッション (チームスタイル指標) | データによってサッカーはもっと輝く | Football LAB,敵陣ポゼッション (チームスタイル指標),1,指数,50.6,シュート率,24.2,水戸,水戸,水戸
20260530,20260525,j1,2026,敵陣ポゼッション.html,敵陣ポゼッション (チームスタイル指標),リーグサマリー:2026 J1百年構想リーグ 敵陣ポゼッション (チームスタイル指標) | データによってサッカーはもっと輝く | Football LAB,敵陣ポゼッション (チームスタイル指標),1,指数,50.2,シュート率,23.4,名古屋,名古屋,名古屋
20260530,20260525,j1,2026,敵陣ポゼッション.html,敵陣ポゼッション (チームスタイル指標),リーグサマリー:2026 J1百年構想リーグ 敵陣ポゼッション (チームスタイル指標) | データによってサッカーはもっと輝く | Football LAB,敵陣ポゼッション (チームスタイル指標),1,指数,48.8,シュート率,23.3,FC東京,FC東京,FC東京
20260530,20260525,j1,2026,敵陣ポゼッション.html,敵陣ポゼッション (チームスタイル指標),リーグサマリー:2026 J1百年構想リーグ 敵陣ポゼッション (チームスタイル指標) | データによってサッカーはもっと輝く | Football LAB,敵陣ポゼッション (チームスタイル指標),1,指数,46.5,シュート率,22.6,C大阪,Ｃ大阪,Ｃ大阪
20260530,20260525,j1,2026,敵陣ポゼッション.html,敵陣ポゼッション (チームスタイル指標),リーグサマリー:2026 J1百年構想リーグ 敵陣ポゼッション (チームスタイル指標) | データによってサッカーはもっと輝く | Football LAB,敵陣ポゼッション (チームスタイル指標),1,指数,46.2,シュート率,19.3,清水,清水,清水
20260530,20260525,j1,2026,敵陣ポゼッション.html,敵陣ポゼッション (チームスタイル指標),リーグサマリー:2026 J1百年構想リーグ 敵陣ポゼッション (チームスタイル指標) | データによってサッカーはもっと輝く | Football LAB,敵陣ポゼッション (チームスタイル指標),1,指数,44.7,シュート率,21.5,福岡,福岡,福岡
20260530,20260525,j1,2026,敵陣ポゼッション.html,敵陣ポゼッション (チームスタイル指標),リーグサマリー:2026 J1百年構想リーグ 敵陣ポゼッション (チームスタイル指標) | データによってサッカーはもっと輝く | Football LAB,敵陣ポゼッション (チームスタイル指標),1,指数,42.9,シュート率,21.6,長崎,長崎,長崎
20260530,20260525,j1,2026,敵陣ポゼッション.html,敵陣ポゼッション (チームスタイル指標),リーグサマリー:2026 J1百年構想リーグ 敵陣ポゼッション (チームスタイル指標) | データによってサッカーはもっと輝く | Football LAB,敵陣ポゼッション (チームスタイル指標),1,指数,42.5,シュート率,16.4,横浜FM,横浜FM,横浜FM
20260530,20260525,j1,2026,敵陣ポゼッション.html,敵陣ポゼッション (チームスタイル指標),リーグサマリー:2026 J1百年構想リーグ 敵陣ポゼッション (チームスタイル指標) | データによってサッカーはもっと輝く | Football LAB,敵陣ポゼッション (チームスタイル指標),1,指数,39.6,シュート率,21.5,千葉,千葉,千葉
20260530,20260525,j1,2026,敵陣ポゼッション.html,敵陣ポゼッション (チームスタイル指標),リーグサマリー:2026 J1百年構想リーグ 敵陣ポゼッション (チームスタイル指標) | データによってサッカーはもっと輝く | Football LAB,敵陣ポゼッション (チームスタイル指標),1,指数,39.2,シュート率,25.0,京都,京都,京都
20260530,20260525,j1,2026,敵陣ポゼッション.html,敵陣ポゼッション (チームスタイル指標),リーグサマリー:2026 J1百年構想リーグ 敵陣ポゼッション (チームスタイル指標) | データによってサッカーはもっと輝く | Football LAB,敵陣ポゼッション (チームスタイル指標),1,指数,35.5,シュート率,16.7,東京V,東京Ｖ,東京Ｖ
20260530,20260525,j1,2026,敵陣ポゼッション.html,敵陣ポゼッション (チームスタイル指標),リーグサマリー:2026 J1百年構想リーグ 敵陣ポゼッション (チームスタイル指標) | データによってサッカーはもっと輝く | Football LAB,敵陣ポゼッション (チームスタイル指標),1,指数,33.7,シュート率,18.4,岡山,岡山,岡山
20260530,20260525,j1,2026,自陣ポゼッション.html,自陣ポゼッション (チームスタイル指標),リーグサマリー:2026 J1百年構想リーグ 自陣ポゼッション (チームスタイル指標) | データによってサッカーはもっと輝く | Football LAB,自陣ポゼッション (チームスタイル指標),1,指数,67.4,シュート率,8.4,柏,柏,柏
20260530,20260525,j1,2026,自陣ポゼッション.html,自陣ポゼッション (チームスタイル指標),リーグサマリー:2026 J1百年構想リーグ 自陣ポゼッション (チームスタイル指標) | データによってサッカーはもっと輝く | Football LAB,自陣ポゼッション (チームスタイル指標),1,指数,66.3,シュート率,6.5,鹿島,鹿島,鹿島
20260530,20260525,j1,2026,自陣ポゼッション.html,自陣ポゼッション (チームスタイル指標),リーグサマリー:2026 J1百年構想リーグ 自陣ポゼッション (チームスタイル指標) | データによってサッカーはもっと輝く | Football LAB,自陣ポゼッション (チームスタイル指標),1,指数,64.1,シュート率,6.4,水戸,水戸,水戸
20260530,20260525,j1,2026,自陣ポゼッション.html,自陣ポゼッション (チームスタイル指標),リーグサマリー:2026 J1百年構想リーグ 自陣ポゼッション (チームスタイル指標) | データによってサッカーはもっと輝く | Football LAB,自陣ポゼッション (チームスタイル指標),1,指数,63.6,シュート率,9.7,FC東京,FC東京,FC東京
20260530,20260525,j1,2026,自陣ポゼッション.html,自陣ポゼッション (チームスタイル指標),リーグサマリー:2026 J1百年構想リーグ 自陣ポゼッション (チームスタイル指標) | データによってサッカーはもっと輝く | Football LAB,自陣ポゼッション (チームスタイル指標),1,指数,59.1,シュート率,5.2,千葉,千葉,千葉
20260530,20260525,j1,2026,自陣ポゼッション.html,自陣ポゼッション (チームスタイル指標),リーグサマリー:2026 J1百年構想リーグ 自陣ポゼッション (チームスタイル指標) | データによってサッカーはもっと輝く | Football LAB,自陣ポゼッション (チームスタイル指標),1,指数,53.3,シュート率,6.9,名古屋,名古屋,名古屋
20260530,20260525,j1,2026,自陣ポゼッション.html,自陣ポゼッション (チームスタイル指標),リーグサマリー:2026 J1百年構想リーグ 自陣ポゼッション (チームスタイル指標) | データによってサッカーはもっと輝く | Football LAB,自陣ポゼッション (チームスタイル指標),1,指数,52.9,シュート率,8.9,川崎F,川崎Ｆ,川崎Ｆ
20260530,20260525,j1,2026,自陣ポゼッション.html,自陣ポゼッション (チームスタイル指標),リーグサマリー:2026 J1百年構想リーグ 自陣ポゼッション (チームスタイル指標) | データによってサッカーはもっと輝く | Football LAB,自陣ポゼッション (チームスタイル指標),1,指数,52.2,シュート率,3.9,C大阪,Ｃ大阪,Ｃ大阪
20260530,20260525,j1,2026,自陣ポゼッション.html,自陣ポゼッション (チームスタイル指標),リーグサマリー:2026 J1百年構想リーグ 自陣ポゼッション (チームスタイル指標) | データによってサッカーはもっと輝く | Football LAB,自陣ポゼッション (チームスタイル指標),1,指数,51.5,シュート率,11.3,浦和,浦和,浦和
20260530,20260525,j1,2026,自陣ポゼッション.html,自陣ポゼッション (チームスタイル指標),リーグサマリー:2026 J1百年構想リーグ 自陣ポゼッション (チームスタイル指標) | データによってサッカーはもっと輝く | Football LAB,自陣ポゼッション (チームスタイル指標),1,指数,51.3,シュート率,5.4,東京V,東京Ｖ,東京Ｖ
20260530,20260525,j1,2026,自陣ポゼッション.html,自陣ポゼッション (チームスタイル指標),リーグサマリー:2026 J1百年構想リーグ 自陣ポゼッション (チームスタイル指標) | データによってサッカーはもっと輝く | Football LAB,自陣ポゼッション (チームスタイル指標),1,指数,49.7,シュート率,7.1,町田,町田,町田
20260530,20260525,j1,2026,自陣ポゼッション.html,自陣ポゼッション (チームスタイル指標),リーグサマリー:2026 J1百年構想リーグ 自陣ポゼッション (チームスタイル指標) | データによってサッカーはもっと輝く | Football LAB,自陣ポゼッション (チームスタイル指標),1,指数,48.4,シュート率,6.0,横浜FM,横浜FM,横浜FM
20260530,20260525,j1,2026,自陣ポゼッション.html,自陣ポゼッション (チームスタイル指標),リーグサマリー:2026 J1百年構想リーグ 自陣ポゼッション (チームスタイル指標) | データによってサッカーはもっと輝く | Football LAB,自陣ポゼッション (チームスタイル指標),1,指数,47.0,シュート率,6.4,長崎,長崎,長崎
20260530,20260525,j1,2026,自陣ポゼッション.html,自陣ポゼッション (チームスタイル指標),リーグサマリー:2026 J1百年構想リーグ 自陣ポゼッション (チームスタイル指標) | データによってサッカーはもっと輝く | Football LAB,自陣ポゼッション (チームスタイル指標),1,指数,43.3,シュート率,10.5,G大阪,Ｇ大阪,Ｇ大阪
20260530,20260525,j1,2026,自陣ポゼッション.html,自陣ポゼッション (チームスタイル指標),リーグサマリー:2026 J1百年構想リーグ 自陣ポゼッション (チームスタイル指標) | データによってサッカーはもっと輝く | Football LAB,自陣ポゼッション (チームスタイル指標),1,指数,43.0,シュート率,5.8,神戸,神戸,神戸
20260530,20260525,j1,2026,自陣ポゼッション.html,自陣ポゼッション (チームスタイル指標),リーグサマリー:2026 J1百年構想リーグ 自陣ポゼッション (チームスタイル指標) | データによってサッカーはもっと輝く | Football LAB,自陣ポゼッション (チームスタイル指標),1,指数,40.6,シュート率,7.8,京都,京都,京都
20260530,20260525,j1,2026,自陣ポゼッション.html,自陣ポゼッション (チームスタイル指標),リーグサマリー:2026 J1百年構想リーグ 自陣ポゼッション (チームスタイル指標) | データによってサッカーはもっと輝く | Football LAB,自陣ポゼッション (チームスタイル指標),1,指数,39.9,シュート率,7.0,広島,広島,広島
20260530,20260525,j1,2026,自陣ポゼッション.html,自陣ポゼッション (チームスタイル指標),リーグサマリー:2026 J1百年構想リーグ 自陣ポゼッション (チームスタイル指標) | データによってサッカーはもっと輝く | Football LAB,自陣ポゼッション (チームスタイル指標),1,指数,37.9,シュート率,2.7,福岡,福岡,福岡
20260530,20260525,j1,2026,自陣ポゼッション.html,自陣ポゼッション (チームスタイル指標),リーグサマリー:2026 J1百年構想リーグ 自陣ポゼッション (チームスタイル指標) | データによってサッカーはもっと輝く | Football LAB,自陣ポゼッション (チームスタイル指標),1,指数,35.2,シュート率,5.0,清水,清水,清水
20260530,20260525,j1,2026,自陣ポゼッション.html,自陣ポゼッション (チームスタイル指標),リーグサマリー:2026 J1百年構想リーグ 自陣ポゼッション (チームスタイル指標) | データによってサッカーはもっと輝く | Football LAB,自陣ポゼッション (チームスタイル指標),1,指数,33.4,シュート率,18.0,岡山,岡山,岡山
