節,match_id,datetime,stadium,home_team,away_team,home_score,away_score
第１節第１日,j2_2026_08081450_札幌_徳島,2026-08-08 14:50:00,プレド,札幌,徳島,2.0,0.0
第５節第２日,j2_2026_09061303_札幌_栃木C,2026-09-06 13:03:00,札幌厚別,札幌,栃木Ｃ,1.0,4.0
第６節第１日,j2_2026_09121805_秋田_徳島,2026-09-12 18:05:00,ソユスタ,秋田,徳島,4.0,1.0
第６節第１日,j2_2026_09121804_いわき_横浜FC,2026-09-12 18:04:00,ハワスタ,いわき,横浜FC,2.0,0.0
第５節第２日,j2_2026_09061903_磐田_富山,2026-09-06 19:03:00,ヤマハ,磐田,富山,0.0,1.0
第５節第２日,j2_2026_09061903_大分_今治,2026-09-06 19:03:00,クラド,大分,今治,1.0,1.0
第５節第２日,j2_2026_09061803_秋田_大宮,2026-09-06 18:03:00,ソユスタ,秋田,大宮,0.0,0.0
第５節第２日,j2_2026_09061803_横浜FC_新潟,2026-09-06 18:03:00,ニッパツ,横浜FC,新潟,5.0,0.0
第５節第１日,j2_2026_09051903_湘南_仙台,2026-09-05 19:03:00,レモンＳ,湘南,仙台,1.0,3.0
第６節第１日,j2_2026_09121903_大宮_大分,2026-09-12 19:03:00,ＮＡＣＫ,大宮,大分,0.0,0.0
第５節第１日,j2_2026_09051903_山形_甲府,2026-09-05 19:03:00,ＮＤスタ,山形,甲府,1.0,2.0
第５節第１日,j2_2026_09051903_鳥栖_宮崎,2026-09-05 19:03:00,駅スタ,鳥栖,宮崎,2.0,0.0
第５節第１日,j2_2026_09051903_徳島_いわき,2026-09-05 19:03:00,鳴門大塚,徳島,いわき,1.0,0.0
第５節第１日,j2_2026_09051833_藤枝_八戸,2026-09-05 18:33:00,藤枝サ,藤枝,八戸,0.0,0.0
第４節第１日,j2_2026_08291904_大宮_湘南,2026-08-29 19:04:00,ＮＡＣＫ,大宮,湘南,2.0,2.0
第４節第１日,j2_2026_08291903_徳島_大分,2026-08-29 19:03:00,鳴門大塚,徳島,大分,1.0,0.0
第６節第１日,j2_2026_09121835_富山_栃木C,2026-09-12 18:35:00,富山,富山,栃木Ｃ,0.0,0.0
第６節第１日,j2_2026_09121904_今治_鳥栖,2026-09-12 19:04:00,アシさと,今治,鳥栖,1.0,0.0
第４節第１日,j2_2026_08291903_仙台_宮崎,2026-08-29 19:03:00,ユアスタ,仙台,宮崎,4.0,2.0
第７節第２日,j2_2026_09191903_鳥栖_いわき,2026-09-19 19:03:00,駅スタ,鳥栖,いわき,1.0,3.0
第１節第１日,j2_2026_08081833_八戸_富山,2026-08-08 18:33:00,プラスタ,八戸,富山,2.0,0.0
第７節第３日,j2_2026_09201704_栃木C_仙台,2026-09-20 17:04:00,ＣＦＳ,栃木Ｃ,仙台,1.0,3.0
第７節第２日,j2_2026_09191903_山形_富山,2026-09-19 19:03:00,ＮＤスタ,山形,富山,0.0,2.0
第７節第２日,j2_2026_09191903_横浜FC_今治,2026-09-19 19:03:00,ニッパツ,横浜FC,今治,2.0,1.0
第７節第２日,j2_2026_09191903_甲府_徳島,2026-09-19 19:03:00,ＪＩＴス,甲府,徳島,0.0,1.0
第７節第２日,j2_2026_09191903_新潟_磐田,2026-09-19 19:03:00,デンカＳ,新潟,磐田,2.0,1.0
第７節第２日,j2_2026_09191903_湘南_秋田,2026-09-19 19:03:00,レモンＳ,湘南,秋田,1.0,1.0
第６節第１日,j2_2026_09121905_宮崎_藤枝,2026-09-12 19:05:00,いちご,宮崎,藤枝,3.0,2.0
第７節第２日,j2_2026_09191833_藤枝_大宮,2026-09-19 18:33:00,藤枝サ,藤枝,大宮,1.0,1.0
第７節第２日,j2_2026_09191404_札幌_大分,2026-09-19 14:04:00,プレド,札幌,大分,1.0,1.0
第７節第１日,j2_2026_09181303_八戸_宮崎,2026-09-18 13:03:00,プラスタ,八戸,宮崎,0.0,3.0
第６節第２日,j2_2026_09131806_仙台_札幌,2026-09-13 18:06:00,ユアスタ,仙台,札幌,1.0,1.0
第６節第２日,j2_2026_09131805_新潟_山形,2026-09-13 18:05:00,デンカＳ,新潟,山形,1.0,0.0
第６節第１日,j2_2026_09121905_甲府_磐田,2026-09-12 19:05:00,ＪＩＴス,甲府,磐田,0.0,1.0
第４節第１日,j2_2026_08291903_今治_山形,2026-08-29 19:03:00,アシさと,今治,山形,0.0,3.0
第６節第１日,j2_2026_09121835_八戸_湘南,2026-09-12 18:35:00,プラスタ,八戸,湘南,0.0,1.0
第４節第１日,j2_2026_08291903_甲府_札幌,2026-08-29 19:03:00,ＪＩＴス,甲府,札幌,2.0,1.0
第２節第２日,j2_2026_08161803_横浜FC_磐田,2026-08-16 18:03:00,MUFG国立,横浜FC,磐田,3.0,1.0
第２節第１日,j2_2026_08151903_仙台_大分,2026-08-15 19:03:00,ユアスタ,仙台,大分,0.0,0.0
第２節第１日,j2_2026_08151903_今治_大宮,2026-08-15 19:03:00,アシさと,今治,大宮,2.0,3.0
第２節第１日,j2_2026_08151903_新潟_札幌,2026-08-15 19:03:00,デンカＳ,新潟,札幌,2.0,1.0
第２節第１日,j2_2026_08151903_湘南_山形,2026-08-15 19:03:00,レモンＳ,湘南,山形,1.0,0.0
第２節第１日,j2_2026_08151833_藤枝_いわき,2026-08-15 18:33:00,藤枝サ,藤枝,いわき,3.0,1.0
第２節第１日,j2_2026_08151803_秋田_富山,2026-08-15 18:03:00,ソユスタ,秋田,富山,0.0,4.0
第１節第２日,j2_2026_08091904_山形_栃木C,2026-08-09 19:04:00,ＮＤスタ,山形,栃木Ｃ,2.0,0.0
第１節第２日,j2_2026_08091807_いわき_今治,2026-08-09 18:07:00,ハワスタ,いわき,今治,2.0,1.0
第１節第１日,j2_2026_08081937_鳥栖_甲府,2026-08-08 19:37:00,駅スタ,鳥栖,甲府,2.0,0.0
第１節第１日,j2_2026_08081905_大分_湘南,2026-08-08 19:05:00,クラド,大分,湘南,0.0,1.0
第１節第１日,j2_2026_08081903_宮崎_横浜FC,2026-08-08 19:03:00,いちご,宮崎,横浜FC,0.0,1.0
第１節第１日,j2_2026_08081903_磐田_秋田,2026-08-08 19:03:00,ヤマハ,磐田,秋田,1.0,1.0
第１節第１日,j2_2026_08081903_大宮_新潟,2026-08-08 19:03:00,ＮＡＣＫ,大宮,新潟,1.0,0.0
第４節第１日,j2_2026_08291903_横浜FC_鳥栖,2026-08-29 19:03:00,ニッパツ,横浜FC,鳥栖,2.0,2.0
第１節第１日,j2_2026_08081833_藤枝_仙台,2026-08-08 18:33:00,藤枝サ,藤枝,仙台,2.0,0.0
第２節第１日,j2_2026_08151903_甲府_宮崎,2026-08-15 19:03:00,ＪＩＴス,甲府,宮崎,1.0,1.0
第２節第１日,j2_2026_08151803_栃木C_八戸,2026-08-15 18:03:00,ＣＦＳ,栃木Ｃ,八戸,5.0,0.0
第４節第１日,j2_2026_08291833_八戸_秋田,2026-08-29 18:33:00,プラスタ,八戸,秋田,1.0,0.0
第３節第１日,j2_2026_08221903_山形_横浜FC,2026-08-22 19:03:00,ＮＤスタ,山形,横浜FC,2.0,0.0
第４節第１日,j2_2026_08291833_富山_藤枝,2026-08-29 18:33:00,富山,富山,藤枝,2.0,3.0
第２節第２日,j2_2026_08161903_徳島_鳥栖,2026-08-16 19:03:00,鳴門大塚,徳島,鳥栖,0.0,0.0
第４節第１日,j2_2026_08291803_いわき_新潟,2026-08-29 18:03:00,ハワスタ,いわき,新潟,2.0,3.0
第４節第１日,j2_2026_08291803_栃木C_磐田,2026-08-29 18:03:00,ＣＦＳ,栃木Ｃ,磐田,1.0,3.0
第３節第１日,j2_2026_08221906_鳥栖_栃木C,2026-08-22 19:06:00,駅スタ,鳥栖,栃木Ｃ,1.0,3.0
第３節第１日,j2_2026_08221903_磐田_徳島,2026-08-22 19:03:00,ヤマハ,磐田,徳島,2.0,1.0
第３節第１日,j2_2026_08221905_大分_いわき,2026-08-22 19:05:00,クラド,大分,いわき,4.0,1.0
第３節第１日,j2_2026_08221903_宮崎_湘南,2026-08-22 19:03:00,いちご,宮崎,湘南,0.0,0.0
第３節第１日,j2_2026_08221903_新潟_藤枝,2026-08-22 19:03:00,デンカＳ,新潟,藤枝,1.0,0.0
第３節第１日,j2_2026_08221833_富山_今治,2026-08-22 18:33:00,富山,富山,今治,4.0,0.0
第３節第１日,j2_2026_08221803_秋田_甲府,2026-08-22 18:03:00,ソユスタ,秋田,甲府,3.0,0.0
第３節第１日,j2_2026_08221703_八戸_仙台,2026-08-22 17:03:00,プラスタ,八戸,仙台,0.0,2.0
第３節第１日,j2_2026_08221504_札幌_大宮,2026-08-22 15:04:00,プレド,札幌,大宮,1.0,4.0
第２８節第１日,j2_2026_03200000_いわき_大分,2027-03-20 00:00:00,ハワスタ,いわき,大分,,
第２９節第１日,j2_2026_03270000_八戸_大分,2027-03-27 00:00:00,●未定●,八戸,大分,,
第２８節第１日,j2_2026_03200000_今治_栃木C,2027-03-20 00:00:00,アシさと,今治,栃木Ｃ,,
第２８節第１日,j2_2026_03200000_徳島_新潟,2027-03-20 00:00:00,鳴門大塚,徳島,新潟,,
第２８節第１日,j2_2026_03200000_磐田_宮崎,2027-03-20 00:00:00,ヤマハ,磐田,宮崎,,
第２８節第１日,j2_2026_03200000_富山_鳥栖,2027-03-20 00:00:00,富山,富山,鳥栖,,
第２８節第１日,j2_2026_03200000_横浜FC_湘南,2027-03-20 00:00:00,ニッパツ,横浜FC,湘南,,
第２８節第１日,j2_2026_03200000_大宮_秋田,2027-03-20 00:00:00,ＮＡＣＫ,大宮,秋田,,
第２７節第１日,j2_2026_03170000_藤枝_鳥栖,2027-03-17 00:00:00,藤枝サ,藤枝,鳥栖,,
第２８節第１日,j2_2026_03200000_仙台_藤枝,2027-03-20 00:00:00,ユアスタ,仙台,藤枝,,
第２８節第１日,j2_2026_03200000_八戸_甲府,2027-03-20 00:00:00,プラスタ,八戸,甲府,,
第２８節第１日,j2_2026_03200000_札幌_山形,2027-03-20 00:00:00,プレド,札幌,山形,,
第２７節第１日,j2_2026_03170000_大分_札幌,2027-03-17 00:00:00,クラド,大分,札幌,,
第２７節第１日,j2_2026_03170000_今治_仙台,2027-03-17 00:00:00,アシさと,今治,仙台,,
第２７節第１日,j2_2026_03170000_徳島_大宮,2027-03-17 00:00:00,鳴門大塚,徳島,大宮,,
第２９節第１日,j2_2026_03270000_山形_今治,2027-03-27 00:00:00,ＮＤスタ,山形,今治,,
第２９節第１日,j2_2026_03270000_秋田_仙台,2027-03-27 00:00:00,ソユスタ,秋田,仙台,,
第３０節第１日,j2_2026_04030000_大分_鳥栖,2027-04-03 00:00:00,クラド,大分,鳥栖,,
第２９節第１日,j2_2026_03270000_栃木C_富山,2027-03-27 00:00:00,ＣＦＳ,栃木Ｃ,富山,,
第３０節第１日,j2_2026_04030000_いわき_湘南,2027-04-03 00:00:00,ハワスタ,いわき,湘南,,
第２７節第１日,j2_2026_03170000_新潟_湘南,2027-03-17 00:00:00,デンカＳ,新潟,湘南,,
第３１節第１日,j2_2026_04100000_八戸_大宮,2027-04-10 00:00:00,●未定●,八戸,大宮,,
第３０節第１日,j2_2026_04030000_今治_新潟,2027-04-03 00:00:00,アシさと,今治,新潟,,
第３０節第１日,j2_2026_04030000_徳島_山形,2027-04-03 00:00:00,鳴門大塚,徳島,山形,,
第３０節第１日,j2_2026_04030000_磐田_横浜FC,2027-04-03 00:00:00,エコパ,磐田,横浜FC,,
第３０節第１日,j2_2026_04030000_富山_八戸,2027-04-03 00:00:00,富山,富山,八戸,,
第３０節第１日,j2_2026_04030000_大宮_藤枝,2027-04-03 00:00:00,ＮＡＣＫ,大宮,藤枝,,
第３０節第１日,j2_2026_04030000_秋田_宮崎,2027-04-03 00:00:00,ソユスタ,秋田,宮崎,,
第２９節第１日,j2_2026_03270000_湘南_札幌,2027-03-27 00:00:00,レモンＳ,湘南,札幌,,
第３０節第１日,j2_2026_04030000_仙台_栃木C,2027-04-03 00:00:00,ユアスタ,仙台,栃木Ｃ,,
第３０節第１日,j2_2026_04030000_札幌_甲府,2027-04-03 00:00:00,プレド,札幌,甲府,,
第２９節第１日,j2_2026_03270000_宮崎_徳島,2027-03-27 00:00:00,いちご,宮崎,徳島,,
第２９節第１日,j2_2026_03270000_鳥栖_磐田,2027-03-27 00:00:00,駅スタ,鳥栖,磐田,,
第２９節第１日,j2_2026_03270000_藤枝_横浜FC,2027-03-27 00:00:00,藤枝サ,藤枝,横浜FC,,
第２９節第１日,j2_2026_03270000_新潟_いわき,2027-03-27 00:00:00,デンカＳ,新潟,いわき,,
第２９節第１日,j2_2026_03270000_甲府_大宮,2027-03-27 00:00:00,ＪＩＴス,甲府,大宮,,
第２７節第１日,j2_2026_03170000_富山_いわき,2027-03-17 00:00:00,富山,富山,いわき,,
第２４節第１日,j2_2026_02270000_札幌_八戸,2027-02-27 00:00:00,プレド,札幌,八戸,,
第２７節第１日,j2_2026_03170000_甲府_山形,2027-03-17 00:00:00,ＪＩＴス,甲府,山形,,
第２４節第１日,j2_2026_02270000_甲府_湘南,2027-02-27 00:00:00,ＪＩＴス,甲府,湘南,,
第２５節第１日,j2_2026_03060000_いわき_宮崎,2027-03-06 00:00:00,ハワスタ,いわき,宮崎,,
第２５節第１日,j2_2026_03060000_仙台_横浜FC,2027-03-06 00:00:00,ユアスタ,仙台,横浜FC,,
第２５節第１日,j2_2026_03060000_八戸_今治,2027-03-06 00:00:00,プラスタ,八戸,今治,,
第２４節第１日,j2_2026_02270000_宮崎_新潟,2027-02-27 00:00:00,いちご,宮崎,新潟,,
第２４節第１日,j2_2026_02270000_今治_富山,2027-02-27 00:00:00,アシさと,今治,富山,,
第２４節第１日,j2_2026_02270000_徳島_秋田,2027-02-27 00:00:00,鳴門大塚,徳島,秋田,,
第２４節第１日,j2_2026_02270000_藤枝_大分,2027-02-27 00:00:00,藤枝サ,藤枝,大分,,
第２４節第１日,j2_2026_02270000_横浜FC_山形,2027-02-27 00:00:00,ニッパツ,横浜FC,山形,,
第２７節第１日,j2_2026_03170000_横浜FC_宮崎,2027-03-17 00:00:00,ニッパツ,横浜FC,宮崎,,
第２４節第１日,j2_2026_02270000_大宮_磐田,2027-02-27 00:00:00,ＮＡＣＫ,大宮,磐田,,
第２４節第１日,j2_2026_02270000_栃木C_鳥栖,2027-02-27 00:00:00,ＣＦＳ,栃木Ｃ,鳥栖,,
第２４節第１日,j2_2026_02270000_仙台_いわき,2027-02-27 00:00:00,ユアスタ,仙台,いわき,,
第３１節第１日,j2_2026_04100000_横浜FC_徳島,2027-04-10 00:00:00,ニッパツ,横浜FC,徳島,,
第２３節第１日,j2_2026_02200000_宮崎_山形,2027-02-20 00:00:00,いちご,宮崎,山形,,
第２３節第１日,j2_2026_02200000_大分_仙台,2027-02-20 00:00:00,クラド,大分,仙台,,
第２３節第１日,j2_2026_02200000_鳥栖_新潟,2027-02-20 00:00:00,駅スタ,鳥栖,新潟,,
第２５節第１日,j2_2026_03060000_大宮_札幌,2027-03-06 00:00:00,ＮＡＣＫ,大宮,札幌,,
第２５節第１日,j2_2026_03060000_湘南_徳島,2027-03-06 00:00:00,レモンＳ,湘南,徳島,,
第２５節第１日,j2_2026_03060000_甲府_大分,2027-03-06 00:00:00,ＪＩＴス,甲府,大分,,
第２５節第１日,j2_2026_03060000_新潟_栃木C,2027-03-06 00:00:00,デンカＳ,新潟,栃木Ｃ,,
第２７節第１日,j2_2026_03170000_秋田_磐田,2027-03-17 00:00:00,ソユスタ,秋田,磐田,,
第２７節第１日,j2_2026_03170000_八戸_栃木C,2027-03-17 00:00:00,プラスタ,八戸,栃木Ｃ,,
第２６節第１日,j2_2026_03130000_宮崎_甲府,2027-03-13 00:00:00,いちご,宮崎,甲府,,
第２６節第１日,j2_2026_03130000_大分_磐田,2027-03-13 00:00:00,クラド,大分,磐田,,
第２６節第１日,j2_2026_03130000_鳥栖_今治,2027-03-13 00:00:00,駅スタ,鳥栖,今治,,
第２６節第１日,j2_2026_03130000_藤枝_富山,2027-03-13 00:00:00,藤枝サ,藤枝,富山,,
第２６節第１日,j2_2026_03130000_湘南_大宮,2027-03-13 00:00:00,レモンＳ,湘南,大宮,,
第２６節第１日,j2_2026_03130000_栃木C_徳島,2027-03-13 00:00:00,ＣＦＳ,栃木Ｃ,徳島,,
第２６節第１日,j2_2026_03130000_山形_新潟,2027-03-13 00:00:00,ＮＤスタ,山形,新潟,,
第２６節第１日,j2_2026_03130000_秋田_いわき,2027-03-13 00:00:00,ソユスタ,秋田,いわき,,
第２６節第１日,j2_2026_03130000_仙台_八戸,2027-03-13 00:00:00,ユアスタ,仙台,八戸,,
第２６節第１日,j2_2026_03130000_札幌_横浜FC,2027-03-13 00:00:00,プレド,札幌,横浜FC,,
第２５節第１日,j2_2026_03060000_鳥栖_山形,2027-03-06 00:00:00,駅スタ,鳥栖,山形,,
第２５節第１日,j2_2026_03060000_磐田_藤枝,2027-03-06 00:00:00,ヤマハ,磐田,藤枝,,
第２５節第１日,j2_2026_03060000_富山_秋田,2027-03-06 00:00:00,富山,富山,秋田,,
第３１節第１日,j2_2026_04100000_栃木C_山形,2027-04-10 00:00:00,ＣＦＳ,栃木Ｃ,山形,,
第３４節第１日,j2_2026_04290000_新潟_横浜FC,2027-04-29 00:00:00,デンカＳ,新潟,横浜FC,,
第３１節第１日,j2_2026_04100000_湘南_藤枝,2027-04-10 00:00:00,レモンＳ,湘南,藤枝,,
第３６節第１日,j2_2026_05090000_いわき_八戸,2027-05-09 00:00:00,ハワスタ,いわき,八戸,,
第３６節第１日,j2_2026_05090000_今治_藤枝,2027-05-09 00:00:00,アシさと,今治,藤枝,,
第３６節第１日,j2_2026_05090000_徳島_仙台,2027-05-09 00:00:00,鳴門大塚,徳島,仙台,,
第３６節第１日,j2_2026_05090000_富山_甲府,2027-05-09 00:00:00,富山,富山,甲府,,
第３６節第１日,j2_2026_05090000_新潟_大分,2027-05-09 00:00:00,デンカＳ,新潟,大分,,
第３６節第１日,j2_2026_05090000_湘南_宮崎,2027-05-09 00:00:00,レモンＳ,湘南,宮崎,,
第３６節第１日,j2_2026_05090000_横浜FC_栃木C,2027-05-09 00:00:00,ニッパツ,横浜FC,栃木Ｃ,,
第３６節第１日,j2_2026_05090000_大宮_鳥栖,2027-05-09 00:00:00,ＮＡＣＫ,大宮,鳥栖,,
第３６節第１日,j2_2026_05090000_山形_秋田,2027-05-09 00:00:00,ＮＤスタ,山形,秋田,,
第３５節第１日,j2_2026_05030000_山形_湘南,2027-05-03 00:00:00,ＮＤスタ,山形,湘南,,
第３６節第１日,j2_2026_05090000_札幌_磐田,2027-05-09 00:00:00,プレド,札幌,磐田,,
第３５節第１日,j2_2026_05030000_宮崎_富山,2027-05-03 00:00:00,いちご,宮崎,富山,,
第３５節第１日,j2_2026_05030000_大分_大宮,2027-05-03 00:00:00,クラド,大分,大宮,,
第３５節第１日,j2_2026_05030000_鳥栖_秋田,2027-05-03 00:00:00,駅スタ,鳥栖,秋田,,
第３５節第１日,j2_2026_05030000_今治_徳島,2027-05-03 00:00:00,アシさと,今治,徳島,,
第３５節第１日,j2_2026_05030000_藤枝_札幌,2027-05-03 00:00:00,藤枝サ,藤枝,札幌,,
第３５節第１日,j2_2026_05030000_横浜FC_いわき,2027-05-03 00:00:00,ニッパツ,横浜FC,いわき,,
第３７節第１日,j2_2026_05150000_札幌_仙台,2027-05-15 00:00:00,プレド,札幌,仙台,,
第３７節第１日,j2_2026_05150000_八戸_徳島,2027-05-15 00:00:00,●未定●,八戸,徳島,,
第３７節第１日,j2_2026_05150000_秋田_栃木C,2027-05-15 00:00:00,ソユスタ,秋田,栃木Ｃ,,
第３７節第１日,j2_2026_05150000_いわき_大宮,2027-05-15 00:00:00,ハワスタ,いわき,大宮,,
第３８節第１日,j2_2026_05230000_徳島_甲府,2027-05-23 00:00:00,鳴門大塚,徳島,甲府,,
第３８節第１日,j2_2026_05230000_藤枝_宮崎,2027-05-23 00:00:00,藤枝サ,藤枝,宮崎,,
第３８節第１日,j2_2026_05230000_新潟_八戸,2027-05-23 00:00:00,デンカＳ,新潟,八戸,,
第３８節第１日,j2_2026_05230000_湘南_磐田,2027-05-23 00:00:00,レモンＳ,湘南,磐田,,
第３８節第１日,j2_2026_05230000_横浜FC_富山,2027-05-23 00:00:00,ニッパツ,横浜FC,富山,,
第３８節第１日,j2_2026_05230000_栃木C_大分,2027-05-23 00:00:00,ＣＦＳ,栃木Ｃ,大分,,
第３８節第１日,j2_2026_05230000_山形_大宮,2027-05-23 00:00:00,ＮＤスタ,山形,大宮,,
第３８節第１日,j2_2026_05230000_秋田_札幌,2027-05-23 00:00:00,ソユスタ,秋田,札幌,,
第３８節第１日,j2_2026_05230000_仙台_鳥栖,2027-05-23 00:00:00,ユアスタ,仙台,鳥栖,,
第３７節第１日,j2_2026_05150000_宮崎_今治,2027-05-15 00:00:00,いちご,宮崎,今治,,
第３７節第１日,j2_2026_05150000_大分_横浜FC,2027-05-15 00:00:00,クラド,大分,横浜FC,,
第３７節第１日,j2_2026_05150000_鳥栖_湘南,2027-05-15 00:00:00,駅スタ,鳥栖,湘南,,
第３７節第１日,j2_2026_05150000_磐田_山形,2027-05-15 00:00:00,ヤマハ,磐田,山形,,
第３７節第１日,j2_2026_05150000_富山_新潟,2027-05-15 00:00:00,富山,富山,新潟,,
第３７節第１日,j2_2026_05150000_甲府_藤枝,2027-05-15 00:00:00,ＪＩＴス,甲府,藤枝,,
第３５節第１日,j2_2026_05030000_栃木C_甲府,2027-05-03 00:00:00,ＣＦＳ,栃木Ｃ,甲府,,
第３５節第１日,j2_2026_05030000_仙台_新潟,2027-05-03 00:00:00,ユアスタ,仙台,新潟,,
第３１節第１日,j2_2026_04100000_甲府_いわき,2027-04-10 00:00:00,ＪＩＴス,甲府,いわき,,
第３２節第１日,j2_2026_04170000_いわき_栃木C,2027-04-17 00:00:00,ハワスタ,いわき,栃木Ｃ,,
第３３節第１日,j2_2026_04240000_札幌_今治,2027-04-24 00:00:00,プレド,札幌,今治,,
第３２節第１日,j2_2026_04170000_今治_横浜FC,2027-04-17 00:00:00,アシさと,今治,横浜FC,,
第３２節第１日,j2_2026_04170000_徳島_札幌,2027-04-17 00:00:00,鳴門大塚,徳島,札幌,,
第３２節第１日,j2_2026_04170000_藤枝_新潟,2027-04-17 00:00:00,藤枝サ,藤枝,新潟,,
第３２節第１日,j2_2026_04170000_富山_磐田,2027-04-17 00:00:00,富山,富山,磐田,,
第３２節第１日,j2_2026_04170000_甲府_仙台,2027-04-17 00:00:00,ＪＩＴス,甲府,仙台,,
第３２節第１日,j2_2026_04170000_大宮_宮崎,2027-04-17 00:00:00,ＮＡＣＫ,大宮,宮崎,,
第３２節第１日,j2_2026_04170000_山形_大分,2027-04-17 00:00:00,ＮＤスタ,山形,大分,,
第３５節第１日,j2_2026_05030000_八戸_磐田,2027-05-03 00:00:00,●未定●,八戸,磐田,,
第３２節第１日,j2_2026_04170000_秋田_湘南,2027-04-17 00:00:00,ソユスタ,秋田,湘南,,
第３２節第１日,j2_2026_04170000_八戸_鳥栖,2027-04-17 00:00:00,●未定●,八戸,鳥栖,,
第３１節第１日,j2_2026_04100000_宮崎_仙台,2027-04-10 00:00:00,クロスタ,宮崎,仙台,,
第３１節第１日,j2_2026_04100000_大分_富山,2027-04-10 00:00:00,クラド,大分,富山,,
第３１節第１日,j2_2026_04100000_鳥栖_札幌,2027-04-10 00:00:00,駅スタ,鳥栖,札幌,,
第３１節第１日,j2_2026_04100000_磐田_今治,2027-04-10 00:00:00,ヤマハ,磐田,今治,,
第３１節第１日,j2_2026_04100000_新潟_秋田,2027-04-10 00:00:00,デンカＳ,新潟,秋田,,
第３３節第１日,j2_2026_04240000_仙台_富山,2027-04-24 00:00:00,ユアスタ,仙台,富山,,
第３３節第１日,j2_2026_04240000_山形_藤枝,2027-04-24 00:00:00,ＮＤスタ,山形,藤枝,,
第３３節第１日,j2_2026_04240000_栃木C_湘南,2027-04-24 00:00:00,ＣＦＳ,栃木Ｃ,湘南,,
第３３節第１日,j2_2026_04240000_横浜FC_甲府,2027-04-24 00:00:00,ニッパツ,横浜FC,甲府,,
第３４節第１日,j2_2026_04290000_徳島_藤枝,2027-04-29 00:00:00,鳴門大塚,徳島,藤枝,,
第３４節第１日,j2_2026_04290000_磐田_仙台,2027-04-29 00:00:00,ヤマハ,磐田,仙台,,
第３４節第１日,j2_2026_04290000_富山_山形,2027-04-29 00:00:00,富山,富山,山形,,
第２３節第１日,j2_2026_02200000_徳島_富山,2027-02-20 00:00:00,鳴門大塚,徳島,富山,,
第３４節第１日,j2_2026_04290000_甲府_今治,2027-04-29 00:00:00,ＪＩＴス,甲府,今治,,
第３４節第１日,j2_2026_04290000_湘南_大分,2027-04-29 00:00:00,レモンＳ,湘南,大分,,
第３４節第１日,j2_2026_04290000_大宮_栃木C,2027-04-29 00:00:00,ＮＡＣＫ,大宮,栃木Ｃ,,
第３４節第１日,j2_2026_04290000_いわき_鳥栖,2027-04-29 00:00:00,ハワスタ,いわき,鳥栖,,
第３４節第１日,j2_2026_04290000_秋田_八戸,2027-04-29 00:00:00,ソユスタ,秋田,八戸,,
第３４節第１日,j2_2026_04290000_札幌_宮崎,2027-04-29 00:00:00,プレド,札幌,宮崎,,
第３３節第１日,j2_2026_04240000_宮崎_八戸,2027-04-24 00:00:00,いちご,宮崎,八戸,,
第３３節第１日,j2_2026_04240000_大分_秋田,2027-04-24 00:00:00,クラド,大分,秋田,,
第３３節第１日,j2_2026_04240000_鳥栖_徳島,2027-04-24 00:00:00,駅スタ,鳥栖,徳島,,
第３３節第１日,j2_2026_04240000_磐田_いわき,2027-04-24 00:00:00,ヤマハ,磐田,いわき,,
第３３節第１日,j2_2026_04240000_新潟_大宮,2027-04-24 00:00:00,デンカＳ,新潟,大宮,,
第２３節第１日,j2_2026_02200000_今治_秋田,2027-02-20 00:00:00,アシさと,今治,秋田,,
第２０節第１日,j2_2026_11281400_大宮_今治,2026-11-28 14:00:00,ＮＡＣＫ,大宮,今治,,
第２３節第１日,j2_2026_02200000_磐田_甲府,2027-02-20 00:00:00,ヤマハ,磐田,甲府,,
第１２節第１日,j2_2026_10211900_磐田_大分,2026-10-21 19:00:00,ヤマハ,磐田,大分,,
第１３節第２日,j2_2026_10251400_新潟_仙台,2026-10-25 14:00:00,デンカＳ,新潟,仙台,,
第１３節第２日,j2_2026_10251400_山形_宮崎,2026-10-25 14:00:00,ＮＤスタ,山形,宮崎,,
第１３節第２日,j2_2026_10251400_秋田_今治,2026-10-25 14:00:00,ソユスタ,秋田,今治,,
第１３節第１日,j2_2026_10241400_藤枝_徳島,2026-10-24 14:00:00,藤枝サ,藤枝,徳島,,
第１３節第１日,j2_2026_10241400_大宮_横浜FC,2026-10-24 14:00:00,ＮＡＣＫ,大宮,横浜FC,,
第１２節第１日,j2_2026_10211900_宮崎_秋田,2026-10-21 19:00:00,いちご,宮崎,秋田,,
第１２節第１日,j2_2026_10211900_徳島_八戸,2026-10-21 19:00:00,鳴門大塚,徳島,八戸,,
第１２節第１日,j2_2026_10211900_新潟_鳥栖,2026-10-21 19:00:00,デンカＳ,新潟,鳥栖,,
第１１節第１日,j2_2026_10171800_富山_湘南,2026-10-17 18:00:00,富山,富山,湘南,,
第１２節第１日,j2_2026_10211900_甲府_横浜FC,2026-10-21 19:00:00,ＪＩＴス,甲府,横浜FC,,
第１２節第１日,j2_2026_10211900_湘南_いわき,2026-10-21 19:00:00,レモンＳ,湘南,いわき,,
第１２節第１日,j2_2026_10211900_大宮_富山,2026-10-21 19:00:00,ＮＡＣＫ,大宮,富山,,
第１２節第１日,j2_2026_10211900_栃木C_藤枝,2026-10-21 19:00:00,ＣＦＳ,栃木Ｃ,藤枝,,
第１２節第１日,j2_2026_10211900_仙台_今治,2026-10-21 19:00:00,ユアスタ,仙台,今治,,
第１２節第１日,j2_2026_10211300_山形_札幌,2026-10-21 13:00:00,ＮＤスタ,山形,札幌,,
第１１節第２日,j2_2026_10181300_いわき_甲府,2026-10-18 13:00:00,ハワスタ,いわき,甲府,,
第１３節第２日,j2_2026_10251400_富山_札幌,2026-10-25 14:00:00,富山,富山,札幌,,
第１３節第２日,j2_2026_10251400_鳥栖_八戸,2026-10-25 14:00:00,駅スタ,鳥栖,八戸,,
第１３節第２日,j2_2026_10251400_大分_甲府,2026-10-25 14:00:00,クラド,大分,甲府,,
第１３節第２日,j2_2026_10251500_いわき_磐田,2026-10-25 15:00:00,ハワスタ,いわき,磐田,,
第１５節第１日,j2_2026_11031400_横浜FC_秋田,2026-11-03 14:00:00,ニッパツ,横浜FC,秋田,,
第１５節第１日,j2_2026_11031400_大宮_いわき,2026-11-03 14:00:00,ＮＡＣＫ,大宮,いわき,,
第１５節第１日,j2_2026_11031400_山形_徳島,2026-11-03 14:00:00,ＮＤスタ,山形,徳島,,
第１５節第１日,j2_2026_11031355_富山_仙台,2026-11-03 13:55:00,富山,富山,仙台,,
第１４節第１日,j2_2026_10311405_今治_甲府,2026-10-31 14:05:00,アシさと,今治,甲府,,
第１４節第１日,j2_2026_10311400_宮崎_大分,2026-10-31 14:00:00,いちご,宮崎,大分,,
第１４節第１日,j2_2026_10311400_徳島_横浜FC,2026-10-31 14:00:00,鳴門大塚,徳島,横浜FC,,
第１４節第１日,j2_2026_10311400_磐田_鳥栖,2026-10-31 14:00:00,ヤマハ,磐田,鳥栖,,
第１４節第１日,j2_2026_10311400_新潟_富山,2026-10-31 14:00:00,デンカＳ,新潟,富山,,
第１４節第１日,j2_2026_10311400_栃木C_いわき,2026-10-31 14:00:00,ＣＦＳ,栃木Ｃ,いわき,,
第１４節第１日,j2_2026_10311400_秋田_藤枝,2026-10-31 14:00:00,ソユスタ,秋田,藤枝,,
第１４節第１日,j2_2026_10311400_仙台_大宮,2026-10-31 14:00:00,ユアスタ,仙台,大宮,,
第１４節第１日,j2_2026_10311400_八戸_山形,2026-10-31 14:00:00,プラスタ,八戸,山形,,
第１４節第１日,j2_2026_10311300_札幌_湘南,2026-10-31 13:00:00,札幌厚別,札幌,湘南,,
第１３節第２日,j2_2026_10251800_湘南_栃木C,2026-10-25 18:00:00,レモンＳ,湘南,栃木Ｃ,,
第１１節第１日,j2_2026_10171900_宮崎_磐田,2026-10-17 19:00:00,いちご,宮崎,磐田,,
第１１節第１日,j2_2026_10171400_大分_新潟,2026-10-17 14:00:00,クラド,大分,新潟,,
第１５節第１日,j2_2026_11031400_甲府_新潟,2026-11-03 14:00:00,ＪＩＴス,甲府,新潟,,
第８節第１日,j2_2026_09261700_大分_藤枝,2026-09-26 17:00:00,クラド,大分,藤枝,,
第９節第２日,j2_2026_10041300_札幌_いわき,2026-10-04 13:00:00,ハコスポ,札幌,いわき,,
第９節第１日,j2_2026_10031700_大分_山形,2026-10-03 17:00:00,クラド,大分,山形,,
第９節第１日,j2_2026_10031700_栃木C_今治,2026-10-03 17:00:00,ＣＦＳ,栃木Ｃ,今治,,
第９節第１日,j2_2026_10031600_甲府_富山,2026-10-03 16:00:00,ＪＩＴス,甲府,富山,,
第９節第１日,j2_2026_10031400_藤枝_湘南,2026-10-03 14:00:00,藤枝サ,藤枝,湘南,,
第９節第１日,j2_2026_10031400_新潟_徳島,2026-10-03 14:00:00,デンカＳ,新潟,徳島,,
第８節第１日,j2_2026_09261700_宮崎_札幌,2026-09-26 17:00:00,いちご,宮崎,札幌,,
第８節第１日,j2_2026_09261700_今治_湘南,2026-09-26 17:00:00,アシさと,今治,湘南,,
第１１節第１日,j2_2026_10171400_鳥栖_大宮,2026-10-17 14:00:00,駅スタ,鳥栖,大宮,,
第８節第１日,j2_2026_09261700_徳島_栃木C,2026-09-26 17:00:00,鳴門大塚,徳島,栃木Ｃ,,
第８節第１日,j2_2026_09261700_磐田_八戸,2026-09-26 17:00:00,ヤマハ,磐田,八戸,,
第８節第１日,j2_2026_09261700_富山_横浜FC,2026-09-26 17:00:00,富山,富山,横浜FC,,
第８節第１日,j2_2026_09261700_大宮_甲府,2026-09-26 17:00:00,ＮＡＣＫ,大宮,甲府,,
第８節第１日,j2_2026_09261700_いわき_仙台,2026-09-26 17:00:00,ハワスタ,いわき,仙台,,
第８節第１日,j2_2026_09261700_山形_鳥栖,2026-09-26 17:00:00,ＮＤスタ,山形,鳥栖,,
第８節第１日,j2_2026_09261700_秋田_新潟,2026-09-26 17:00:00,ソユスタ,秋田,新潟,,
第９節第２日,j2_2026_10041300_八戸_横浜FC,2026-10-04 13:00:00,プラスタ,八戸,横浜FC,,
第９節第２日,j2_2026_10041400_秋田_鳥栖,2026-10-04 14:00:00,ソユスタ,秋田,鳥栖,,
第９節第２日,j2_2026_10041500_仙台_磐田,2026-10-04 15:00:00,ユアスタ,仙台,磐田,,
第９節第２日,j2_2026_10041900_宮崎_大宮,2026-10-04 19:00:00,いちご,宮崎,大宮,,
第１１節第１日,j2_2026_10171400_今治_八戸,2026-10-17 14:00:00,アシさと,今治,八戸,,
第１１節第１日,j2_2026_10171400_藤枝_山形,2026-10-17 14:00:00,藤枝サ,藤枝,山形,,
第１１節第１日,j2_2026_10171400_栃木C_横浜FC,2026-10-17 14:00:00,ＣＦＳ,栃木Ｃ,横浜FC,,
第１１節第１日,j2_2026_10171400_仙台_徳島,2026-10-17 14:00:00,ユアスタ,仙台,徳島,,
第１１節第１日,j2_2026_10171400_札幌_秋田,2026-10-17 14:00:00,プレド,札幌,秋田,,
第１０節第２日,j2_2026_10111800_湘南_新潟,2026-10-11 18:00:00,レモンＳ,湘南,新潟,,
第１０節第２日,j2_2026_10111500_いわき_秋田,2026-10-11 15:00:00,ハワスタ,いわき,秋田,,
第１０節第２日,j2_2026_10111400_富山_宮崎,2026-10-11 14:00:00,富山,富山,宮崎,,
第１０節第２日,j2_2026_10111305_山形_仙台,2026-10-11 13:05:00,ＮＤスタ,山形,仙台,,
第１０節第１日,j2_2026_10101800_磐田_札幌,2026-10-10 18:00:00,ヤマハ,磐田,札幌,,
第１０節第１日,j2_2026_10101600_甲府_栃木C,2026-10-10 16:00:00,ＪＩＴス,甲府,栃木Ｃ,,
第１０節第１日,j2_2026_10101400_鳥栖_藤枝,2026-10-10 14:00:00,駅スタ,鳥栖,藤枝,,
第１０節第１日,j2_2026_10101400_徳島_今治,2026-10-10 14:00:00,鳴門大塚,徳島,今治,,
第１０節第１日,j2_2026_10101400_横浜FC_大分,2026-10-10 14:00:00,ニッパツ,横浜FC,大分,,
第１０節第１日,j2_2026_10101400_大宮_八戸,2026-10-10 14:00:00,ＮＡＣＫ,大宮,八戸,,
第１５節第１日,j2_2026_11031400_湘南_鳥栖,2026-11-03 14:00:00,レモンＳ,湘南,鳥栖,,
第１５節第１日,j2_2026_11031400_藤枝_磐田,2026-11-03 14:00:00,藤枝サ,藤枝,磐田,,
第２３節第１日,j2_2026_02200000_湘南_八戸,2027-02-20 00:00:00,レモンＳ,湘南,八戸,,
第２０節第２日,j2_2026_11291400_磐田_栃木C,2026-11-29 14:00:00,ヤマハ,磐田,栃木Ｃ,,
第２１節第１日,j2_2026_12051400_甲府_鳥栖,2026-12-05 14:00:00,ＪＩＴス,甲府,鳥栖,,
第２１節第１日,j2_2026_12051400_横浜FC_八戸,2026-12-05 14:00:00,ニッパツ,横浜FC,八戸,,
第２１節第１日,j2_2026_12051400_栃木C_宮崎,2026-12-05 14:00:00,ＣＦＳ,栃木Ｃ,宮崎,,
第２１節第１日,j2_2026_12051400_札幌_新潟,2026-12-05 14:00:00,プレド,札幌,新潟,,
第２０節第２日,j2_2026_11291500_いわき_札幌,2026-11-29 15:00:00,ハワスタ,いわき,札幌,,
第２０節第２日,j2_2026_11291400_宮崎_鳥栖,2026-11-29 14:00:00,クロスタ,宮崎,鳥栖,,
第２０節第２日,j2_2026_11291400_大分_徳島,2026-11-29 14:00:00,クラド,大分,徳島,,
第２０節第２日,j2_2026_11291400_新潟_甲府,2026-11-29 14:00:00,デンカＳ,新潟,甲府,,
第１９節第１日,j2_2026_11251900_栃木C_秋田,2026-11-25 19:00:00,ＣＦＳ,栃木Ｃ,秋田,,
第２０節第２日,j2_2026_11291400_湘南_富山,2026-11-29 14:00:00,レモンＳ,湘南,富山,,
第２０節第２日,j2_2026_11291400_秋田_横浜FC,2026-11-29 14:00:00,ソユスタ,秋田,横浜FC,,
第２０節第２日,j2_2026_11291400_仙台_山形,2026-11-29 14:00:00,ユアスタ,仙台,山形,,
第２０節第２日,j2_2026_11291300_八戸_藤枝,2026-11-29 13:00:00,プラスタ,八戸,藤枝,,
第１９節第１日,j2_2026_11251900_鳥栖_大分,2026-11-25 19:00:00,駅スタ,鳥栖,大分,,
第１９節第１日,j2_2026_11251900_湘南_甲府,2026-11-25 19:00:00,レモンＳ,湘南,甲府,,
第１９節第１日,j2_2026_11251900_横浜FC_仙台,2026-11-25 19:00:00,ニッパツ,横浜FC,仙台,,
第２１節第１日,j2_2026_12051400_藤枝_秋田,2026-12-05 14:00:00,藤枝サ,藤枝,秋田,,
第２１節第１日,j2_2026_12051400_徳島_磐田,2026-12-05 14:00:00,鳴門大塚,徳島,磐田,,
第２１節第２日,j2_2026_12061300_山形_いわき,2026-12-06 13:00:00,ＮＤスタ,山形,いわき,,
第２１節第２日,j2_2026_12061400_仙台_湘南,2026-12-06 14:00:00,ユアスタ,仙台,湘南,,
第２３節第１日,j2_2026_02200000_横浜FC_大宮,2027-02-20 00:00:00,ニッパツ,横浜FC,大宮,,
第２３節第１日,j2_2026_02200000_栃木C_札幌,2027-02-20 00:00:00,ＣＦＳ,栃木Ｃ,札幌,,
第２３節第１日,j2_2026_02200000_いわき_藤枝,2027-02-20 00:00:00,ハワスタ,いわき,藤枝,,
第２２節第２日,j2_2026_12131400_磐田_新潟,2026-12-13 14:00:00,ヤマハ,磐田,新潟,,
第２２節第２日,j2_2026_12131400_湘南_今治,2026-12-13 14:00:00,レモンＳ,湘南,今治,,
第２２節第２日,j2_2026_12131300_山形_八戸,2026-12-13 13:00:00,ＮＤスタ,山形,八戸,,
第２２節第１日,j2_2026_12121500_いわき_徳島,2026-12-12 15:00:00,ハワスタ,いわき,徳島,,
第２２節第１日,j2_2026_12121400_大分_宮崎,2026-12-12 14:00:00,クラド,大分,宮崎,,
第２２節第１日,j2_2026_12121400_鳥栖_横浜FC,2026-12-12 14:00:00,駅スタ,鳥栖,横浜FC,,
第２２節第１日,j2_2026_12121400_藤枝_栃木C,2026-12-12 14:00:00,藤枝サ,藤枝,栃木Ｃ,,
第２２節第１日,j2_2026_12121400_大宮_仙台,2026-12-12 14:00:00,ＮＡＣＫ,大宮,仙台,,
第２２節第１日,j2_2026_12121345_札幌_富山,2026-12-12 13:45:00,プレド,札幌,富山,,
第２２節第１日,j2_2026_12121330_甲府_秋田,2026-12-12 13:30:00,ＪＩＴス,甲府,秋田,,
第２１節第２日,j2_2026_12061500_今治_大分,2026-12-06 15:00:00,アシさと,今治,大分,,
第２１節第２日,j2_2026_12061400_富山_大宮,2026-12-06 14:00:00,富山,富山,大宮,,
第１９節第１日,j2_2026_11251900_大宮_徳島,2026-11-25 19:00:00,ＮＡＣＫ,大宮,徳島,,
第１９節第１日,j2_2026_11251900_いわき_富山,2026-11-25 19:00:00,ハワスタ,いわき,富山,,
第１５節第１日,j2_2026_11031400_大分_八戸,2026-11-03 14:00:00,クラド,大分,八戸,,
第１６節第２日,j2_2026_11081300_八戸_札幌,2026-11-08 13:00:00,プラスタ,八戸,札幌,,
第１７節第１日,j2_2026_11141400_藤枝_甲府,2026-11-14 14:00:00,藤枝サ,藤枝,甲府,,
第１７節第１日,j2_2026_11141400_新潟_宮崎,2026-11-14 14:00:00,デンカＳ,新潟,宮崎,,
第１７節第１日,j2_2026_11141400_湘南_横浜FC,2026-11-14 14:00:00,レモンＳ,湘南,横浜FC,,
第１７節第１日,j2_2026_11141400_大宮_山形,2026-11-14 14:00:00,ＮＡＣＫ,大宮,山形,,
第１６節第２日,j2_2026_11081500_仙台_甲府,2026-11-08 15:00:00,ユアスタ,仙台,甲府,,
第１６節第２日,j2_2026_11081400_磐田_湘南,2026-11-08 14:00:00,ヤマハ,磐田,湘南,,
第１６節第２日,j2_2026_11081400_栃木C_大宮,2026-11-08 14:00:00,ＣＦＳ,栃木Ｃ,大宮,,
第１６節第１日,j2_2026_11071400_鳥栖_富山,2026-11-07 14:00:00,駅スタ,鳥栖,富山,,
第１９節第１日,j2_2026_11251900_山形_磐田,2026-11-25 19:00:00,ＮＤスタ,山形,磐田,,
第１６節第１日,j2_2026_11071400_徳島_宮崎,2026-11-07 14:00:00,鳴門大塚,徳島,宮崎,,
第１６節第１日,j2_2026_11071400_新潟_今治,2026-11-07 14:00:00,デンカＳ,新潟,今治,,
第１６節第１日,j2_2026_11071400_横浜FC_藤枝,2026-11-07 14:00:00,ニッパツ,横浜FC,藤枝,,
第１６節第１日,j2_2026_11071400_いわき_山形,2026-11-07 14:00:00,ハワスタ,いわき,山形,,
第１６節第１日,j2_2026_11071400_秋田_大分,2026-11-07 14:00:00,ソユスタ,秋田,大分,,
第１５節第１日,j2_2026_11031450_今治_札幌,2026-11-03 14:50:00,アシさと,今治,札幌,,
第１５節第１日,j2_2026_11031400_宮崎_栃木C,2026-11-03 14:00:00,いちご,宮崎,栃木Ｃ,,
第１７節第１日,j2_2026_11141400_大分_栃木C,2026-11-14 14:00:00,クラド,大分,栃木Ｃ,,
第１７節第２日,j2_2026_11151300_札幌_鳥栖,2026-11-15 13:00:00,札幌厚別,札幌,鳥栖,,
第１７節第２日,j2_2026_11151300_八戸_いわき,2026-11-15 13:00:00,プラスタ,八戸,いわき,,
第１７節第２日,j2_2026_11151300_仙台_秋田,2026-11-15 13:00:00,ユアスタ,仙台,秋田,,
第１９節第１日,j2_2026_11251900_札幌_藤枝,2026-11-25 19:00:00,プレド,札幌,藤枝,,
第１９節第１日,j2_2026_11251830_今治_宮崎,2026-11-25 18:30:00,アシさと,今治,宮崎,,
第１９節第１日,j2_2026_11251830_八戸_新潟,2026-11-25 18:30:00,プラスタ,八戸,新潟,,
第１８節第２日,j2_2026_11221400_徳島_湘南,2026-11-22 14:00:00,鳴門大塚,徳島,湘南,,
第１８節第１日,j2_2026_11211400_宮崎_いわき,2026-11-21 14:00:00,いちご,宮崎,いわき,,
第１８節第１日,j2_2026_11211400_鳥栖_仙台,2026-11-21 14:00:00,駅スタ,鳥栖,仙台,,
第１８節第１日,j2_2026_11211400_藤枝_今治,2026-11-21 14:00:00,藤枝サ,藤枝,今治,,
第１８節第１日,j2_2026_11211400_磐田_大宮,2026-11-21 14:00:00,ヤマハ,磐田,大宮,,
第１８節第１日,j2_2026_11211400_富山_大分,2026-11-21 14:00:00,富山,富山,大分,,
第１８節第１日,j2_2026_11211400_甲府_八戸,2026-11-21 14:00:00,ＪＩＴス,甲府,八戸,,
第１８節第１日,j2_2026_11211400_横浜FC_札幌,2026-11-21 14:00:00,ニッパツ,横浜FC,札幌,,
第１８節第１日,j2_2026_11211400_栃木C_新潟,2026-11-21 14:00:00,ＣＦＳ,栃木Ｃ,新潟,,
第１８節第１日,j2_2026_11211400_秋田_山形,2026-11-21 14:00:00,ソユスタ,秋田,山形,,
第１７節第２日,j2_2026_11151400_今治_磐田,2026-11-15 14:00:00,アシさと,今治,磐田,,
第１７節第２日,j2_2026_11151400_富山_徳島,2026-11-15 14:00:00,富山,富山,徳島,,
第３８節第１日,j2_2026_05230000_今治_いわき,2027-05-23 00:00:00,アシさと,今治,いわき,,
