match_id,datetime,home_team,away_team,home_rest_fatigue,away_rest_fatigue,home_recent_load_carry,away_recent_load_carry,home_travel_fatigue,away_travel_fatigue,home_away_condition_penalty,away_away_condition_penalty,away_travel_distance_km,travel_lookup_status,home_fatigue_score,away_fatigue_score,fatigue_measurement_version,external_schedule_coverage,travel_distance_basis,home_last_match_at,home_rest_hours,home_matches_last7d,home_matches_last14d,home_external_matches_last14d,home_external_load_unknown,home_external_events_json,away_last_match_at,away_rest_hours,away_matches_last7d,away_matches_last14d,away_external_matches_last14d,away_external_load_unknown,away_external_events_json
j2_2026_08081450_札幌_徳島,2026-08-08 14:50:00,札幌,徳島,0.0,0.0,0.0,0.0,0.0,5.7315,0.0,4.0,1146.3,hit,0.0,9.73,conditions_v2,partial,home_base_to_opponent_base_proxy,,,0,0,0,False,[],,,0,0,0,False,[]
j2_2026_08081833_八戸_富山,2026-08-08 18:33:00,八戸,富山,0.0,0.0,0.0,0.0,0.0,2.8775,0.0,4.0,575.5,hit,0.0,6.88,conditions_v2,partial,home_base_to_opponent_base_proxy,,,0,0,0,False,[],,,0,0,0,False,[]
j2_2026_08081833_藤枝_仙台,2026-08-08 18:33:00,藤枝,仙台,0.0,0.0,0.0,0.0,0.0,2.247,0.0,4.0,449.4,hit,0.0,6.25,conditions_v2,partial,home_base_to_opponent_base_proxy,,,0,0,0,False,[],,,0,0,0,False,[]
j2_2026_08081903_大宮_新潟,2026-08-08 19:03:00,大宮,新潟,0.0,0.0,0.0,0.0,0.0,1.1225,0.0,4.0,224.5,hit,0.0,5.12,conditions_v2,partial,home_base_to_opponent_base_proxy,,,0,0,0,False,[],,,0,0,0,False,[]
j2_2026_08081903_宮崎_横浜FC,2026-08-08 19:03:00,宮崎,横浜FC,0.0,0.0,0.0,0.0,0.0,4.1955,0.0,4.0,839.1,hit,0.0,8.2,conditions_v2,partial,home_base_to_opponent_base_proxy,,,0,0,0,False,[],,,0,0,0,False,[]
j2_2026_08081903_磐田_秋田,2026-08-08 19:03:00,磐田,秋田,0.0,0.0,0.0,0.0,0.0,2.9465,0.0,4.0,589.3,hit,0.0,6.95,conditions_v2,partial,home_base_to_opponent_base_proxy,,,0,0,0,False,[],,,0,0,0,False,[]
j2_2026_08081905_大分_湘南,2026-08-08 19:05:00,大分,湘南,0.0,0.0,0.0,0.0,0.0,3.7245,0.0,4.0,744.9,hit,0.0,7.72,conditions_v2,partial,home_base_to_opponent_base_proxy,,,0,0,0,False,[],,,0,0,0,False,[]
j2_2026_08081937_鳥栖_甲府,2026-08-08 19:37:00,鳥栖,甲府,0.0,0.0,0.0,0.0,0.0,3.9025,0.0,4.0,780.5,hit,0.0,7.9,conditions_v2,partial,home_base_to_opponent_base_proxy,,,0,0,0,False,[],,,0,0,0,False,[]
j2_2026_08091807_いわき_今治,2026-08-09 18:07:00,いわき,今治,0.0,0.0,0.0,0.0,0.0,3.939,0.0,4.0,787.8,hit,0.0,7.94,conditions_v2,partial,home_base_to_opponent_base_proxy,,,0,0,0,False,[],,,0,0,0,False,[]
j2_2026_08091904_山形_栃木C,2026-08-09 19:04:00,山形,栃木Ｃ,0.0,0.0,0.0,0.0,0.0,1.157,0.0,4.0,231.4,hit,0.0,5.16,conditions_v2,partial,home_base_to_opponent_base_proxy,,,0,0,0,False,[],,,0,0,0,False,[]
j2_2026_08151803_秋田_富山,2026-08-15 18:03:00,秋田,富山,0.0,0.0,2.4313,2.4071,0.0,2.1375,0.0,4.0,427.5,hit,2.43,8.54,conditions_v2,partial,home_base_to_opponent_base_proxy,2026-08-08 19:03:00,167.0,1,1,0,False,[],2026-08-08 18:33:00,167.5,1,1,0,False,[]
j2_2026_08151803_栃木C_八戸,2026-08-15 18:03:00,栃木Ｃ,八戸,0.0,0.0,1.8049,0.0,0.0,2.492,0.0,4.0,498.4,hit,1.8,6.49,conditions_v2,partial,home_base_to_opponent_base_proxy,2026-08-09 19:04:00,142.98333333333332,1,1,0,False,[],2026-08-08 18:33:00,167.5,1,1,0,False,[]
j2_2026_08151833_藤枝_いわき,2026-08-15 18:33:00,藤枝,いわき,0.0,0.0,0.0,0.0,0.0,1.677,0.0,4.0,335.4,hit,0.0,5.68,conditions_v2,partial,home_base_to_opponent_base_proxy,2026-08-08 18:33:00,168.0,1,1,0,False,[],2026-08-09 18:07:00,144.43333333333334,1,1,0,False,[]
j2_2026_08151903_甲府_宮崎,2026-08-15 19:03:00,甲府,宮崎,0.0,0.0,2.7659,0.0,0.0,3.824,0.0,4.0,764.8,hit,2.77,7.82,conditions_v2,partial,home_base_to_opponent_base_proxy,2026-08-08 19:37:00,167.43333333333334,1,1,0,False,[],2026-08-08 19:03:00,168.0,1,1,0,False,[]
j2_2026_08151903_仙台_大分,2026-08-15 19:03:00,仙台,大分,0.0,0.0,2.1864,0.0,0.0,5.0375,0.0,4.0,1007.5,hit,2.19,9.04,conditions_v2,partial,home_base_to_opponent_base_proxy,2026-08-08 18:33:00,168.5,0,1,0,False,[],2026-08-08 19:05:00,167.96666666666667,1,1,0,False,[]
j2_2026_08151903_新潟_札幌,2026-08-15 19:03:00,新潟,札幌,0.0,0.0,1.7929,0.0,0.0,3.0215,0.0,4.0,604.3,hit,1.79,7.02,conditions_v2,partial,home_base_to_opponent_base_proxy,2026-08-08 19:03:00,168.0,1,1,0,False,[],2026-08-08 14:50:00,172.21666666666667,0,1,0,False,[]
j2_2026_08151903_今治_大宮,2026-08-15 19:03:00,今治,大宮,0.0,0.0,2.7786,0.0,0.0,3.2135,0.0,4.0,642.7,hit,2.78,7.21,conditions_v2,partial,home_base_to_opponent_base_proxy,2026-08-09 18:07:00,144.93333333333334,1,1,0,False,[],2026-08-08 19:03:00,168.0,1,1,0,False,[]
j2_2026_08151903_湘南_山形,2026-08-15 19:03:00,湘南,山形,0.0,0.0,2.7036,0.0,0.0,1.7265,0.0,4.0,345.3,hit,2.7,5.73,conditions_v2,partial,home_base_to_opponent_base_proxy,2026-08-08 19:05:00,167.96666666666667,1,1,0,False,[],2026-08-09 19:04:00,143.98333333333332,1,1,0,False,[]
j2_2026_08161803_横浜FC_磐田,2026-08-16 18:03:00,横浜FC,磐田,0.0,0.0,2.8684,0.0,0.0,0.8885,0.0,4.0,177.7,hit,2.87,4.89,conditions_v2,partial,home_base_to_opponent_base_proxy,2026-08-08 19:03:00,191.0,0,1,0,False,[],2026-08-08 19:03:00,191.0,0,1,0,False,[]
j2_2026_08161903_徳島_鳥栖,2026-08-16 19:03:00,徳島,鳥栖,0.0,0.0,3.406,0.0,0.0,1.945,0.0,4.0,389.0,hit,3.41,5.95,conditions_v2,partial,home_base_to_opponent_base_proxy,2026-08-08 14:50:00,196.21666666666667,0,1,0,False,[],2026-08-08 19:37:00,191.43333333333334,0,1,0,False,[]
j2_2026_08221504_札幌_大宮,2026-08-22 15:04:00,札幌,大宮,0.0,0.0,2.4575,2.5247,0.0,4.0195,0.0,4.0,803.9,hit,2.46,10.54,conditions_v2,partial,home_base_to_opponent_base_proxy,2026-08-15 19:03:00,164.01666666666668,1,1,0,False,[],2026-08-15 19:03:00,164.01666666666668,1,2,0,False,[]
j2_2026_08221703_八戸_仙台,2026-08-22 17:03:00,八戸,仙台,0.0,0.0,2.2722,2.0147,0.0,1.2865,0.0,4.0,257.3,hit,2.27,7.3,conditions_v2,partial,home_base_to_opponent_base_proxy,2026-08-15 18:03:00,167.0,1,2,0,False,[],2026-08-15 19:03:00,166.0,1,2,0,False,[]
j2_2026_08221803_秋田_甲府,2026-08-22 18:03:00,秋田,甲府,0.0,0.0,2.2402,2.5486,0.0,2.3735,0.0,4.0,474.7,hit,2.24,8.92,conditions_v2,partial,home_base_to_opponent_base_proxy,2026-08-15 18:03:00,168.0,1,2,0,False,[],2026-08-15 19:03:00,167.0,1,2,0,False,[]
j2_2026_08221833_富山_今治,2026-08-22 18:33:00,富山,今治,0.0,0.0,4.3661,2.5603,0.0,2.399,0.0,4.0,479.8,hit,4.37,8.96,conditions_v2,partial,home_base_to_opponent_base_proxy,2026-08-15 18:03:00,168.5,0,2,0,False,[],2026-08-15 19:03:00,167.5,1,2,0,False,[]
j2_2026_08221903_山形_横浜FC,2026-08-22 19:03:00,山形,横浜FC,0.0,0.0,2.0043,2.643,0.0,1.6305,0.0,4.0,326.1,hit,2.0,8.27,conditions_v2,partial,home_base_to_opponent_base_proxy,2026-08-15 19:03:00,168.0,1,2,0,False,[],2026-08-16 18:03:00,145.0,1,2,0,False,[]
j2_2026_08221903_新潟_藤枝,2026-08-22 19:03:00,新潟,藤枝,0.0,0.0,1.652,0.0,0.0,1.709,0.0,4.0,341.8,hit,1.65,5.71,conditions_v2,partial,home_base_to_opponent_base_proxy,2026-08-15 19:03:00,168.0,1,2,0,False,[],2026-08-15 18:33:00,168.5,0,1,0,False,[]
j2_2026_08221903_宮崎_湘南,2026-08-22 19:03:00,宮崎,湘南,0.0,0.0,2.7384,2.4912,0.0,4.0585,0.0,4.0,811.7,hit,2.74,10.55,conditions_v2,partial,home_base_to_opponent_base_proxy,2026-08-15 19:03:00,168.0,1,2,0,False,[],2026-08-15 19:03:00,168.0,1,2,0,False,[]
j2_2026_08221903_磐田_徳島,2026-08-22 19:03:00,磐田,徳島,0.0,0.0,1.711,3.1384,0.0,1.5255,0.0,4.0,305.1,hit,1.71,8.66,conditions_v2,partial,home_base_to_opponent_base_proxy,2026-08-16 18:03:00,145.0,1,2,0,False,[],2026-08-16 19:03:00,144.0,1,1,0,False,[]
j2_2026_08221905_大分_いわき,2026-08-22 19:05:00,大分,いわき,0.0,0.0,3.1631,1.9869,0.0,4.6915,0.0,4.0,938.3,hit,3.16,10.68,conditions_v2,partial,home_base_to_opponent_base_proxy,2026-08-15 19:03:00,168.03333333333333,0,2,0,False,[],2026-08-15 18:33:00,168.53333333333333,0,2,0,False,[]
j2_2026_08221906_鳥栖_栃木C,2026-08-22 19:06:00,鳥栖,栃木Ｃ,0.0,0.0,2.0808,1.6631,0.0,4.476,0.0,4.0,895.2,hit,2.08,10.14,conditions_v2,partial,home_base_to_opponent_base_proxy,2026-08-16 19:03:00,144.05,1,2,0,False,[],2026-08-15 18:03:00,169.05,0,2,0,False,[]
j2_2026_08291803_いわき_新潟,2026-08-29 18:03:00,いわき,新潟,0.0,0.0,4.8729,1.449,0.0,0.9305,0.0,4.0,186.1,hit,4.87,6.38,conditions_v2,partial,home_base_to_opponent_base_proxy,2026-08-22 19:05:00,166.96666666666667,1,2,0,False,[],2026-08-22 19:03:00,167.0,1,2,0,False,[]
j2_2026_08291803_栃木C_磐田,2026-08-29 18:03:00,栃木Ｃ,磐田,0.0,0.0,4.4254,1.5765,0.0,1.2025,0.0,4.0,240.5,hit,4.43,6.78,conditions_v2,partial,home_base_to_opponent_base_proxy,2026-08-22 19:06:00,166.95,1,2,0,False,[],2026-08-22 19:03:00,167.0,1,2,0,False,[]
j2_2026_08291833_八戸_秋田,2026-08-29 18:33:00,八戸,秋田,0.0,0.0,2.0937,1.965,0.0,0.753,0.0,4.0,150.6,hit,2.09,6.72,conditions_v2,partial,home_base_to_opponent_base_proxy,2026-08-22 17:03:00,169.5,0,1,0,False,[],2026-08-22 18:03:00,168.5,0,1,0,False,[]
j2_2026_08291833_富山_藤枝,2026-08-29 18:33:00,富山,藤枝,0.0,0.0,3.9248,1.9981,0.0,1.076,0.0,4.0,215.2,hit,3.92,7.07,conditions_v2,partial,home_base_to_opponent_base_proxy,2026-08-22 18:33:00,168.0,1,1,0,False,[],2026-08-22 19:03:00,167.5,1,2,0,False,[]
j2_2026_08291903_徳島_大分,2026-08-29 19:03:00,徳島,大分,0.0,0.0,4.6867,2.9146,0.0,1.471,0.0,4.0,294.2,hit,4.69,8.39,conditions_v2,partial,home_base_to_opponent_base_proxy,2026-08-22 19:03:00,168.0,1,2,0,False,[],2026-08-22 19:05:00,167.96666666666667,1,2,0,False,[]
j2_2026_08291903_今治_山形,2026-08-29 19:03:00,今治,山形,0.0,0.0,4.4854,1.8468,0.0,4.0945,0.0,4.0,818.9,hit,4.49,9.94,conditions_v2,partial,home_base_to_opponent_base_proxy,2026-08-22 18:33:00,168.5,0,2,0,False,[],2026-08-22 19:03:00,168.0,1,2,0,False,[]
j2_2026_08291903_横浜FC_鳥栖,2026-08-29 19:03:00,横浜FC,鳥栖,0.0,0.0,4.289,1.9173,0.0,4.3245,0.0,4.0,864.9,hit,4.29,10.24,conditions_v2,partial,home_base_to_opponent_base_proxy,2026-08-22 19:03:00,168.0,1,2,0,False,[],2026-08-22 19:06:00,167.95,1,2,0,False,[]
j2_2026_08291903_甲府_札幌,2026-08-29 19:03:00,甲府,札幌,0.0,0.0,4.4661,2.2644,0.0,4.2845,0.0,4.0,856.9,hit,4.47,10.55,conditions_v2,partial,home_base_to_opponent_base_proxy,2026-08-22 18:03:00,169.0,0,2,0,False,[],2026-08-22 15:04:00,171.98333333333332,0,2,0,False,[]
j2_2026_08291903_仙台_宮崎,2026-08-29 19:03:00,仙台,宮崎,0.0,0.0,3.6174,2.5232,0.0,5.4955,0.0,4.0,1099.1,hit,3.62,12.02,conditions_v2,partial,home_base_to_opponent_base_proxy,2026-08-22 17:03:00,170.0,0,2,0,False,[],2026-08-22 19:03:00,168.0,1,2,0,False,[]
j2_2026_08291904_大宮_湘南,2026-08-29 19:04:00,大宮,湘南,0.0,0.0,5.1332,5.0055,0.0,0.3445,0.0,4.0,68.9,hit,5.13,9.35,conditions_v2,partial,home_base_to_opponent_base_proxy,2026-08-22 15:04:00,172.0,0,1,0,False,[],2026-08-22 19:03:00,168.01666666666668,0,1,0,False,[]
j2_2026_09051833_藤枝_八戸,2026-09-05 18:33:00,藤枝,八戸,0.0,0.0,3.6178,1.8364,0.0,3.475,0.0,4.0,695.0,hit,3.62,9.31,conditions_v2,partial,home_base_to_opponent_base_proxy,2026-08-29 18:33:00,168.0,1,2,0,False,[],2026-08-29 18:33:00,168.0,1,1,0,False,[]
j2_2026_09051903_山形_甲府,2026-09-05 19:03:00,山形,甲府,0.0,0.0,4.453,3.6241,0.0,1.705,0.0,4.0,341.0,hit,4.45,9.33,conditions_v2,partial,home_base_to_opponent_base_proxy,2026-08-29 19:03:00,168.0,1,2,0,False,[],2026-08-29 19:03:00,168.0,1,1,0,False,[]
j2_2026_09051903_徳島_いわき,2026-09-05 19:03:00,徳島,いわき,0.0,0.0,3.7137,4.4089,0.0,3.237,0.0,4.0,647.4,hit,3.71,11.65,conditions_v2,partial,home_base_to_opponent_base_proxy,2026-08-29 19:03:00,168.0,1,2,0,False,[],2026-08-29 18:03:00,169.0,0,2,0,False,[]
j2_2026_09051903_湘南_仙台,2026-09-05 19:03:00,湘南,仙台,0.0,0.0,5.6528,2.945,0.0,1.7905,0.0,4.0,358.1,hit,5.65,8.74,conditions_v2,partial,home_base_to_opponent_base_proxy,2026-08-29 19:04:00,167.98333333333332,1,2,0,False,[],2026-08-29 19:03:00,168.0,1,1,0,False,[]
j2_2026_09051903_鳥栖_宮崎,2026-09-05 19:03:00,鳥栖,宮崎,0.0,0.5,4.5953,2.6776,0.0,0.8525,0.0,4.0,170.5,hit,4.6,8.03,conditions_v2,partial,home_base_to_opponent_base_proxy,2026-08-29 19:03:00,168.0,1,2,0,False,[],2026-09-02 19:03:00,72.0,2,3,1,True,"[{""datetime"": ""2026-09-02T19:03:00"", ""competition"": ""league_cup"", ""minutes_played"": null, ""core_usage"": null, ""source"": ""/Users/dev_tomo/Desktop/tt_prj_restart/data/eval/toto_rounds/toto1649/actual_results.csv"", ""event_load"": null, ""participation_status"": ""confirmed"", ""minutes_status"": ""unknown"", ""rotation_status"": ""unknown"", ""extra_time_minutes"": null, ""extra_time_status"": ""unknown""}]"
j2_2026_09061303_札幌_栃木C,2026-09-06 13:03:00,札幌,栃木Ｃ,0.0,0.0,4.8858,3.7572,0.0,3.788,0.0,4.0,757.6,hit,4.89,11.55,conditions_v2,partial,home_base_to_opponent_base_proxy,2026-08-29 19:03:00,186.0,0,1,0,False,[],2026-08-29 18:03:00,187.0,0,1,0,False,[]
j2_2026_09061803_秋田_大宮,2026-09-06 18:03:00,秋田,大宮,0.0208,0.0212,1.5676,2.0811,0.0,2.1255,0.0,4.0,425.1,hit,1.59,8.23,conditions_v2,partial,home_base_to_opponent_base_proxy,2026-09-02 19:03:00,95.0,1,2,1,True,"[{""datetime"": ""2026-09-02T19:03:00"", ""competition"": ""league_cup"", ""minutes_played"": null, ""core_usage"": null, ""source"": ""/Users/dev_tomo/Desktop/tt_prj_restart/data/eval/toto_rounds/toto1649/actual_results.csv"", ""event_load"": null, ""participation_status"": ""confirmed"", ""minutes_status"": ""unknown"", ""rotation_status"": ""unknown"", ""extra_time_minutes"": null, ""extra_time_status"": ""unknown""}]",2026-09-02 19:04:00,94.98333333333333,1,2,1,True,"[{""datetime"": ""2026-09-02T19:04:00"", ""competition"": ""league_cup"", ""minutes_played"": null, ""core_usage"": null, ""source"": ""/Users/dev_tomo/Desktop/tt_prj_restart/data/eval/toto_rounds/toto1649/actual_results.csv"", ""event_load"": null, ""participation_status"": ""confirmed"", ""minutes_status"": ""unknown"", ""rotation_status"": ""unknown"", ""extra_time_minutes"": null, ""extra_time_status"": ""unknown""}]"
j2_2026_09061803_横浜FC_新潟,2026-09-06 18:03:00,横浜FC,新潟,0.0,0.0,3.4427,2.7425,0.0,1.417,0.0,4.0,283.4,hit,3.44,8.16,conditions_v2,partial,home_base_to_opponent_base_proxy,2026-08-29 19:03:00,191.0,0,1,0,False,[],2026-08-29 18:03:00,192.0,0,1,0,False,[]
j2_2026_09061903_大分_今治,2026-09-06 19:03:00,大分,今治,0.0,0.0,4.4713,3.6396,0.0,0.7625,0.0,4.0,152.5,hit,4.47,8.4,conditions_v2,partial,home_base_to_opponent_base_proxy,2026-08-29 19:03:00,192.0,0,1,0,False,[],2026-08-29 19:03:00,192.0,0,1,0,False,[]
j2_2026_09061903_磐田_富山,2026-09-06 19:03:00,磐田,富山,0.0,0.0,3.2037,1.2216,0.0,1.1,0.0,4.0,220.0,hit,3.2,6.32,conditions_v2,partial,home_base_to_opponent_base_proxy,2026-08-29 18:03:00,193.0,0,1,0,False,[],2026-09-02 19:03:00,96.0,1,2,1,True,"[{""datetime"": ""2026-09-02T19:03:00"", ""competition"": ""league_cup"", ""minutes_played"": null, ""core_usage"": null, ""source"": ""/Users/dev_tomo/Desktop/tt_prj_restart/data/eval/toto_rounds/toto1649/actual_results.csv"", ""event_load"": null, ""participation_status"": ""confirmed"", ""minutes_status"": ""unknown"", ""rotation_status"": ""unknown"", ""extra_time_minutes"": null, ""extra_time_status"": ""unknown""}]"
j2_2026_09121804_いわき_横浜FC,2026-09-12 18:04:00,いわき,横浜FC,0.0,0.0,6.1185,2.8901,0.0,1.0295,0.0,4.0,205.9,hit,6.12,7.92,conditions_v2,partial,home_base_to_opponent_base_proxy,2026-09-05 19:03:00,167.01666666666668,1,1,0,False,[],2026-09-06 18:03:00,144.01666666666668,1,2,0,False,[]
j2_2026_09121805_秋田_徳島,2026-09-12 18:05:00,秋田,徳島,0.0,0.0,1.2278,3.1035,0.0,3.93,0.0,4.0,786.0,hit,1.23,11.03,conditions_v2,partial,home_base_to_opponent_base_proxy,2026-09-06 18:03:00,144.03333333333333,1,3,1,True,"[{""datetime"": ""2026-09-02T19:03:00"", ""competition"": ""league_cup"", ""minutes_played"": null, ""core_usage"": null, ""source"": ""/Users/dev_tomo/Desktop/tt_prj_restart/data/eval/toto_rounds/toto1649/actual_results.csv"", ""event_load"": null, ""participation_status"": ""confirmed"", ""minutes_status"": ""unknown"", ""rotation_status"": ""unknown"", ""extra_time_minutes"": null, ""extra_time_status"": ""unknown""}]",2026-09-05 19:03:00,167.03333333333333,1,2,0,False,[]
j2_2026_09121835_八戸_湘南,2026-09-12 18:35:00,八戸,湘南,0.0,0.0,3.905,4.9035,0.0,3.0605,0.0,4.0,612.1,hit,3.9,11.96,conditions_v2,partial,home_base_to_opponent_base_proxy,2026-09-05 18:33:00,168.03333333333333,0,1,0,False,[],2026-09-05 19:03:00,167.53333333333333,1,2,0,False,[]
j2_2026_09121835_富山_栃木C,2026-09-12 18:35:00,富山,栃木Ｃ,0.0,0.0,2.605,5.9398,0.0,1.107,0.0,4.0,221.4,hit,2.61,11.05,conditions_v2,partial,home_base_to_opponent_base_proxy,2026-09-06 19:03:00,143.53333333333333,1,2,1,True,"[{""datetime"": ""2026-09-02T19:03:00"", ""competition"": ""league_cup"", ""minutes_played"": null, ""core_usage"": null, ""source"": ""/Users/dev_tomo/Desktop/tt_prj_restart/data/eval/toto_rounds/toto1649/actual_results.csv"", ""event_load"": null, ""participation_status"": ""confirmed"", ""minutes_status"": ""unknown"", ""rotation_status"": ""unknown"", ""extra_time_minutes"": null, ""extra_time_status"": ""unknown""}]",2026-09-06 13:03:00,149.53333333333333,1,1,0,False,[]
j2_2026_09121903_大宮_大分,2026-09-12 19:03:00,大宮,大分,0.0,0.0,3.393,3.5584,0.0,3.9505,0.0,4.0,790.1,hit,3.39,11.51,conditions_v2,partial,home_base_to_opponent_base_proxy,2026-09-06 18:03:00,145.0,1,3,1,True,"[{""datetime"": ""2026-09-02T19:04:00"", ""competition"": ""league_cup"", ""minutes_played"": null, ""core_usage"": null, ""source"": ""/Users/dev_tomo/Desktop/tt_prj_restart/data/eval/toto_rounds/toto1649/actual_results.csv"", ""event_load"": null, ""participation_status"": ""confirmed"", ""minutes_status"": ""unknown"", ""rotation_status"": ""unknown"", ""extra_time_minutes"": null, ""extra_time_status"": ""unknown""}]",2026-09-06 19:03:00,144.0,1,2,0,False,[]
j2_2026_09121904_今治_鳥栖,2026-09-12 19:04:00,今治,鳥栖,0.0,0.0,4.7338,3.8648,0.0,1.188,0.0,4.0,237.6,hit,4.73,9.05,conditions_v2,partial,home_base_to_opponent_base_proxy,2026-09-06 19:03:00,144.01666666666668,1,1,0,False,[],2026-09-05 19:03:00,168.01666666666668,0,1,0,False,[]
j2_2026_09121905_宮崎_藤枝,2026-09-12 19:05:00,宮崎,藤枝,0.0,0.0,4.0124,3.2519,0.0,3.4935,0.0,4.0,698.7,hit,4.01,10.75,conditions_v2,partial,home_base_to_opponent_base_proxy,2026-09-05 19:03:00,168.03333333333333,0,2,1,True,"[{""datetime"": ""2026-09-02T19:03:00"", ""competition"": ""league_cup"", ""minutes_played"": null, ""core_usage"": null, ""source"": ""/Users/dev_tomo/Desktop/tt_prj_restart/data/eval/toto_rounds/toto1649/actual_results.csv"", ""event_load"": null, ""participation_status"": ""confirmed"", ""minutes_status"": ""unknown"", ""rotation_status"": ""unknown"", ""extra_time_minutes"": null, ""extra_time_status"": ""unknown""}]",2026-09-05 18:33:00,168.53333333333333,0,1,0,False,[]
j2_2026_09121905_甲府_磐田,2026-09-12 19:05:00,甲府,磐田,0.0,0.0,5.0506,2.6482,0.0,0.595,0.0,4.0,119.0,hit,5.05,7.24,conditions_v2,partial,home_base_to_opponent_base_proxy,2026-09-05 19:03:00,168.03333333333333,0,1,0,False,[],2026-09-06 19:03:00,144.03333333333333,1,1,0,False,[]
j2_2026_09131805_新潟_山形,2026-09-13 18:05:00,新潟,山形,0.0,0.0,4.2969,3.7472,0.0,0.6295,0.0,4.0,125.9,hit,4.3,8.38,conditions_v2,partial,home_base_to_opponent_base_proxy,2026-09-06 18:03:00,168.03333333333333,0,1,0,False,[],2026-09-05 19:03:00,191.03333333333333,0,1,0,False,[]
j2_2026_09131806_仙台_札幌,2026-09-13 18:06:00,仙台,札幌,0.0,0.0,4.511,4.0656,0.0,2.6205,0.0,4.0,524.1,hit,4.51,10.69,conditions_v2,partial,home_base_to_opponent_base_proxy,2026-09-05 19:03:00,191.05,0,1,0,False,[],2026-09-06 13:03:00,173.05,0,1,0,False,[]
j2_2026_09181303_八戸_宮崎,2026-09-18 13:03:00,八戸,宮崎,0.0,0.0,3.4384,3.0104,0.0,6.498,0.0,4.0,1299.6,hit,3.44,13.51,conditions_v2,partial,home_base_to_opponent_base_proxy,2026-09-12 18:35:00,138.46666666666667,1,2,0,False,[],2026-09-12 19:05:00,137.96666666666667,1,2,0,False,[]
j2_2026_09191400_札幌_大分,2026-09-19 14:00:00,札幌,大分,0.0,0.0,5.7722,5.7609,0.0,6.916,0.0,4.0,1383.2,hit,5.77,16.68,conditions_v2,partial,home_base_to_opponent_base_proxy,2026-09-13 18:06:00,139.9,1,2,0,False,[],2026-09-12 19:03:00,162.95,1,2,0,False,[]
j2_2026_09191830_藤枝_大宮,2026-09-19 18:30:00,藤枝,大宮,0.0,0.0,5.1919,2.8331,0.0,0.8565,0.0,4.0,171.3,hit,5.19,7.69,conditions_v2,partial,home_base_to_opponent_base_proxy,2026-09-12 19:05:00,167.41666666666666,1,2,0,False,[],2026-09-12 19:03:00,167.45,1,2,0,False,[]
j2_2026_09191900_山形_富山,2026-09-19 19:00:00,山形,富山,0.0,0.0,4.8166,2.1761,0.0,1.6955,0.0,4.0,339.1,hit,4.82,7.87,conditions_v2,partial,home_base_to_opponent_base_proxy,2026-09-13 18:05:00,144.91666666666666,1,2,0,False,[],2026-09-12 18:35:00,168.41666666666666,0,2,0,False,[]
j2_2026_09191900_横浜FC_今治,2026-09-19 19:00:00,横浜FC,今治,0.0,0.0,3.8893,3.7858,0.0,3.1365,0.0,4.0,627.3,hit,3.89,10.92,conditions_v2,partial,home_base_to_opponent_base_proxy,2026-09-12 18:04:00,168.93333333333334,0,2,0,False,[],2026-09-12 19:04:00,167.93333333333334,1,2,0,False,[]
j2_2026_09191900_湘南_秋田,2026-09-19 19:00:00,湘南,秋田,0.0,0.0,6.2529,0.7474,0.0,2.4565,0.0,4.0,491.3,hit,6.25,7.2,conditions_v2,partial,home_base_to_opponent_base_proxy,2026-09-12 18:35:00,168.41666666666666,0,2,0,False,[],2026-09-12 18:05:00,168.91666666666666,0,2,0,False,[]
j2_2026_09191900_甲府_徳島,2026-09-19 19:00:00,甲府,徳島,0.0,0.0,4.0802,5.0732,0.0,1.9835,0.0,4.0,396.7,hit,4.08,11.06,conditions_v2,partial,home_base_to_opponent_base_proxy,2026-09-12 19:05:00,167.91666666666666,1,2,0,False,[],2026-09-12 18:05:00,168.91666666666666,0,2,0,False,[]
j2_2026_09191900_新潟_磐田,2026-09-19 19:00:00,新潟,磐田,0.0,0.0,3.7738,3.8538,0.0,1.834,0.0,4.0,366.8,hit,3.77,9.69,conditions_v2,partial,home_base_to_opponent_base_proxy,2026-09-13 18:05:00,144.91666666666666,1,2,0,False,[],2026-09-12 19:05:00,167.91666666666666,1,2,0,False,[]
j2_2026_09191900_鳥栖_いわき,2026-09-19 19:00:00,鳥栖,いわき,0.0,0.0,5.1117,4.9579,0.0,5.1145,0.0,4.0,1022.9,hit,5.11,14.07,conditions_v2,partial,home_base_to_opponent_base_proxy,2026-09-12 19:04:00,167.93333333333334,1,2,0,False,[],2026-09-12 18:04:00,168.93333333333334,0,2,0,False,[]
j2_2026_09201700_栃木C_仙台,2026-09-20 17:00:00,栃木Ｃ,仙台,0.0,0.0,6.618,3.6877,0.0,1.2295,0.0,4.0,245.9,hit,6.62,8.92,conditions_v2,partial,home_base_to_opponent_base_proxy,2026-09-12 18:35:00,190.41666666666666,0,1,0,False,[],2026-09-13 18:06:00,166.9,1,1,0,False,[]
j2_2026_09261700_いわき_仙台,2026-09-26 17:00:00,いわき,仙台,0.0,0.0,7.3136,4.8968,0.0,0.724,0.0,4.0,144.8,hit,7.31,9.62,conditions_v2,partial,home_base_to_opponent_base_proxy,2026-09-19 19:00:00,166.0,1,2,0,False,[],2026-09-20 17:00:00,144.0,1,2,0,False,[]
j2_2026_09261700_秋田_新潟,2026-09-26 17:00:00,秋田,新潟,0.0,0.0,2.9258,2.9962,0.0,1.1165,0.0,4.0,223.3,hit,2.93,8.11,conditions_v2,partial,home_base_to_opponent_base_proxy,2026-09-19 19:00:00,166.0,1,2,0,False,[],2026-09-19 19:00:00,166.0,1,2,0,False,[]
j2_2026_09261700_徳島_栃木C,2026-09-26 17:00:00,徳島,栃木Ｃ,0.0,0.0,6.4479,5.6802,0.0,2.5815,0.0,4.0,516.3,hit,6.45,12.26,conditions_v2,partial,home_base_to_opponent_base_proxy,2026-09-19 19:00:00,166.0,1,2,0,False,[],2026-09-20 17:00:00,144.0,1,2,0,False,[]
j2_2026_09261700_山形_鳥栖,2026-09-26 17:00:00,山形,鳥栖,0.0,0.0,3.8064,4.0592,0.0,5.2255,0.0,4.0,1045.1,hit,3.81,13.28,conditions_v2,partial,home_base_to_opponent_base_proxy,2026-09-19 19:00:00,166.0,1,2,0,False,[],2026-09-19 19:00:00,166.0,1,2,0,False,[]
j2_2026_09261700_富山_横浜FC,2026-09-26 17:00:00,富山,横浜FC,0.0,0.0,3.9082,3.2894,0.0,1.2585,0.0,4.0,251.7,hit,3.91,8.55,conditions_v2,partial,home_base_to_opponent_base_proxy,2026-09-19 19:00:00,166.0,1,2,0,False,[],2026-09-19 19:00:00,166.0,1,2,0,False,[]
j2_2026_09261700_磐田_八戸,2026-09-26 17:00:00,磐田,八戸,0.0,0.0,5.1597,2.9156,0.0,3.621,0.0,4.0,724.2,hit,5.16,10.54,conditions_v2,partial,home_base_to_opponent_base_proxy,2026-09-19 19:00:00,166.0,1,2,0,False,[],2026-09-18 13:03:00,195.95,0,2,0,False,[]
j2_2026_09261700_大宮_甲府,2026-09-26 17:00:00,大宮,甲府,0.0,0.0,4.1927,3.3711,0.0,0.4985,0.0,4.0,99.7,hit,4.19,7.87,conditions_v2,partial,home_base_to_opponent_base_proxy,2026-09-19 18:30:00,166.5,1,2,0,False,[],2026-09-19 19:00:00,166.0,1,2,0,False,[]
j2_2026_09261700_大分_藤枝,2026-09-26 17:00:00,大分,藤枝,0.0,0.0,8.5858,4.328,0.0,3.1695,0.0,4.0,633.9,hit,8.59,11.5,conditions_v2,partial,home_base_to_opponent_base_proxy,2026-09-19 14:00:00,171.0,0,2,0,False,[],2026-09-19 18:30:00,166.5,1,2,0,False,[]
j2_2026_09261700_今治_湘南,2026-09-26 17:00:00,今治,湘南,0.0,0.0,5.6098,5.1466,0.0,3.0055,0.0,4.0,601.1,hit,5.61,12.15,conditions_v2,partial,home_base_to_opponent_base_proxy,2026-09-19 19:00:00,166.0,1,2,0,False,[],2026-09-19 19:00:00,166.0,1,2,0,False,[]
j2_2026_09261700_宮崎_札幌,2026-09-26 17:00:00,宮崎,札幌,0.0,0.0,6.3334,4.6461,0.0,7.4795,0.0,4.0,1495.9,hit,6.33,16.13,conditions_v2,partial,home_base_to_opponent_base_proxy,2026-09-18 13:03:00,195.95,0,2,0,False,[],2026-09-19 14:00:00,171.0,0,2,0,False,[]
j2_2026_10031400_新潟_徳島,2026-10-03 14:00:00,新潟,徳島,0.0,0.0,4.0239,5.5715,0.0,2.872,0.0,4.0,574.4,hit,4.02,12.44,conditions_v2,partial,home_base_to_opponent_base_proxy,2026-09-26 17:00:00,165.0,1,2,0,False,[],2026-09-26 17:00:00,165.0,1,2,0,False,[]
j2_2026_10031400_藤枝_湘南,2026-10-03 14:00:00,藤枝,湘南,0.0,0.0,6.1371,6.7002,0.0,0.566,0.0,4.0,113.2,hit,6.14,11.27,conditions_v2,partial,home_base_to_opponent_base_proxy,2026-09-26 17:00:00,165.0,1,2,0,False,[],2026-09-26 17:00:00,165.0,1,2,0,False,[]
j2_2026_10031600_甲府_富山,2026-10-03 16:00:00,甲府,富山,0.0,0.0,4.0755,3.2027,0.0,0.838,0.0,4.0,167.6,hit,4.08,8.04,conditions_v2,partial,home_base_to_opponent_base_proxy,2026-09-26 17:00:00,167.0,1,2,0,False,[],2026-09-26 17:00:00,167.0,1,2,0,False,[]
j2_2026_10031700_大分_山形,2026-10-03 17:00:00,大分,山形,0.0,0.0,7.4913,3.1332,0.0,4.857,0.0,4.0,971.4,hit,7.49,11.99,conditions_v2,partial,home_base_to_opponent_base_proxy,2026-09-26 17:00:00,168.0,1,1,0,False,[],2026-09-26 17:00:00,168.0,1,2,0,False,[]
j2_2026_10031700_栃木C_今治,2026-10-03 17:00:00,栃木Ｃ,今治,0.0,0.0,6.7199,4.6212,0.0,3.295,0.0,4.0,659.0,hit,6.72,11.92,conditions_v2,partial,home_base_to_opponent_base_proxy,2026-09-26 17:00:00,168.0,1,2,0,False,[],2026-09-26 17:00:00,168.0,1,2,0,False,[]
j2_2026_10041300_札幌_いわき,2026-10-04 13:00:00,札幌,いわき,0.0,0.0,7.867,5.9861,0.0,3.3425,0.0,4.0,668.5,hit,7.87,13.33,conditions_v2,partial,home_base_to_opponent_base_proxy,2026-09-26 17:00:00,188.0,0,1,0,False,[],2026-09-26 17:00:00,188.0,0,1,0,False,[]
j2_2026_10041300_八戸_横浜FC,2026-10-04 13:00:00,八戸,横浜FC,0.0,0.0,4.766,4.5616,0.0,2.9605,0.0,4.0,592.1,hit,4.77,11.52,conditions_v2,partial,home_base_to_opponent_base_proxy,2026-09-26 17:00:00,188.0,0,1,0,False,[],2026-09-26 17:00:00,188.0,0,1,0,False,[]
j2_2026_10041400_秋田_鳥栖,2026-10-04 14:00:00,秋田,鳥栖,0.0,0.0,2.5876,6.5773,0.0,5.54,0.0,4.0,1108.0,hit,2.59,16.12,conditions_v2,partial,home_base_to_opponent_base_proxy,2026-09-26 17:00:00,189.0,0,1,0,False,[],2026-09-26 17:00:00,189.0,0,1,0,False,[]
j2_2026_10041500_仙台_磐田,2026-10-04 15:00:00,仙台,磐田,0.0,0.0,5.6018,4.4678,0.0,2.4075,0.0,4.0,481.5,hit,5.6,10.88,conditions_v2,partial,home_base_to_opponent_base_proxy,2026-09-26 17:00:00,190.0,0,2,0,False,[],2026-09-26 17:00:00,190.0,0,1,0,False,[]
j2_2026_10041900_宮崎_大宮,2026-10-04 19:00:00,宮崎,大宮,0.0,0.0,5.3196,3.3447,0.0,4.3165,0.0,4.0,863.3,hit,5.32,11.66,conditions_v2,partial,home_base_to_opponent_base_proxy,2026-09-26 17:00:00,194.0,0,1,0,False,[],2026-09-26 17:00:00,194.0,0,1,0,False,[]
j2_2026_10101400_鳥栖_藤枝,2026-10-10 14:00:00,鳥栖,藤枝,0.0,0.0,8.8091,4.9667,0.0,3.6465,0.0,4.0,729.3,hit,8.81,12.61,conditions_v2,partial,home_base_to_opponent_base_proxy,2026-10-04 14:00:00,144.0,1,2,0,False,[],2026-10-03 14:00:00,168.0,1,2,0,False,[]
j2_2026_10101400_横浜FC_大分,2026-10-10 14:00:00,横浜FC,大分,0.0,0.0,6.1313,6.0068,0.0,3.8585,0.0,4.0,771.7,hit,6.13,13.87,conditions_v2,partial,home_base_to_opponent_base_proxy,2026-10-04 13:00:00,145.0,1,2,0,False,[],2026-10-03 17:00:00,165.0,1,2,0,False,[]
j2_2026_10101400_徳島_今治,2026-10-10 14:00:00,徳島,今治,0.0,0.0,6.7505,6.3849,0.0,0.7665,0.0,4.0,153.3,hit,6.75,11.15,conditions_v2,partial,home_base_to_opponent_base_proxy,2026-10-03 14:00:00,168.0,1,2,0,False,[],2026-10-03 17:00:00,165.0,1,2,0,False,[]
j2_2026_10101400_大宮_八戸,2026-10-10 14:00:00,大宮,八戸,0.0,0.0,5.6889,4.1192,0.0,2.7175,0.0,4.0,543.5,hit,5.69,10.84,conditions_v2,partial,home_base_to_opponent_base_proxy,2026-10-04 19:00:00,139.0,1,2,0,False,[],2026-10-04 13:00:00,145.0,1,2,0,False,[]
j2_2026_10101600_甲府_栃木C,2026-10-10 16:00:00,甲府,栃木Ｃ,0.0,0.0,3.4083,5.4661,0.0,0.6195,0.0,4.0,123.9,hit,3.41,10.09,conditions_v2,partial,home_base_to_opponent_base_proxy,2026-10-03 16:00:00,168.0,1,2,0,False,[],2026-10-03 17:00:00,167.0,1,2,0,False,[]
j2_2026_10101800_磐田_札幌,2026-10-10 18:00:00,磐田,札幌,0.0,0.0,5.8071,6.5558,0.0,4.855,0.0,4.0,971.0,hit,5.81,15.41,conditions_v2,partial,home_base_to_opponent_base_proxy,2026-10-04 15:00:00,147.0,1,1,0,False,[],2026-10-04 13:00:00,149.0,1,1,0,False,[]
j2_2026_10111305_山形_仙台,2026-10-11 13:05:00,山形,仙台,0.0,0.0,5.4395,4.7765,0.0,0.22,0.0,4.0,44.0,hit,5.44,9.0,conditions_v2,partial,home_base_to_opponent_base_proxy,2026-10-03 17:00:00,188.08333333333334,0,1,0,False,[],2026-10-04 15:00:00,166.08333333333334,1,1,0,False,[]
j2_2026_10111400_富山_宮崎,2026-10-11 14:00:00,富山,宮崎,0.0,0.0,4.383,4.4794,0.0,3.64,0.0,4.0,728.0,hit,4.38,12.12,conditions_v2,partial,home_base_to_opponent_base_proxy,2026-10-03 16:00:00,190.0,0,1,0,False,[],2026-10-04 19:00:00,163.0,1,1,0,False,[]
j2_2026_10111500_いわき_秋田,2026-10-11 15:00:00,いわき,秋田,0.0,0.0,7.535,2.2112,0.0,1.5405,0.0,4.0,308.1,hit,7.53,7.75,conditions_v2,partial,home_base_to_opponent_base_proxy,2026-10-04 13:00:00,170.0,0,1,0,False,[],2026-10-04 14:00:00,169.0,0,1,0,False,[]
j2_2026_10111800_湘南_新潟,2026-10-11 18:00:00,湘南,新潟,0.0,0.0,6.9989,3.4083,0.0,1.455,0.0,4.0,291.0,hit,7.0,8.86,conditions_v2,partial,home_base_to_opponent_base_proxy,2026-10-03 14:00:00,196.0,0,1,0,False,[],2026-10-03 14:00:00,196.0,0,1,0,False,[]
j2_2026_10171400_鳥栖_大宮,2026-10-17 14:00:00,鳥栖,大宮,0.0,0.0,7.6351,4.7426,0.0,4.4,0.0,4.0,880.0,hit,7.64,13.14,conditions_v2,partial,home_base_to_opponent_base_proxy,2026-10-10 14:00:00,168.0,1,2,0,False,[],2026-10-10 14:00:00,168.0,1,2,0,False,[]
j2_2026_10171400_藤枝_山形,2026-10-17 14:00:00,藤枝,山形,0.0,0.0,6.7918,4.6825,0.0,2.1455,0.0,4.0,429.1,hit,6.79,10.83,conditions_v2,partial,home_base_to_opponent_base_proxy,2026-10-10 14:00:00,168.0,1,2,0,False,[],2026-10-11 13:05:00,144.91666666666666,1,2,0,False,[]
j2_2026_10171400_栃木C_横浜FC,2026-10-17 14:00:00,栃木Ｃ,横浜FC,0.0,0.0,6.1001,5.3052,0.0,0.4835,0.0,4.0,96.7,hit,6.1,9.79,conditions_v2,partial,home_base_to_opponent_base_proxy,2026-10-10 16:00:00,166.0,1,2,0,False,[],2026-10-10 14:00:00,168.0,1,2,0,False,[]
j2_2026_10171400_札幌_秋田,2026-10-17 14:00:00,札幌,秋田,0.0,0.0,8.5797,3.5232,0.0,1.9115,0.0,4.0,382.3,hit,8.58,9.43,conditions_v2,partial,home_base_to_opponent_base_proxy,2026-10-10 18:00:00,164.0,1,2,0,False,[],2026-10-11 15:00:00,143.0,1,2,0,False,[]
j2_2026_10171400_仙台_徳島,2026-10-17 14:00:00,仙台,徳島,0.0,0.0,5.2312,5.4961,0.0,3.634,0.0,4.0,726.8,hit,5.23,13.13,conditions_v2,partial,home_base_to_opponent_base_proxy,2026-10-11 13:05:00,144.91666666666666,1,2,0,False,[],2026-10-10 14:00:00,168.0,1,2,0,False,[]
j2_2026_10171400_大分_新潟,2026-10-17 14:00:00,大分,新潟,0.0,0.0,7.2097,4.7182,0.0,4.239,0.0,4.0,847.8,hit,7.21,12.96,conditions_v2,partial,home_base_to_opponent_base_proxy,2026-10-10 14:00:00,168.0,1,2,0,False,[],2026-10-11 18:00:00,140.0,1,2,0,False,[]
j2_2026_10171400_今治_八戸,2026-10-17 14:00:00,今治,八戸,0.0,0.0,6.8472,5.7997,0.0,5.227,0.0,4.0,1045.4,hit,6.85,15.03,conditions_v2,partial,home_base_to_opponent_base_proxy,2026-10-10 14:00:00,168.0,1,2,0,False,[],2026-10-10 14:00:00,168.0,1,2,0,False,[]
j2_2026_10171800_富山_湘南,2026-10-17 18:00:00,富山,湘南,0.0,0.0,3.533,5.9181,0.0,1.1995,0.0,4.0,239.9,hit,3.53,11.12,conditions_v2,partial,home_base_to_opponent_base_proxy,2026-10-11 14:00:00,148.0,1,1,0,False,[],2026-10-11 18:00:00,144.0,1,1,0,False,[]
j2_2026_10171900_宮崎_磐田,2026-10-17 19:00:00,宮崎,磐田,0.0,0.0,5.939,4.7235,0.0,3.3085,0.0,4.0,661.7,hit,5.94,12.03,conditions_v2,partial,home_base_to_opponent_base_proxy,2026-10-11 14:00:00,149.0,1,2,0,False,[],2026-10-10 18:00:00,169.0,0,2,0,False,[]
j2_2026_10181300_いわき_甲府,2026-10-18 13:00:00,いわき,甲府,0.0,0.0,6.0343,2.795,0.0,1.2805,0.0,4.0,256.1,hit,6.03,8.08,conditions_v2,partial,home_base_to_opponent_base_proxy,2026-10-11 15:00:00,166.0,1,2,0,False,[],2026-10-10 16:00:00,189.0,0,1,0,False,[]
j2_2026_10211300_山形_札幌,2026-10-21 13:00:00,山形,札幌,0.0208,0.0208,6.0767,6.8718,0.0,2.6375,0.0,4.0,527.5,hit,6.1,13.53,conditions_v2,partial,home_base_to_opponent_base_proxy,2026-10-17 14:00:00,95.0,1,2,0,False,[],2026-10-17 14:00:00,95.0,1,2,0,False,[]
j2_2026_10211900_宮崎_秋田,2026-10-21 19:00:00,宮崎,秋田,0.0,0.0,5.0345,5.1112,0.0,5.747,0.0,4.0,1149.4,hit,5.03,14.86,conditions_v2,partial,home_base_to_opponent_base_proxy,2026-10-17 19:00:00,96.0,1,2,0,False,[],2026-10-17 14:00:00,101.0,1,2,0,False,[]
j2_2026_10211900_磐田_大分,2026-10-21 19:00:00,磐田,大分,0.0,0.0,6.4601,6.0456,0.0,2.9895,0.0,4.0,597.9,hit,6.46,13.04,conditions_v2,partial,home_base_to_opponent_base_proxy,2026-10-17 19:00:00,96.0,1,2,0,False,[],2026-10-17 14:00:00,101.0,1,2,0,False,[]
j2_2026_10211900_湘南_いわき,2026-10-21 19:00:00,湘南,いわき,0.0,0.375,6.4175,4.9519,0.0,1.1545,0.0,4.0,230.9,hit,6.42,10.48,conditions_v2,partial,home_base_to_opponent_base_proxy,2026-10-17 18:00:00,97.0,1,2,0,False,[],2026-10-18 13:00:00,78.0,1,2,0,False,[]
j2_2026_10211900_甲府_横浜FC,2026-10-21 19:00:00,甲府,横浜FC,0.375,0.0,3.9156,5.8045,0.0,0.4665,0.0,4.0,93.3,hit,4.29,10.27,conditions_v2,partial,home_base_to_opponent_base_proxy,2026-10-18 13:00:00,78.0,1,2,0,False,[],2026-10-17 14:00:00,101.0,1,2,0,False,[]
j2_2026_10211900_栃木C_藤枝,2026-10-21 19:00:00,栃木Ｃ,藤枝,0.0,0.0,4.8241,5.5135,0.0,1.031,0.0,4.0,206.2,hit,4.82,10.54,conditions_v2,partial,home_base_to_opponent_base_proxy,2026-10-17 14:00:00,101.0,1,2,0,False,[],2026-10-17 14:00:00,101.0,1,2,0,False,[]
j2_2026_10211900_仙台_今治,2026-10-21 19:00:00,仙台,今治,0.0,0.0,4.1904,5.8184,0.0,4.275,0.0,4.0,855.0,hit,4.19,14.09,conditions_v2,partial,home_base_to_opponent_base_proxy,2026-10-17 14:00:00,101.0,1,2,0,False,[],2026-10-17 14:00:00,101.0,1,2,0,False,[]
j2_2026_10211900_徳島_八戸,2026-10-21 19:00:00,徳島,八戸,0.0,0.0,7.19,7.9033,0.0,4.674,0.0,4.0,934.8,hit,7.19,16.58,conditions_v2,partial,home_base_to_opponent_base_proxy,2026-10-17 14:00:00,101.0,1,2,0,False,[],2026-10-17 14:00:00,101.0,1,2,0,False,[]
j2_2026_10211900_大宮_富山,2026-10-21 19:00:00,大宮,富山,0.0,0.0,6.9038,2.9172,0.0,1.1615,0.0,4.0,232.3,hit,6.9,8.08,conditions_v2,partial,home_base_to_opponent_base_proxy,2026-10-17 14:00:00,101.0,1,2,0,False,[],2026-10-17 18:00:00,97.0,1,2,0,False,[]
j2_2026_10211900_新潟_鳥栖,2026-10-21 19:00:00,新潟,鳥栖,0.0,0.0,6.7101,6.0458,0.0,4.5995,0.0,4.0,919.9,hit,6.71,14.65,conditions_v2,partial,home_base_to_opponent_base_proxy,2026-10-17 14:00:00,101.0,1,2,0,False,[],2026-10-17 14:00:00,101.0,1,2,0,False,[]
j2_2026_10241400_大宮_横浜FC,2026-10-24 14:00:00,大宮,横浜FC,0.6042,0.6042,5.6138,6.1657,0.0,0.249,0.0,4.0,49.8,hit,6.22,11.02,conditions_v2,partial,home_base_to_opponent_base_proxy,2026-10-21 19:00:00,67.0,2,3,0,False,[],2026-10-21 19:00:00,67.0,2,3,0,False,[]
j2_2026_10241400_藤枝_徳島,2026-10-24 14:00:00,藤枝,徳島,0.6042,0.6042,6.3102,5.8176,0.0,1.703,0.0,4.0,340.6,hit,6.91,12.12,conditions_v2,partial,home_base_to_opponent_base_proxy,2026-10-21 19:00:00,67.0,2,3,0,False,[],2026-10-21 19:00:00,67.0,2,3,0,False,[]
j2_2026_10251400_秋田_今治,2026-10-25 14:00:00,秋田,今治,0.1042,0.1042,7.8625,7.4173,0.0,4.4745,0.0,4.0,894.9,hit,7.97,16.0,conditions_v2,partial,home_base_to_opponent_base_proxy,2026-10-21 19:00:00,91.0,1,3,0,False,[],2026-10-21 19:00:00,91.0,1,2,0,False,[]
j2_2026_10251400_大分_甲府,2026-10-25 14:00:00,大分,甲府,0.1042,0.1042,7.3908,3.4577,0.0,3.452,0.0,4.0,690.4,hit,7.49,11.01,conditions_v2,partial,home_base_to_opponent_base_proxy,2026-10-21 19:00:00,91.0,1,2,0,False,[],2026-10-21 19:00:00,91.0,1,2,0,False,[]
j2_2026_10251400_富山_札幌,2026-10-25 14:00:00,富山,札幌,0.1042,0.0,3.9725,7.9926,0.0,3.981,0.0,4.0,796.2,hit,4.08,15.97,conditions_v2,partial,home_base_to_opponent_base_proxy,2026-10-21 19:00:00,91.0,1,3,0,False,[],2026-10-21 13:00:00,97.0,1,2,0,False,[]
j2_2026_10251400_山形_宮崎,2026-10-25 14:00:00,山形,宮崎,0.0,0.1042,4.8437,4.1618,0.0,5.3265,0.0,4.0,1065.3,hit,4.84,13.59,conditions_v2,partial,home_base_to_opponent_base_proxy,2026-10-21 13:00:00,97.0,1,2,0,False,[],2026-10-21 19:00:00,91.0,1,3,0,False,[]
j2_2026_10251400_新潟_仙台,2026-10-25 14:00:00,新潟,仙台,0.1042,0.1042,5.8263,3.4125,0.0,0.8335,0.0,4.0,166.7,hit,5.93,8.35,conditions_v2,partial,home_base_to_opponent_base_proxy,2026-10-21 19:00:00,91.0,1,3,0,False,[],2026-10-21 19:00:00,91.0,1,2,0,False,[]
j2_2026_10251400_鳥栖_八戸,2026-10-25 14:00:00,鳥栖,八戸,0.1042,0.1042,7.5338,9.8911,0.0,6.292,0.0,4.0,1258.4,hit,7.64,20.29,conditions_v2,partial,home_base_to_opponent_base_proxy,2026-10-21 19:00:00,91.0,1,2,0,False,[],2026-10-21 19:00:00,91.0,1,2,0,False,[]
j2_2026_10251500_いわき_磐田,2026-10-25 15:00:00,いわき,磐田,0.0833,0.0833,5.6288,5.2482,0.0,1.8535,0.0,4.0,370.7,hit,5.71,11.18,conditions_v2,partial,home_base_to_opponent_base_proxy,2026-10-21 19:00:00,92.0,1,3,0,False,[],2026-10-21 19:00:00,92.0,1,2,0,False,[]
j2_2026_10251800_湘南_栃木C,2026-10-25 18:00:00,湘南,栃木Ｃ,0.0208,0.0208,5.1695,3.917,0.0,0.5695,0.0,4.0,113.9,hit,5.19,8.51,conditions_v2,partial,home_base_to_opponent_base_proxy,2026-10-21 19:00:00,95.0,1,3,0,False,[],2026-10-21 19:00:00,95.0,1,2,0,False,[]
j2_2026_10311300_札幌_湘南,2026-10-31 13:00:00,札幌,湘南,0.0,0.0,9.1547,4.2119,0.0,4.357,0.0,4.0,871.4,hit,9.15,12.57,conditions_v2,partial,home_base_to_opponent_base_proxy,2026-10-25 14:00:00,143.0,1,3,0,False,[],2026-10-25 18:00:00,139.0,1,3,0,False,[]
j2_2026_10311400_栃木C_いわき,2026-10-31 14:00:00,栃木Ｃ,いわき,0.0,0.0,4.5524,4.699,0.0,0.6615,0.0,4.0,132.3,hit,4.55,9.36,conditions_v2,partial,home_base_to_opponent_base_proxy,2026-10-25 18:00:00,140.0,1,3,0,False,[],2026-10-25 15:00:00,143.0,1,3,0,False,[]
j2_2026_10311400_秋田_藤枝,2026-10-31 14:00:00,秋田,藤枝,0.0,0.0,6.7034,5.2081,0.0,2.814,0.0,4.0,562.8,hit,6.7,12.02,conditions_v2,partial,home_base_to_opponent_base_proxy,2026-10-25 14:00:00,144.0,1,3,0,False,[],2026-10-24 14:00:00,168.0,1,3,0,False,[]
j2_2026_10311400_新潟_富山,2026-10-31 14:00:00,新潟,富山,0.0,0.0,4.7134,3.3959,0.0,1.081,0.0,4.0,216.2,hit,4.71,8.48,conditions_v2,partial,home_base_to_opponent_base_proxy,2026-10-25 14:00:00,144.0,1,3,0,False,[],2026-10-25 14:00:00,144.0,1,3,0,False,[]
j2_2026_10311400_磐田_鳥栖,2026-10-31 14:00:00,磐田,鳥栖,0.0,0.0,6.41,6.3659,0.0,3.47,0.0,4.0,694.0,hit,6.41,13.84,conditions_v2,partial,home_base_to_opponent_base_proxy,2026-10-25 15:00:00,143.0,1,3,0,False,[],2026-10-25 14:00:00,144.0,1,3,0,False,[]
j2_2026_10311400_宮崎_大分,2026-10-31 14:00:00,宮崎,大分,0.0,0.0,6.3582,5.9512,0.0,0.6315,0.0,4.0,126.3,hit,6.36,10.58,conditions_v2,partial,home_base_to_opponent_base_proxy,2026-10-25 14:00:00,144.0,1,3,0,False,[],2026-10-25 14:00:00,144.0,1,3,0,False,[]
j2_2026_10311400_八戸_山形,2026-10-31 14:00:00,八戸,山形,0.0,0.0,11.9187,3.9976,0.0,1.336,0.0,4.0,267.2,hit,11.92,9.33,conditions_v2,partial,home_base_to_opponent_base_proxy,2026-10-25 14:00:00,144.0,1,3,0,False,[],2026-10-25 14:00:00,144.0,1,3,0,False,[]
j2_2026_10311400_仙台_大宮,2026-10-31 14:00:00,仙台,大宮,0.0,0.0,4.2838,4.8713,0.0,1.446,0.0,4.0,289.2,hit,4.28,10.32,conditions_v2,partial,home_base_to_opponent_base_proxy,2026-10-25 14:00:00,144.0,1,3,0,False,[],2026-10-24 14:00:00,168.0,1,3,0,False,[]
j2_2026_10311400_徳島_横浜FC,2026-10-31 14:00:00,徳島,横浜FC,0.0,0.0,6.9947,6.8897,0.0,2.3875,0.0,4.0,477.5,hit,6.99,13.28,conditions_v2,partial,home_base_to_opponent_base_proxy,2026-10-24 14:00:00,168.0,1,3,0,False,[],2026-10-24 14:00:00,168.0,1,3,0,False,[]
j2_2026_10311405_今治_甲府,2026-10-31 14:05:00,今治,甲府,0.0,0.0,9.102,5.5205,0.0,2.7155,0.0,4.0,543.1,hit,9.1,12.24,conditions_v2,partial,home_base_to_opponent_base_proxy,2026-10-25 14:00:00,144.08333333333334,1,2,0,False,[],2026-10-25 14:00:00,144.08333333333334,1,3,0,False,[]
j2_2026_11031355_富山_仙台,2026-11-03 13:55:00,富山,仙台,0.5017,0.5017,4.5901,3.5884,0.0,1.8795,0.0,4.0,375.9,hit,5.09,9.97,conditions_v2,partial,home_base_to_opponent_base_proxy,2026-10-31 14:00:00,71.91666666666667,1,3,0,False,[],2026-10-31 14:00:00,71.91666666666667,1,3,0,False,[]
j2_2026_11031400_藤枝_磐田,2026-11-03 14:00:00,藤枝,磐田,0.5,0.5,6.6451,5.1265,0.0,0.185,0.0,4.0,37.0,hit,7.15,9.81,conditions_v2,partial,home_base_to_opponent_base_proxy,2026-10-31 14:00:00,72.0,1,3,0,False,[],2026-10-31 14:00:00,72.0,1,3,0,False,[]
j2_2026_11031400_甲府_新潟,2026-11-03 14:00:00,甲府,新潟,0.5017,0.5,6.9144,3.5068,0.0,1.274,0.0,4.0,254.8,hit,7.42,9.28,conditions_v2,partial,home_base_to_opponent_base_proxy,2026-10-31 14:05:00,71.91666666666667,1,3,0,False,[],2026-10-31 14:00:00,72.0,1,3,0,False,[]
j2_2026_11031400_湘南_鳥栖,2026-11-03 14:00:00,湘南,鳥栖,0.4792,0.5,6.0789,7.8347,0.0,4.193,0.0,4.0,838.6,hit,6.56,16.53,conditions_v2,partial,home_base_to_opponent_base_proxy,2026-10-31 13:00:00,73.0,1,3,0,False,[],2026-10-31 14:00:00,72.0,1,3,0,False,[]
j2_2026_11031400_山形_徳島,2026-11-03 14:00:00,山形,徳島,0.5,0.5,4.8453,5.5921,0.0,3.4685,0.0,4.0,693.7,hit,5.35,13.56,conditions_v2,partial,home_base_to_opponent_base_proxy,2026-10-31 14:00:00,72.0,1,3,0,False,[],2026-10-31 14:00:00,72.0,1,3,0,False,[]
j2_2026_11031400_横浜FC_秋田,2026-11-03 14:00:00,横浜FC,秋田,0.5,0.5,7.8779,5.4254,0.0,2.374,0.0,4.0,474.8,hit,8.38,12.3,conditions_v2,partial,home_base_to_opponent_base_proxy,2026-10-31 14:00:00,72.0,1,3,0,False,[],2026-10-31 14:00:00,72.0,1,3,0,False,[]
j2_2026_11031400_大宮_いわき,2026-11-03 14:00:00,大宮,いわき,0.5,0.5,5.545,5.4667,0.0,0.823,0.0,4.0,164.6,hit,6.05,10.79,conditions_v2,partial,home_base_to_opponent_base_proxy,2026-10-31 14:00:00,72.0,1,3,0,False,[],2026-10-31 14:00:00,72.0,1,3,0,False,[]
j2_2026_11031400_大分_八戸,2026-11-03 14:00:00,大分,八戸,0.5,0.5,6.5064,9.8867,0.0,5.981,0.0,4.0,1196.2,hit,7.01,20.37,conditions_v2,partial,home_base_to_opponent_base_proxy,2026-10-31 14:00:00,72.0,1,3,0,False,[],2026-10-31 14:00:00,72.0,1,3,0,False,[]
j2_2026_11031400_宮崎_栃木C,2026-11-03 14:00:00,宮崎,栃木Ｃ,0.5,0.5,5.4473,3.7772,0.0,4.4335,0.0,4.0,886.7,hit,5.95,12.71,conditions_v2,partial,home_base_to_opponent_base_proxy,2026-10-31 14:00:00,72.0,1,3,0,False,[],2026-10-31 14:00:00,72.0,1,3,0,False,[]
j2_2026_11031450_今治_札幌,2026-11-03 14:50:00,今治,札幌,0.4844,0.4618,7.7942,7.7519,0.0,6.19,0.0,4.0,1238.0,hit,8.28,18.4,conditions_v2,partial,home_base_to_opponent_base_proxy,2026-10-31 14:05:00,72.75,1,3,0,False,[],2026-10-31 13:00:00,73.83333333333333,1,3,0,False,[]
j2_2026_11071400_いわき_山形,2026-11-07 14:00:00,いわき,山形,0.0,0.0,6.2197,4.2219,0.0,0.7635,0.0,4.0,152.7,hit,6.22,8.99,conditions_v2,partial,home_base_to_opponent_base_proxy,2026-11-03 14:00:00,96.0,2,3,0,False,[],2026-11-03 14:00:00,96.0,2,3,0,False,[]
j2_2026_11071400_徳島_宮崎,2026-11-07 14:00:00,徳島,宮崎,0.0,0.0,7.3576,4.7124,0.0,1.864,0.0,4.0,372.8,hit,7.36,10.58,conditions_v2,partial,home_base_to_opponent_base_proxy,2026-11-03 14:00:00,96.0,2,3,0,False,[],2026-11-03 14:00:00,96.0,2,3,0,False,[]
j2_2026_11071400_新潟_今治,2026-11-07 14:00:00,新潟,今治,0.0,0.0174,4.784,6.3175,0.0,3.477,0.0,4.0,695.4,hit,4.78,13.81,conditions_v2,partial,home_base_to_opponent_base_proxy,2026-11-03 14:00:00,96.0,2,3,0,False,[],2026-11-03 14:50:00,95.16666666666667,2,3,0,False,[]
j2_2026_11071400_横浜FC_藤枝,2026-11-07 14:00:00,横浜FC,藤枝,0.0,0.0,6.6896,5.5966,0.0,0.7035,0.0,4.0,140.7,hit,6.69,10.3,conditions_v2,partial,home_base_to_opponent_base_proxy,2026-11-03 14:00:00,96.0,2,3,0,False,[],2026-11-03 14:00:00,96.0,2,3,0,False,[]
j2_2026_11071400_秋田_大分,2026-11-07 14:00:00,秋田,大分,0.0,0.0,6.4421,5.3183,0.0,5.228,0.0,4.0,1045.6,hit,6.44,14.55,conditions_v2,partial,home_base_to_opponent_base_proxy,2026-11-03 14:00:00,96.0,2,3,0,False,[],2026-11-03 14:00:00,96.0,2,3,0,False,[]
j2_2026_11071400_鳥栖_富山,2026-11-07 14:00:00,鳥栖,富山,0.0,0.0,9.3157,3.8852,0.0,3.5365,0.0,4.0,707.3,hit,9.32,11.42,conditions_v2,partial,home_base_to_opponent_base_proxy,2026-11-03 14:00:00,96.0,2,3,0,False,[],2026-11-03 13:55:00,96.08333333333333,2,3,0,False,[]
j2_2026_11081300_八戸_札幌,2026-11-08 13:00:00,八戸,札幌,0.0,0.0,11.5412,9.8696,0.0,1.3485,0.0,4.0,269.7,hit,11.54,15.22,conditions_v2,partial,home_base_to_opponent_base_proxy,2026-11-03 14:00:00,119.0,1,3,0,False,[],2026-11-03 14:50:00,118.16666666666667,1,3,0,False,[]
j2_2026_11081400_磐田_湘南,2026-11-08 14:00:00,磐田,湘南,0.0,0.0,5.8345,5.3282,0.0,0.7505,0.0,4.0,150.1,hit,5.83,10.08,conditions_v2,partial,home_base_to_opponent_base_proxy,2026-11-03 14:00:00,120.0,1,3,0,False,[],2026-11-03 14:00:00,120.0,1,3,0,False,[]
j2_2026_11081400_栃木C_大宮,2026-11-08 14:00:00,栃木Ｃ,大宮,0.0,0.0,6.21,4.801,0.0,0.2345,0.0,4.0,46.9,hit,6.21,9.04,conditions_v2,partial,home_base_to_opponent_base_proxy,2026-11-03 14:00:00,120.0,1,3,0,False,[],2026-11-03 14:00:00,120.0,1,2,0,False,[]
j2_2026_11081500_仙台_甲府,2026-11-08 15:00:00,仙台,甲府,0.0,0.0,5.1811,6.1442,0.0,1.812,0.0,4.0,362.4,hit,5.18,11.96,conditions_v2,partial,home_base_to_opponent_base_proxy,2026-11-03 13:55:00,121.08333333333333,1,2,0,False,[],2026-11-03 14:00:00,121.0,1,2,0,False,[]
j2_2026_11141400_大分_栃木C,2026-11-14 14:00:00,大分,栃木Ｃ,0.0,0.0,7.5508,5.1709,0.0,4.042,0.0,4.0,808.4,hit,7.55,13.21,conditions_v2,partial,home_base_to_opponent_base_proxy,2026-11-07 14:00:00,168.0,1,3,0,False,[],2026-11-08 14:00:00,144.0,1,3,0,False,[]
j2_2026_11141400_大宮_山形,2026-11-14 14:00:00,大宮,山形,0.0,0.0,5.4032,5.1473,0.0,1.385,0.0,4.0,277.0,hit,5.4,10.53,conditions_v2,partial,home_base_to_opponent_base_proxy,2026-11-08 14:00:00,144.0,1,3,0,False,[],2026-11-07 14:00:00,168.0,1,3,0,False,[]
j2_2026_11141400_新潟_宮崎,2026-11-14 14:00:00,新潟,宮崎,0.0,0.0,4.0019,5.527,0.0,4.7205,0.0,4.0,944.1,hit,4.0,14.25,conditions_v2,partial,home_base_to_opponent_base_proxy,2026-11-07 14:00:00,168.0,1,3,0,False,[],2026-11-07 14:00:00,168.0,1,3,0,False,[]
j2_2026_11141400_湘南_横浜FC,2026-11-14 14:00:00,湘南,横浜FC,0.0,0.0,6.096,5.3446,0.0,0.066,0.0,4.0,13.2,hit,6.1,9.41,conditions_v2,partial,home_base_to_opponent_base_proxy,2026-11-08 14:00:00,144.0,1,2,0,False,[],2026-11-07 14:00:00,168.0,1,3,0,False,[]
j2_2026_11141400_藤枝_甲府,2026-11-14 14:00:00,藤枝,甲府,0.0,0.0,6.2363,6.8915,0.0,0.4425,0.0,4.0,88.5,hit,6.24,11.33,conditions_v2,partial,home_base_to_opponent_base_proxy,2026-11-07 14:00:00,168.0,1,3,0,False,[],2026-11-08 15:00:00,143.0,1,3,0,False,[]
j2_2026_11151300_札幌_鳥栖,2026-11-15 13:00:00,札幌,鳥栖,0.0,0.0,9.9225,7.9496,0.0,7.156,0.0,4.0,1431.2,hit,9.92,19.11,conditions_v2,partial,home_base_to_opponent_base_proxy,2026-11-08 13:00:00,168.0,1,2,0,False,[],2026-11-07 14:00:00,191.0,0,2,0,False,[]
j2_2026_11151300_仙台_秋田,2026-11-15 13:00:00,仙台,秋田,0.0,0.0,4.2357,5.385,0.0,0.8505,0.0,4.0,170.1,hit,4.24,10.24,conditions_v2,partial,home_base_to_opponent_base_proxy,2026-11-08 15:00:00,166.0,1,2,0,False,[],2026-11-07 14:00:00,191.0,0,2,0,False,[]
j2_2026_11151300_八戸_いわき,2026-11-15 13:00:00,八戸,いわき,0.0,0.0,9.3048,5.2709,0.0,2.003,0.0,4.0,400.6,hit,9.3,11.27,conditions_v2,partial,home_base_to_opponent_base_proxy,2026-11-08 13:00:00,168.0,1,2,0,False,[],2026-11-07 14:00:00,191.0,0,2,0,False,[]
j2_2026_11151400_今治_磐田,2026-11-15 14:00:00,今治,磐田,0.0,0.0,7.4001,4.6454,0.0,2.2875,0.0,4.0,457.5,hit,7.4,10.93,conditions_v2,partial,home_base_to_opponent_base_proxy,2026-11-07 14:00:00,192.0,0,2,0,False,[],2026-11-08 14:00:00,168.0,1,2,0,False,[]
j2_2026_11151400_富山_徳島,2026-11-15 14:00:00,富山,徳島,0.0,0.0,5.8636,5.9867,0.0,1.7975,0.0,4.0,359.5,hit,5.86,11.78,conditions_v2,partial,home_base_to_opponent_base_proxy,2026-11-07 14:00:00,192.0,0,2,0,False,[],2026-11-07 14:00:00,192.0,0,2,0,False,[]
j2_2026_11211400_藤枝_今治,2026-11-21 14:00:00,藤枝,今治,0.0,0.0,4.9572,6.1803,0.0,2.462,0.0,4.0,492.4,hit,4.96,12.64,conditions_v2,partial,home_base_to_opponent_base_proxy,2026-11-14 14:00:00,168.0,1,2,0,False,[],2026-11-15 14:00:00,144.0,1,2,0,False,[]
j2_2026_11211400_秋田_山形,2026-11-21 14:00:00,秋田,山形,0.0,0.0,6.1008,6.0179,0.0,0.78,0.0,4.0,156.0,hit,6.1,10.8,conditions_v2,partial,home_base_to_opponent_base_proxy,2026-11-15 13:00:00,145.0,1,2,0,False,[],2026-11-14 14:00:00,168.0,1,2,0,False,[]
j2_2026_11211400_磐田_大宮,2026-11-21 14:00:00,磐田,大宮,0.0,0.0,5.9746,4.3027,0.0,1.0365,0.0,4.0,207.3,hit,5.97,9.34,conditions_v2,partial,home_base_to_opponent_base_proxy,2026-11-15 14:00:00,144.0,1,2,0,False,[],2026-11-14 14:00:00,168.0,1,2,0,False,[]
j2_2026_11211400_甲府_八戸,2026-11-21 14:00:00,甲府,八戸,0.0,0.0,7.0998,7.6017,0.0,3.033,0.0,4.0,606.6,hit,7.1,14.63,conditions_v2,partial,home_base_to_opponent_base_proxy,2026-11-14 14:00:00,168.0,1,2,0,False,[],2026-11-15 13:00:00,145.0,1,2,0,False,[]
j2_2026_11211400_宮崎_いわき,2026-11-21 14:00:00,宮崎,いわき,0.0,0.0,7.6967,6.2688,0.0,5.093,0.0,4.0,1018.6,hit,7.7,15.36,conditions_v2,partial,home_base_to_opponent_base_proxy,2026-11-14 14:00:00,168.0,1,2,0,False,[],2026-11-15 13:00:00,145.0,1,2,0,False,[]
j2_2026_11211400_栃木C_新潟,2026-11-21 14:00:00,栃木Ｃ,新潟,0.0,0.0,7.1376,3.2855,0.0,0.8975,0.0,4.0,179.5,hit,7.14,8.18,conditions_v2,partial,home_base_to_opponent_base_proxy,2026-11-14 14:00:00,168.0,1,2,0,False,[],2026-11-14 14:00:00,168.0,1,2,0,False,[]
j2_2026_11211400_富山_大分,2026-11-21 14:00:00,富山,大分,0.0,0.0,4.8458,6.2527,0.0,3.1615,0.0,4.0,632.3,hit,4.85,13.41,conditions_v2,partial,home_base_to_opponent_base_proxy,2026-11-15 14:00:00,144.0,1,2,0,False,[],2026-11-14 14:00:00,168.0,1,2,0,False,[]
j2_2026_11211400_鳥栖_仙台,2026-11-21 14:00:00,鳥栖,仙台,0.0,0.0,10.2029,3.5157,0.0,5.415,0.0,4.0,1083.0,hit,10.2,12.93,conditions_v2,partial,home_base_to_opponent_base_proxy,2026-11-15 13:00:00,145.0,1,2,0,False,[],2026-11-15 13:00:00,145.0,1,2,0,False,[]
j2_2026_11211400_横浜FC_札幌,2026-11-21 14:00:00,横浜FC,札幌,0.0,0.0,5.4694,8.3569,0.0,4.2665,0.0,4.0,853.3,hit,5.47,16.62,conditions_v2,partial,home_base_to_opponent_base_proxy,2026-11-14 14:00:00,168.0,1,2,0,False,[],2026-11-15 13:00:00,145.0,1,2,0,False,[]
j2_2026_11221400_徳島_湘南,2026-11-22 14:00:00,徳島,湘南,0.0,0.0,6.9521,4.8052,0.0,2.2545,0.0,4.0,450.9,hit,6.95,11.06,conditions_v2,partial,home_base_to_opponent_base_proxy,2026-11-15 14:00:00,168.0,1,1,0,False,[],2026-11-14 14:00:00,192.0,0,2,0,False,[]
j2_2026_11251830_八戸_新潟,2026-11-25 18:30:00,八戸,新潟,0.0,0.0,8.1372,4.1428,0.0,1.825,0.0,4.0,365.0,hit,8.14,9.97,conditions_v2,partial,home_base_to_opponent_base_proxy,2026-11-21 14:00:00,100.5,1,2,0,False,[],2026-11-21 14:00:00,100.5,1,2,0,False,[]
j2_2026_11251830_今治_宮崎,2026-11-25 18:30:00,今治,宮崎,0.0,0.0,7.286,6.601,0.0,1.29,0.0,4.0,258.0,hit,7.29,11.89,conditions_v2,partial,home_base_to_opponent_base_proxy,2026-11-21 14:00:00,100.5,1,2,0,False,[],2026-11-21 14:00:00,100.5,1,2,0,False,[]
j2_2026_11251900_横浜FC_仙台,2026-11-25 19:00:00,横浜FC,仙台,0.0,0.0,4.4654,5.891,0.0,1.6835,0.0,4.0,336.7,hit,4.47,11.57,conditions_v2,partial,home_base_to_opponent_base_proxy,2026-11-21 14:00:00,101.0,1,2,0,False,[],2026-11-21 14:00:00,101.0,1,2,0,False,[]
j2_2026_11251900_湘南_甲府,2026-11-25 19:00:00,湘南,甲府,0.3958,0.0,6.098,5.9473,0.0,0.374,0.0,4.0,74.8,hit,6.49,10.32,conditions_v2,partial,home_base_to_opponent_base_proxy,2026-11-22 14:00:00,77.0,1,2,0,False,[],2026-11-21 14:00:00,101.0,1,2,0,False,[]
j2_2026_11251900_栃木C_秋田,2026-11-25 19:00:00,栃木Ｃ,秋田,0.0,0.0,5.7617,4.8266,0.0,1.8915,0.0,4.0,378.3,hit,5.76,10.72,conditions_v2,partial,home_base_to_opponent_base_proxy,2026-11-21 14:00:00,101.0,1,2,0,False,[],2026-11-21 14:00:00,101.0,1,2,0,False,[]
j2_2026_11251900_鳥栖_大分,2026-11-25 19:00:00,鳥栖,大分,0.0,0.0,8.3237,7.6597,0.0,0.537,0.0,4.0,107.4,hit,8.32,12.2,conditions_v2,partial,home_base_to_opponent_base_proxy,2026-11-21 14:00:00,101.0,1,2,0,False,[],2026-11-21 14:00:00,101.0,1,2,0,False,[]
j2_2026_11251900_山形_磐田,2026-11-25 19:00:00,山形,磐田,0.0,0.0,6.7843,4.8611,0.0,2.2975,0.0,4.0,459.5,hit,6.78,11.16,conditions_v2,partial,home_base_to_opponent_base_proxy,2026-11-21 14:00:00,101.0,1,2,0,False,[],2026-11-21 14:00:00,101.0,1,2,0,False,[]
j2_2026_11251900_大宮_徳島,2026-11-25 19:00:00,大宮,徳島,0.0,0.3958,5.2529,5.5258,0.0,2.481,0.0,4.0,496.2,hit,5.25,12.4,conditions_v2,partial,home_base_to_opponent_base_proxy,2026-11-21 14:00:00,101.0,1,2,0,False,[],2026-11-22 14:00:00,77.0,1,2,0,False,[]
j2_2026_11251900_いわき_富山,2026-11-25 19:00:00,いわき,富山,0.0,0.0,8.2534,4.0109,0.0,1.647,0.0,4.0,329.4,hit,8.25,9.66,conditions_v2,partial,home_base_to_opponent_base_proxy,2026-11-21 14:00:00,101.0,1,2,0,False,[],2026-11-21 14:00:00,101.0,1,2,0,False,[]
j2_2026_11251900_札幌_藤枝,2026-11-25 19:00:00,札幌,藤枝,0.0,0.0,9.3245,4.0123,0.0,4.725,0.0,4.0,945.0,hit,9.32,12.74,conditions_v2,partial,home_base_to_opponent_base_proxy,2026-11-21 14:00:00,101.0,1,2,0,False,[],2026-11-21 14:00:00,101.0,1,2,0,False,[]
j2_2026_11281400_大宮_今治,2026-11-28 14:00:00,大宮,今治,0.6042,0.5938,4.2467,5.8186,0.0,3.2135,0.0,4.0,642.7,hit,4.85,13.63,conditions_v2,partial,home_base_to_opponent_base_proxy,2026-11-25 19:00:00,67.0,2,3,0,False,[],2026-11-25 18:30:00,67.5,2,3,0,False,[]
j2_2026_11291300_八戸_藤枝,2026-11-29 13:00:00,八戸,藤枝,0.1146,0.125,6.7054,6.0731,0.0,3.475,0.0,4.0,695.0,hit,6.82,13.67,conditions_v2,partial,home_base_to_opponent_base_proxy,2026-11-25 18:30:00,90.5,1,3,0,False,[],2026-11-25 19:00:00,90.0,1,2,0,False,[]
j2_2026_11291400_秋田_横浜FC,2026-11-29 14:00:00,秋田,横浜FC,0.1042,0.1042,5.995,3.5978,0.0,2.374,0.0,4.0,474.8,hit,6.1,10.08,conditions_v2,partial,home_base_to_opponent_base_proxy,2026-11-25 19:00:00,91.0,1,2,0,False,[],2026-11-25 19:00:00,91.0,1,2,0,False,[]
j2_2026_11291400_磐田_栃木C,2026-11-29 14:00:00,磐田,栃木Ｃ,0.1042,0.1042,6.1937,4.7654,0.0,1.2025,0.0,4.0,240.5,hit,6.3,10.07,conditions_v2,partial,home_base_to_opponent_base_proxy,2026-11-25 19:00:00,91.0,1,3,0,False,[],2026-11-25 19:00:00,91.0,1,2,0,False,[]
j2_2026_11291400_湘南_富山,2026-11-29 14:00:00,湘南,富山,0.1042,0.1042,5.0944,4.9358,0.0,1.1995,0.0,4.0,239.9,hit,5.2,10.24,conditions_v2,partial,home_base_to_opponent_base_proxy,2026-11-25 19:00:00,91.0,2,2,0,False,[],2026-11-25 19:00:00,91.0,1,3,0,False,[]
j2_2026_11291400_新潟_甲府,2026-11-29 14:00:00,新潟,甲府,0.0938,0.1042,5.5255,6.1658,0.0,1.274,0.0,4.0,254.8,hit,5.62,11.54,conditions_v2,partial,home_base_to_opponent_base_proxy,2026-11-25 18:30:00,91.5,1,2,0,False,[],2026-11-25 19:00:00,91.0,1,2,0,False,[]
j2_2026_11291400_宮崎_鳥栖,2026-11-29 14:00:00,宮崎,鳥栖,0.0938,0.1042,7.1259,6.8644,0.0,0.8525,0.0,4.0,170.5,hit,7.22,11.82,conditions_v2,partial,home_base_to_opponent_base_proxy,2026-11-25 18:30:00,91.5,1,2,0,False,[],2026-11-25 19:00:00,91.0,1,2,0,False,[]
j2_2026_11291400_大分_徳島,2026-11-29 14:00:00,大分,徳島,0.1042,0.1042,7.7068,6.9098,0.0,1.471,0.0,4.0,294.2,hit,7.81,12.48,conditions_v2,partial,home_base_to_opponent_base_proxy,2026-11-25 19:00:00,91.0,1,2,0,False,[],2026-11-25 19:00:00,91.0,2,3,0,False,[]
j2_2026_11291400_仙台_山形,2026-11-29 14:00:00,仙台,山形,0.1042,0.1042,7.0608,5.5873,0.0,0.22,0.0,4.0,44.0,hit,7.16,9.91,conditions_v2,partial,home_base_to_opponent_base_proxy,2026-11-25 19:00:00,91.0,1,2,0,False,[],2026-11-25 19:00:00,91.0,1,2,0,False,[]
j2_2026_11291500_いわき_札幌,2026-11-29 15:00:00,いわき,札幌,0.0833,0.0833,7.0884,7.5805,0.0,3.3425,0.0,4.0,668.5,hit,7.17,15.01,conditions_v2,partial,home_base_to_opponent_base_proxy,2026-11-25 19:00:00,92.0,1,2,0,False,[],2026-11-25 19:00:00,92.0,1,2,0,False,[]
j2_2026_12051400_徳島_磐田,2026-12-05 14:00:00,徳島,磐田,0.0,0.0,7.5455,5.0334,0.0,1.5255,0.0,4.0,305.1,hit,7.55,10.56,conditions_v2,partial,home_base_to_opponent_base_proxy,2026-11-29 14:00:00,144.0,1,3,0,False,[],2026-11-29 14:00:00,144.0,1,3,0,False,[]
j2_2026_12051400_札幌_新潟,2026-12-05 14:00:00,札幌,新潟,0.0,0.0,8.7795,4.7786,0.0,3.0215,0.0,4.0,604.3,hit,8.78,11.8,conditions_v2,partial,home_base_to_opponent_base_proxy,2026-11-29 15:00:00,143.0,1,3,0,False,[],2026-11-29 14:00:00,144.0,1,3,0,False,[]
j2_2026_12051400_栃木C_宮崎,2026-12-05 14:00:00,栃木Ｃ,宮崎,0.0,0.0,5.3913,5.6747,0.0,4.4335,0.0,4.0,886.7,hit,5.39,14.11,conditions_v2,partial,home_base_to_opponent_base_proxy,2026-11-29 14:00:00,144.0,1,3,0,False,[],2026-11-29 14:00:00,144.0,1,3,0,False,[]
j2_2026_12051400_横浜FC_八戸,2026-12-05 14:00:00,横浜FC,八戸,0.0,0.0,4.9666,5.4779,0.0,2.9605,0.0,4.0,592.1,hit,4.97,12.44,conditions_v2,partial,home_base_to_opponent_base_proxy,2026-11-29 14:00:00,144.0,1,3,0,False,[],2026-11-29 13:00:00,145.0,1,3,0,False,[]
j2_2026_12051400_甲府_鳥栖,2026-12-05 14:00:00,甲府,鳥栖,0.0,0.0,6.8146,6.8224,0.0,3.9025,0.0,4.0,780.5,hit,6.81,14.72,conditions_v2,partial,home_base_to_opponent_base_proxy,2026-11-29 14:00:00,144.0,1,3,0,False,[],2026-11-29 14:00:00,144.0,1,3,0,False,[]
j2_2026_12051400_藤枝_秋田,2026-12-05 14:00:00,藤枝,秋田,0.0,0.0,7.8288,4.8884,0.0,2.814,0.0,4.0,562.8,hit,7.83,11.7,conditions_v2,partial,home_base_to_opponent_base_proxy,2026-11-29 13:00:00,145.0,1,3,0,False,[],2026-11-29 14:00:00,144.0,1,3,0,False,[]
j2_2026_12061300_山形_いわき,2026-12-06 13:00:00,山形,いわき,0.0,0.0,5.9057,5.697,0.0,0.7635,0.0,4.0,152.7,hit,5.91,10.46,conditions_v2,partial,home_base_to_opponent_base_proxy,2026-11-29 14:00:00,167.0,1,2,0,False,[],2026-11-29 15:00:00,166.0,1,2,0,False,[]
j2_2026_12061400_仙台_湘南,2026-12-06 14:00:00,仙台,湘南,0.0,0.0,6.1157,4.2242,0.0,1.7905,0.0,4.0,358.1,hit,6.12,10.01,conditions_v2,partial,home_base_to_opponent_base_proxy,2026-11-29 14:00:00,168.0,1,2,0,False,[],2026-11-29 14:00:00,168.0,1,3,0,False,[]
j2_2026_12061400_富山_大宮,2026-12-06 14:00:00,富山,大宮,0.0,0.0,6.0,3.6823,0.0,1.1615,0.0,4.0,232.3,hit,6.0,8.84,conditions_v2,partial,home_base_to_opponent_base_proxy,2026-11-29 14:00:00,168.0,1,2,0,False,[],2026-11-28 14:00:00,192.0,0,2,0,False,[]
j2_2026_12061500_今治_大分,2026-12-06 15:00:00,今治,大分,0.0,0.0,7.4905,6.5146,0.0,0.7625,0.0,4.0,152.5,hit,7.49,11.28,conditions_v2,partial,home_base_to_opponent_base_proxy,2026-11-28 14:00:00,193.0,0,2,0,False,[],2026-11-29 14:00:00,169.0,0,2,0,False,[]
j2_2026_12121330_甲府_秋田,2026-12-12 13:30:00,甲府,秋田,0.0,0.0,5.7261,6.3875,0.0,2.3735,0.0,4.0,474.7,hit,5.73,12.76,conditions_v2,partial,home_base_to_opponent_base_proxy,2026-12-05 14:00:00,167.5,1,2,0,False,[],2026-12-05 14:00:00,167.5,1,2,0,False,[]
j2_2026_12121345_札幌_富山,2026-12-12 13:45:00,札幌,富山,0.0,0.0,7.0065,5.1137,0.0,3.981,0.0,4.0,796.2,hit,7.01,13.09,conditions_v2,partial,home_base_to_opponent_base_proxy,2026-12-05 14:00:00,167.75,1,2,0,False,[],2026-12-06 14:00:00,143.75,1,2,0,False,[]
j2_2026_12121400_鳥栖_横浜FC,2026-12-12 14:00:00,鳥栖,横浜FC,0.0,0.0,8.3503,4.2001,0.0,4.3245,0.0,4.0,864.9,hit,8.35,12.52,conditions_v2,partial,home_base_to_opponent_base_proxy,2026-12-05 14:00:00,168.0,1,2,0,False,[],2026-12-05 14:00:00,168.0,1,2,0,False,[]
j2_2026_12121400_藤枝_栃木C,2026-12-12 14:00:00,藤枝,栃木Ｃ,0.0,0.0,6.7484,4.4776,0.0,1.031,0.0,4.0,206.2,hit,6.75,9.51,conditions_v2,partial,home_base_to_opponent_base_proxy,2026-12-05 14:00:00,168.0,1,2,0,False,[],2026-12-05 14:00:00,168.0,1,2,0,False,[]
j2_2026_12121400_大分_宮崎,2026-12-12 14:00:00,大分,宮崎,0.0,0.0,6.7288,7.5709,0.0,0.6315,0.0,4.0,126.3,hit,6.73,12.2,conditions_v2,partial,home_base_to_opponent_base_proxy,2026-12-06 15:00:00,143.0,1,2,0,False,[],2026-12-05 14:00:00,168.0,1,2,0,False,[]
j2_2026_12121400_大宮_仙台,2026-12-12 14:00:00,大宮,仙台,0.0,0.0,4.5908,4.7309,0.0,1.446,0.0,4.0,289.2,hit,4.59,10.18,conditions_v2,partial,home_base_to_opponent_base_proxy,2026-12-06 14:00:00,144.0,1,2,0,False,[],2026-12-06 14:00:00,144.0,1,2,0,False,[]
j2_2026_12121500_いわき_徳島,2026-12-12 15:00:00,いわき,徳島,0.0,0.0,5.9209,6.3782,0.0,3.237,0.0,4.0,647.4,hit,5.92,13.62,conditions_v2,partial,home_base_to_opponent_base_proxy,2026-12-06 13:00:00,146.0,1,2,0,False,[],2026-12-05 14:00:00,169.0,0,2,0,False,[]
j2_2026_12131300_山形_八戸,2026-12-13 13:00:00,山形,八戸,0.0,0.0,4.7277,6.5312,0.0,1.336,0.0,4.0,267.2,hit,4.73,11.87,conditions_v2,partial,home_base_to_opponent_base_proxy,2026-12-06 13:00:00,168.0,1,2,0,False,[],2026-12-05 14:00:00,191.0,0,2,0,False,[]
j2_2026_12131400_湘南_今治,2026-12-13 14:00:00,湘南,今治,0.0,0.0,5.1942,6.0754,0.0,3.0055,0.0,4.0,601.1,hit,5.19,13.08,conditions_v2,partial,home_base_to_opponent_base_proxy,2026-12-06 14:00:00,168.0,1,2,0,False,[],2026-12-06 15:00:00,167.0,1,1,0,False,[]
j2_2026_12131400_磐田_新潟,2026-12-13 14:00:00,磐田,新潟,0.0,0.0,6.0711,6.2507,0.0,1.834,0.0,4.0,366.8,hit,6.07,12.08,conditions_v2,partial,home_base_to_opponent_base_proxy,2026-12-05 14:00:00,192.0,0,2,0,False,[],2026-12-05 14:00:00,192.0,0,2,0,False,[]
j2_2026_02200000_横浜FC_大宮,2027-02-20 00:00:00,横浜FC,大宮,0.0,0.0,0.0,0.0,0.0,0.249,0.0,4.0,49.8,hit,0.0,4.25,conditions_v2,partial,home_base_to_opponent_base_proxy,2026-12-12 14:00:00,1666.0,0,0,0,False,[],2026-12-12 14:00:00,1666.0,0,0,0,False,[]
j2_2026_02200000_鳥栖_新潟,2027-02-20 00:00:00,鳥栖,新潟,0.0,0.0,0.0,0.0,0.0,4.5995,0.0,4.0,919.9,hit,0.0,8.6,conditions_v2,partial,home_base_to_opponent_base_proxy,2026-12-12 14:00:00,1666.0,0,0,0,False,[],2026-12-13 14:00:00,1642.0,0,0,0,False,[]
j2_2026_02200000_磐田_甲府,2027-02-20 00:00:00,磐田,甲府,0.0,0.0,0.0,0.0,0.0,0.595,0.0,4.0,119.0,hit,0.0,4.59,conditions_v2,partial,home_base_to_opponent_base_proxy,2026-12-13 14:00:00,1642.0,0,0,0,False,[],2026-12-12 13:30:00,1666.5,0,0,0,False,[]
j2_2026_02200000_湘南_八戸,2027-02-20 00:00:00,湘南,八戸,0.0,0.0,0.0,0.0,0.0,3.0605,0.0,4.0,612.1,hit,0.0,7.06,conditions_v2,partial,home_base_to_opponent_base_proxy,2026-12-13 14:00:00,1642.0,0,0,0,False,[],2026-12-13 13:00:00,1643.0,0,0,0,False,[]
j2_2026_02200000_栃木C_札幌,2027-02-20 00:00:00,栃木Ｃ,札幌,0.0,0.0,0.0,0.0,0.0,3.788,0.0,4.0,757.6,hit,0.0,7.79,conditions_v2,partial,home_base_to_opponent_base_proxy,2026-12-12 14:00:00,1666.0,0,0,0,False,[],2026-12-12 13:45:00,1666.25,0,0,0,False,[]
j2_2026_02200000_いわき_藤枝,2027-02-20 00:00:00,いわき,藤枝,0.0,0.0,0.0,0.0,0.0,1.677,0.0,4.0,335.4,hit,0.0,5.68,conditions_v2,partial,home_base_to_opponent_base_proxy,2026-12-12 15:00:00,1665.0,0,0,0,False,[],2026-12-12 14:00:00,1666.0,0,0,0,False,[]
j2_2026_02200000_宮崎_山形,2027-02-20 00:00:00,宮崎,山形,0.0,0.0,0.0,0.0,0.0,5.3265,0.0,4.0,1065.3,hit,0.0,9.33,conditions_v2,partial,home_base_to_opponent_base_proxy,2026-12-12 14:00:00,1666.0,0,0,0,False,[],2026-12-13 13:00:00,1643.0,0,0,0,False,[]
j2_2026_02200000_大分_仙台,2027-02-20 00:00:00,大分,仙台,0.0,0.0,0.0,0.0,0.0,5.0375,0.0,4.0,1007.5,hit,0.0,9.04,conditions_v2,partial,home_base_to_opponent_base_proxy,2026-12-12 14:00:00,1666.0,0,0,0,False,[],2026-12-12 14:00:00,1666.0,0,0,0,False,[]
j2_2026_02200000_今治_秋田,2027-02-20 00:00:00,今治,秋田,0.0,0.0,0.0,0.0,0.0,4.4745,0.0,4.0,894.9,hit,0.0,8.47,conditions_v2,partial,home_base_to_opponent_base_proxy,2026-12-13 14:00:00,1642.0,0,0,0,False,[],2026-12-12 13:30:00,1666.5,0,0,0,False,[]
j2_2026_02200000_徳島_富山,2027-02-20 00:00:00,徳島,富山,0.0,0.0,0.0,0.0,0.0,1.7975,0.0,4.0,359.5,hit,0.0,5.8,conditions_v2,partial,home_base_to_opponent_base_proxy,2026-12-12 15:00:00,1665.0,0,0,0,False,[],2026-12-12 13:45:00,1666.25,0,0,0,False,[]
j2_2026_02270000_横浜FC_山形,2027-02-27 00:00:00,横浜FC,山形,0.0,0.0,0.0,3.2643,0.0,1.6305,0.0,4.0,326.1,hit,0.0,8.89,conditions_v2,partial,home_base_to_opponent_base_proxy,2027-02-20 00:00:00,168.0,1,1,0,False,[],2027-02-20 00:00:00,168.0,1,1,0,False,[]
j2_2026_02270000_藤枝_大分,2027-02-27 00:00:00,藤枝,大分,0.0,0.0,1.9869,0.0,0.0,3.1695,0.0,4.0,633.9,hit,1.99,7.17,conditions_v2,partial,home_base_to_opponent_base_proxy,2027-02-20 00:00:00,168.0,1,1,0,False,[],2027-02-20 00:00:00,168.0,1,1,0,False,[]
j2_2026_02270000_甲府_湘南,2027-02-27 00:00:00,甲府,湘南,0.0,0.0,1.6082,0.0,0.0,0.374,0.0,4.0,74.8,hit,1.61,4.37,conditions_v2,partial,home_base_to_opponent_base_proxy,2027-02-20 00:00:00,168.0,1,1,0,False,[],2027-02-20 00:00:00,168.0,1,1,0,False,[]
j2_2026_02270000_栃木C_鳥栖,2027-02-27 00:00:00,栃木Ｃ,鳥栖,0.0,0.0,0.0,0.0,0.0,4.476,0.0,4.0,895.2,hit,0.0,8.48,conditions_v2,partial,home_base_to_opponent_base_proxy,2027-02-20 00:00:00,168.0,1,1,0,False,[],2027-02-20 00:00:00,168.0,1,1,0,False,[]
j2_2026_02270000_札幌_八戸,2027-02-27 00:00:00,札幌,八戸,0.0,0.0,2.7258,2.4712,0.0,1.3485,0.0,4.0,269.7,hit,2.73,7.82,conditions_v2,partial,home_base_to_opponent_base_proxy,2027-02-20 00:00:00,168.0,1,1,0,False,[],2027-02-20 00:00:00,168.0,1,1,0,False,[]
j2_2026_02270000_宮崎_新潟,2027-02-27 00:00:00,宮崎,新潟,0.0,0.0,0.0,3.0098,0.0,4.7205,0.0,4.0,944.1,hit,0.0,11.73,conditions_v2,partial,home_base_to_opponent_base_proxy,2027-02-20 00:00:00,168.0,1,1,0,False,[],2027-02-20 00:00:00,168.0,1,1,0,False,[]
j2_2026_02270000_大宮_磐田,2027-02-27 00:00:00,大宮,磐田,0.0,0.0,1.4871,0.0,0.0,1.0365,0.0,4.0,207.3,hit,1.49,5.04,conditions_v2,partial,home_base_to_opponent_base_proxy,2027-02-20 00:00:00,168.0,1,1,0,False,[],2027-02-20 00:00:00,168.0,1,1,0,False,[]
j2_2026_02270000_仙台_いわき,2027-02-27 00:00:00,仙台,いわき,0.0,0.0,3.1631,0.0,0.0,0.724,0.0,4.0,144.8,hit,3.16,4.72,conditions_v2,partial,home_base_to_opponent_base_proxy,2027-02-20 00:00:00,168.0,1,1,0,False,[],2027-02-20 00:00:00,168.0,1,1,0,False,[]
j2_2026_02270000_今治_富山,2027-02-27 00:00:00,今治,富山,0.0,0.0,0.0,2.0291,0.0,2.399,0.0,4.0,479.8,hit,0.0,8.43,conditions_v2,partial,home_base_to_opponent_base_proxy,2027-02-20 00:00:00,168.0,1,1,0,False,[],2027-02-20 00:00:00,168.0,1,1,0,False,[]
j2_2026_02270000_徳島_秋田,2027-02-27 00:00:00,徳島,秋田,0.0,0.0,0.0,2.9661,0.0,3.93,0.0,4.0,786.0,hit,0.0,10.9,conditions_v2,partial,home_base_to_opponent_base_proxy,2027-02-20 00:00:00,168.0,1,1,0,False,[],2027-02-20 00:00:00,168.0,1,1,0,False,[]
j2_2026_03060000_富山_秋田,2027-03-06 00:00:00,富山,秋田,0.0,0.0,4.1093,5.5085,0.0,2.1375,0.0,4.0,427.5,hit,4.11,11.65,conditions_v2,partial,home_base_to_opponent_base_proxy,2027-02-27 00:00:00,168.0,1,2,0,False,[],2027-02-27 00:00:00,168.0,1,2,0,False,[]
j2_2026_03060000_いわき_宮崎,2027-03-06 00:00:00,いわき,宮崎,0.0,0.0,1.6534,0.0,0.0,5.093,0.0,4.0,1018.6,hit,1.65,9.09,conditions_v2,partial,home_base_to_opponent_base_proxy,2027-02-27 00:00:00,168.0,1,2,0,False,[],2027-02-27 00:00:00,168.0,1,2,0,False,[]
j2_2026_03060000_仙台_横浜FC,2027-03-06 00:00:00,仙台,横浜FC,0.0,0.0,2.9146,0.0,0.0,1.6835,0.0,4.0,336.7,hit,2.91,5.68,conditions_v2,partial,home_base_to_opponent_base_proxy,2027-02-27 00:00:00,168.0,1,2,0,False,[],2027-02-27 00:00:00,168.0,1,2,0,False,[]
j2_2026_03060000_八戸_今治,2027-03-06 00:00:00,八戸,今治,0.0,0.0,4.149,0.0,0.0,5.227,0.0,4.0,1045.4,hit,4.15,9.23,conditions_v2,partial,home_base_to_opponent_base_proxy,2027-02-27 00:00:00,168.0,1,2,0,False,[],2027-02-27 00:00:00,168.0,1,2,0,False,[]
j2_2026_03060000_大宮_札幌,2027-03-06 00:00:00,大宮,札幌,0.0,0.0,1.3703,2.5116,0.0,4.0195,0.0,4.0,803.9,hit,1.37,10.53,conditions_v2,partial,home_base_to_opponent_base_proxy,2027-02-27 00:00:00,168.0,1,2,0,False,[],2027-02-27 00:00:00,168.0,1,2,0,False,[]
j2_2026_03060000_新潟_栃木C,2027-03-06 00:00:00,新潟,栃木Ｃ,0.0,0.0,5.8255,0.0,0.0,0.8975,0.0,4.0,179.5,hit,5.83,4.9,conditions_v2,partial,home_base_to_opponent_base_proxy,2027-02-27 00:00:00,168.0,1,2,0,False,[],2027-02-27 00:00:00,168.0,1,2,0,False,[]
j2_2026_03060000_湘南_徳島,2027-03-06 00:00:00,湘南,徳島,0.0,0.0,1.5309,0.0,0.0,2.2545,0.0,4.0,450.9,hit,1.53,6.25,conditions_v2,partial,home_base_to_opponent_base_proxy,2027-02-27 00:00:00,168.0,1,2,0,False,[],2027-02-27 00:00:00,168.0,1,2,0,False,[]
j2_2026_03060000_甲府_大分,2027-03-06 00:00:00,甲府,大分,0.0,0.0,1.4819,2.5093,0.0,3.452,0.0,4.0,690.4,hit,1.48,9.96,conditions_v2,partial,home_base_to_opponent_base_proxy,2027-02-27 00:00:00,168.0,1,2,0,False,[],2027-02-27 00:00:00,168.0,1,2,0,False,[]
j2_2026_03060000_磐田_藤枝,2027-03-06 00:00:00,磐田,藤枝,0.0,0.0,1.7628,1.8308,0.0,0.185,0.0,4.0,37.0,hit,1.76,6.02,conditions_v2,partial,home_base_to_opponent_base_proxy,2027-02-27 00:00:00,168.0,1,2,0,False,[],2027-02-27 00:00:00,168.0,1,2,0,False,[]
j2_2026_03060000_鳥栖_山形,2027-03-06 00:00:00,鳥栖,山形,0.0,0.0,2.9666,4.9785,0.0,5.2255,0.0,4.0,1045.1,hit,2.97,14.2,conditions_v2,partial,home_base_to_opponent_base_proxy,2027-02-27 00:00:00,168.0,1,2,0,False,[],2027-02-27 00:00:00,168.0,1,2,0,False,[]
j2_2026_03130000_藤枝_富山,2027-03-13 00:00:00,藤枝,富山,0.0,0.0,3.0706,3.7036,0.0,1.076,0.0,4.0,215.2,hit,3.07,8.78,conditions_v2,partial,home_base_to_opponent_base_proxy,2027-03-06 00:00:00,168.0,1,2,0,False,[],2027-03-06 00:00:00,168.0,1,2,0,False,[]
j2_2026_03130000_鳥栖_今治,2027-03-13 00:00:00,鳥栖,今治,0.0,0.0,2.7335,3.2294,0.0,1.188,0.0,4.0,237.6,hit,2.73,8.42,conditions_v2,partial,home_base_to_opponent_base_proxy,2027-03-06 00:00:00,168.0,1,2,0,False,[],2027-03-06 00:00:00,168.0,1,2,0,False,[]
j2_2026_03130000_湘南_大宮,2027-03-13 00:00:00,湘南,大宮,0.0,0.0,1.4106,1.2019,0.0,0.3445,0.0,4.0,68.9,hit,1.41,5.55,conditions_v2,partial,home_base_to_opponent_base_proxy,2027-03-06 00:00:00,168.0,1,2,0,False,[],2027-03-06 00:00:00,168.0,1,2,0,False,[]
j2_2026_03130000_栃木C_徳島,2027-03-13 00:00:00,栃木Ｃ,徳島,0.0,0.0,1.7141,2.1891,0.0,2.5815,0.0,4.0,516.3,hit,1.71,8.77,conditions_v2,partial,home_base_to_opponent_base_proxy,2027-03-06 00:00:00,168.0,1,2,0,False,[],2027-03-06 00:00:00,168.0,1,2,0,False,[]
j2_2026_03130000_秋田_いわき,2027-03-13 00:00:00,秋田,いわき,0.0,0.0,7.1028,1.5235,0.0,1.5405,0.0,4.0,308.1,hit,7.1,7.06,conditions_v2,partial,home_base_to_opponent_base_proxy,2027-03-06 00:00:00,168.0,1,2,0,False,[],2027-03-06 00:00:00,168.0,1,2,0,False,[]
j2_2026_03130000_山形_新潟,2027-03-13 00:00:00,山形,新潟,0.0,0.0,7.683,5.2449,0.0,0.6295,0.0,4.0,125.9,hit,7.68,9.87,conditions_v2,partial,home_base_to_opponent_base_proxy,2027-03-06 00:00:00,168.0,1,2,0,False,[],2027-03-06 00:00:00,168.0,1,2,0,False,[]
j2_2026_03130000_宮崎_甲府,2027-03-13 00:00:00,宮崎,甲府,0.0,0.0,3.1825,1.2998,0.0,3.824,0.0,4.0,764.8,hit,3.18,9.12,conditions_v2,partial,home_base_to_opponent_base_proxy,2027-03-06 00:00:00,168.0,1,2,0,False,[],2027-03-06 00:00:00,168.0,1,2,0,False,[]
j2_2026_03130000_大分_磐田,2027-03-13 00:00:00,大分,磐田,0.0,0.0,4.9204,1.6243,0.0,2.9895,0.0,4.0,597.9,hit,4.92,8.61,conditions_v2,partial,home_base_to_opponent_base_proxy,2027-03-06 00:00:00,168.0,1,2,0,False,[],2027-03-06 00:00:00,168.0,1,2,0,False,[]
j2_2026_03130000_仙台_八戸,2027-03-13 00:00:00,仙台,八戸,0.0,0.0,2.5565,3.7221,0.0,1.2865,0.0,4.0,257.3,hit,2.56,9.01,conditions_v2,partial,home_base_to_opponent_base_proxy,2027-03-06 00:00:00,168.0,1,2,0,False,[],2027-03-06 00:00:00,168.0,1,2,0,False,[]
j2_2026_03130000_札幌_横浜FC,2027-03-13 00:00:00,札幌,横浜FC,0.0,0.0,5.0099,1.9892,0.0,4.2665,0.0,4.0,853.3,hit,5.01,10.26,conditions_v2,partial,home_base_to_opponent_base_proxy,2027-03-06 00:00:00,168.0,1,2,0,False,[],2027-03-06 00:00:00,168.0,1,2,0,False,[]
j2_2026_03170000_藤枝_鳥栖,2027-03-17 00:00:00,藤枝,鳥栖,0.0,0.0,2.4766,2.3976,0.0,3.6465,0.0,4.0,729.3,hit,2.48,10.04,conditions_v2,partial,home_base_to_opponent_base_proxy,2027-03-13 00:00:00,96.0,1,2,0,False,[],2027-03-13 00:00:00,96.0,1,2,0,False,[]
j2_2026_03170000_秋田_磐田,2027-03-17 00:00:00,秋田,磐田,0.0,0.0,5.9048,3.871,0.0,2.9465,0.0,4.0,589.3,hit,5.9,10.82,conditions_v2,partial,home_base_to_opponent_base_proxy,2027-03-13 00:00:00,96.0,1,2,0,False,[],2027-03-13 00:00:00,96.0,1,2,0,False,[]
j2_2026_03170000_横浜FC_宮崎,2027-03-17 00:00:00,横浜FC,宮崎,0.0,0.0,4.7262,2.9325,0.0,4.1955,0.0,4.0,839.1,hit,4.73,11.13,conditions_v2,partial,home_base_to_opponent_base_proxy,2027-03-13 00:00:00,96.0,1,2,0,False,[],2027-03-13 00:00:00,96.0,1,2,0,False,[]
j2_2026_03170000_新潟_湘南,2027-03-17 00:00:00,新潟,湘南,0.0,0.0,5.7942,1.2373,0.0,1.455,0.0,4.0,291.0,hit,5.79,6.69,conditions_v2,partial,home_base_to_opponent_base_proxy,2027-03-13 00:00:00,96.0,1,2,0,False,[],2027-03-13 00:00:00,96.0,1,2,0,False,[]
j2_2026_03170000_甲府_山形,2027-03-17 00:00:00,甲府,山形,0.0,0.0,3.6505,6.4193,0.0,1.705,0.0,4.0,341.0,hit,3.65,12.12,conditions_v2,partial,home_base_to_opponent_base_proxy,2027-03-13 00:00:00,96.0,1,2,0,False,[],2027-03-13 00:00:00,96.0,1,2,0,False,[]
j2_2026_03170000_富山_いわき,2027-03-17 00:00:00,富山,いわき,0.0,0.0,4.7376,3.2755,0.0,1.647,0.0,4.0,329.4,hit,4.74,8.92,conditions_v2,partial,home_base_to_opponent_base_proxy,2027-03-13 00:00:00,96.0,1,2,0,False,[],2027-03-13 00:00:00,96.0,1,2,0,False,[]
j2_2026_03170000_大分_札幌,2027-03-17 00:00:00,大分,札幌,0.0,0.0,4.4313,4.1323,0.0,6.916,0.0,4.0,1383.2,hit,4.43,15.05,conditions_v2,partial,home_base_to_opponent_base_proxy,2027-03-13 00:00:00,96.0,1,2,0,False,[],2027-03-13 00:00:00,96.0,1,2,0,False,[]
j2_2026_03170000_八戸_栃木C,2027-03-17 00:00:00,八戸,栃木Ｃ,0.0,0.0,4.7648,1.5794,0.0,2.492,0.0,4.0,498.4,hit,4.76,8.07,conditions_v2,partial,home_base_to_opponent_base_proxy,2027-03-13 00:00:00,96.0,1,2,0,False,[],2027-03-13 00:00:00,96.0,1,2,0,False,[]
j2_2026_03170000_今治_仙台,2027-03-17 00:00:00,今治,仙台,0.0,0.0,4.7915,1.794,0.0,4.275,0.0,4.0,855.0,hit,4.79,10.07,conditions_v2,partial,home_base_to_opponent_base_proxy,2027-03-13 00:00:00,96.0,1,2,0,False,[],2027-03-13 00:00:00,96.0,1,2,0,False,[]
j2_2026_03170000_徳島_大宮,2027-03-17 00:00:00,徳島,大宮,0.0,0.0,4.3206,2.364,0.0,2.481,0.0,4.0,496.2,hit,4.32,8.85,conditions_v2,partial,home_base_to_opponent_base_proxy,2027-03-13 00:00:00,96.0,1,2,0,False,[],2027-03-13 00:00:00,96.0,1,2,0,False,[]
j2_2026_03200000_磐田_宮崎,2027-03-20 00:00:00,磐田,宮崎,0.5,0.5,5.6852,5.4406,0.0,3.3085,0.0,4.0,661.7,hit,6.19,13.25,conditions_v2,partial,home_base_to_opponent_base_proxy,2027-03-17 00:00:00,72.0,2,3,0,False,[],2027-03-17 00:00:00,72.0,2,3,0,False,[]
j2_2026_03200000_いわき_大分,2027-03-20 00:00:00,いわき,大分,0.5,0.5,4.701,3.5312,0.0,4.6915,0.0,4.0,938.3,hit,5.2,12.72,conditions_v2,partial,home_base_to_opponent_base_proxy,2027-03-17 00:00:00,72.0,2,3,0,False,[],2027-03-17 00:00:00,72.0,2,3,0,False,[]
j2_2026_03200000_今治_栃木C,2027-03-20 00:00:00,今治,栃木Ｃ,0.5,0.5,4.2832,3.6576,0.0,3.295,0.0,4.0,659.0,hit,4.78,11.45,conditions_v2,partial,home_base_to_opponent_base_proxy,2027-03-17 00:00:00,72.0,2,3,0,False,[],2027-03-17 00:00:00,72.0,2,3,0,False,[]
j2_2026_03200000_仙台_藤枝,2027-03-20 00:00:00,仙台,藤枝,0.5,0.5,4.3269,2.0825,0.0,2.247,0.0,4.0,449.4,hit,4.83,8.83,conditions_v2,partial,home_base_to_opponent_base_proxy,2027-03-17 00:00:00,72.0,2,3,0,False,[],2027-03-17 00:00:00,72.0,2,3,0,False,[]
j2_2026_03200000_八戸_甲府,2027-03-20 00:00:00,八戸,甲府,0.5,0.5,3.8843,3.2506,0.0,3.033,0.0,4.0,606.6,hit,4.38,10.78,conditions_v2,partial,home_base_to_opponent_base_proxy,2027-03-17 00:00:00,72.0,2,3,0,False,[],2027-03-17 00:00:00,72.0,2,3,0,False,[]
j2_2026_03200000_大宮_秋田,2027-03-20 00:00:00,大宮,秋田,0.5,0.5,4.3421,4.6518,0.0,2.1255,0.0,4.0,425.1,hit,4.84,11.28,conditions_v2,partial,home_base_to_opponent_base_proxy,2027-03-17 00:00:00,72.0,2,3,0,False,[],2027-03-17 00:00:00,72.0,2,3,0,False,[]
j2_2026_03200000_富山_鳥栖,2027-03-20 00:00:00,富山,鳥栖,0.5,0.5,3.825,4.3588,0.0,3.5365,0.0,4.0,707.3,hit,4.33,12.4,conditions_v2,partial,home_base_to_opponent_base_proxy,2027-03-17 00:00:00,72.0,2,3,0,False,[],2027-03-17 00:00:00,72.0,2,3,0,False,[]
j2_2026_03200000_徳島_新潟,2027-03-20 00:00:00,徳島,新潟,0.5,0.5,3.8918,4.5854,0.0,2.872,0.0,4.0,574.4,hit,4.39,11.96,conditions_v2,partial,home_base_to_opponent_base_proxy,2027-03-17 00:00:00,72.0,2,3,0,False,[],2027-03-17 00:00:00,72.0,2,3,0,False,[]
j2_2026_03200000_札幌_山形,2027-03-20 00:00:00,札幌,山形,0.5,0.5,7.322,7.2005,0.0,2.6375,0.0,4.0,527.5,hit,7.82,14.34,conditions_v2,partial,home_base_to_opponent_base_proxy,2027-03-17 00:00:00,72.0,2,3,0,False,[],2027-03-17 00:00:00,72.0,2,3,0,False,[]
j2_2026_03200000_横浜FC_湘南,2027-03-20 00:00:00,横浜FC,湘南,0.5,0.5,4.2737,2.7775,0.0,0.066,0.0,4.0,13.2,hit,4.77,7.34,conditions_v2,partial,home_base_to_opponent_base_proxy,2027-03-17 00:00:00,72.0,2,3,0,False,[],2027-03-17 00:00:00,72.0,2,3,0,False,[]
j2_2026_03270000_鳥栖_磐田,2027-03-27 00:00:00,鳥栖,磐田,0.0,0.0,6.6205,5.1897,0.0,3.47,0.0,4.0,694.0,hit,6.62,12.66,conditions_v2,partial,home_base_to_opponent_base_proxy,2027-03-20 00:00:00,168.0,1,3,0,False,[],2027-03-20 00:00:00,168.0,1,3,0,False,[]
j2_2026_03270000_甲府_大宮,2027-03-27 00:00:00,甲府,大宮,0.0,0.0,5.4168,4.0184,0.0,0.4985,0.0,4.0,99.7,hit,5.42,8.52,conditions_v2,partial,home_base_to_opponent_base_proxy,2027-03-20 00:00:00,168.0,1,3,0,False,[],2027-03-20 00:00:00,168.0,1,3,0,False,[]
j2_2026_03270000_藤枝_横浜FC,2027-03-27 00:00:00,藤枝,横浜FC,0.0,0.0,3.8927,3.6416,0.0,0.7035,0.0,4.0,140.7,hit,3.89,8.35,conditions_v2,partial,home_base_to_opponent_base_proxy,2027-03-20 00:00:00,168.0,1,3,0,False,[],2027-03-20 00:00:00,168.0,1,3,0,False,[]
j2_2026_03270000_秋田_仙台,2027-03-27 00:00:00,秋田,仙台,0.0,0.0,5.8383,3.9589,0.0,0.8505,0.0,4.0,170.1,hit,5.84,8.81,conditions_v2,partial,home_base_to_opponent_base_proxy,2027-03-20 00:00:00,168.0,1,3,0,False,[],2027-03-20 00:00:00,168.0,1,3,0,False,[]
j2_2026_03270000_湘南_札幌,2027-03-27 00:00:00,湘南,札幌,0.0,0.0,4.0498,6.2483,0.0,4.357,0.0,4.0,871.4,hit,4.05,14.61,conditions_v2,partial,home_base_to_opponent_base_proxy,2027-03-20 00:00:00,168.0,1,3,0,False,[],2027-03-20 00:00:00,168.0,1,3,0,False,[]
j2_2026_03270000_山形_今治,2027-03-27 00:00:00,山形,今治,0.0,0.0,8.2115,3.4742,0.0,4.0945,0.0,4.0,818.9,hit,8.21,11.57,conditions_v2,partial,home_base_to_opponent_base_proxy,2027-03-20 00:00:00,168.0,1,3,0,False,[],2027-03-20 00:00:00,168.0,1,3,0,False,[]
j2_2026_03270000_新潟_いわき,2027-03-27 00:00:00,新潟,いわき,0.0,0.0,6.3314,4.3112,0.0,0.9305,0.0,4.0,186.1,hit,6.33,9.24,conditions_v2,partial,home_base_to_opponent_base_proxy,2027-03-20 00:00:00,168.0,1,3,0,False,[],2027-03-20 00:00:00,168.0,1,3,0,False,[]
j2_2026_03270000_宮崎_徳島,2027-03-27 00:00:00,宮崎,徳島,0.0,0.0,7.181,3.2783,0.0,1.864,0.0,4.0,372.8,hit,7.18,9.14,conditions_v2,partial,home_base_to_opponent_base_proxy,2027-03-20 00:00:00,168.0,1,3,0,False,[],2027-03-20 00:00:00,168.0,1,3,0,False,[]
j2_2026_03270000_八戸_大分,2027-03-27 00:00:00,八戸,大分,0.0,0.0,3.3883,5.8312,0.0,5.981,0.0,4.0,1196.2,hit,3.39,15.81,conditions_v2,partial,home_base_to_opponent_base_proxy,2027-03-20 00:00:00,168.0,1,3,0,False,[],2027-03-20 00:00:00,168.0,1,3,0,False,[]
j2_2026_03270000_栃木C_富山,2027-03-27 00:00:00,栃木Ｃ,富山,0.0,0.0,5.7941,3.3392,0.0,1.107,0.0,4.0,221.4,hit,5.79,8.45,conditions_v2,partial,home_base_to_opponent_base_proxy,2027-03-20 00:00:00,168.0,1,3,0,False,[],2027-03-20 00:00:00,168.0,1,3,0,False,[]
j2_2026_04030000_秋田_宮崎,2027-04-03 00:00:00,秋田,宮崎,0.0,0.0,4.8893,6.276,0.0,5.747,0.0,4.0,1149.4,hit,4.89,16.02,conditions_v2,partial,home_base_to_opponent_base_proxy,2027-03-27 00:00:00,168.0,1,2,0,False,[],2027-03-27 00:00:00,168.0,1,2,0,False,[]
j2_2026_04030000_磐田_横浜FC,2027-04-03 00:00:00,磐田,横浜FC,0.0,0.0,6.7497,4.3481,0.0,0.8885,0.0,4.0,177.7,hit,6.75,9.24,conditions_v2,partial,home_base_to_opponent_base_proxy,2027-03-27 00:00:00,168.0,1,2,0,False,[],2027-03-27 00:00:00,168.0,1,2,0,False,[]
j2_2026_04030000_札幌_甲府,2027-04-03 00:00:00,札幌,甲府,0.0,0.0,8.1811,4.4176,0.0,4.2845,0.0,4.0,856.9,hit,8.18,12.7,conditions_v2,partial,home_base_to_opponent_base_proxy,2027-03-27 00:00:00,168.0,1,2,0,False,[],2027-03-27 00:00:00,168.0,1,2,0,False,[]
j2_2026_04030000_徳島_山形,2027-04-03 00:00:00,徳島,山形,0.0,0.0,4.5102,6.954,0.0,3.4685,0.0,4.0,693.7,hit,4.51,14.42,conditions_v2,partial,home_base_to_opponent_base_proxy,2027-03-27 00:00:00,168.0,1,2,0,False,[],2027-03-27 00:00:00,168.0,1,2,0,False,[]
j2_2026_04030000_富山_八戸,2027-04-03 00:00:00,富山,八戸,0.0,0.0,4.2949,2.5393,0.0,2.8775,0.0,4.0,575.5,hit,4.29,9.42,conditions_v2,partial,home_base_to_opponent_base_proxy,2027-03-27 00:00:00,168.0,1,2,0,False,[],2027-03-27 00:00:00,168.0,1,2,0,False,[]
j2_2026_04030000_大分_鳥栖,2027-04-03 00:00:00,大分,鳥栖,0.0,0.0,8.522,5.8007,0.0,0.537,0.0,4.0,107.4,hit,8.52,10.34,conditions_v2,partial,home_base_to_opponent_base_proxy,2027-03-27 00:00:00,168.0,1,2,0,False,[],2027-03-27 00:00:00,168.0,1,2,0,False,[]
j2_2026_04030000_仙台_栃木C,2027-04-03 00:00:00,仙台,栃木Ｃ,0.0,0.0,5.0556,5.1256,0.0,1.2295,0.0,4.0,245.9,hit,5.06,10.36,conditions_v2,partial,home_base_to_opponent_base_proxy,2027-03-27 00:00:00,168.0,1,2,0,False,[],2027-03-27 00:00:00,168.0,1,2,0,False,[]
j2_2026_04030000_今治_新潟,2027-04-03 00:00:00,今治,新潟,0.0,0.0,5.4848,5.1869,0.0,3.477,0.0,4.0,695.4,hit,5.48,12.66,conditions_v2,partial,home_base_to_opponent_base_proxy,2027-03-27 00:00:00,168.0,1,2,0,False,[],2027-03-27 00:00:00,168.0,1,2,0,False,[]
j2_2026_04030000_いわき_湘南,2027-04-03 00:00:00,いわき,湘南,0.0,0.0,5.1671,3.5553,0.0,1.1545,0.0,4.0,230.9,hit,5.17,8.71,conditions_v2,partial,home_base_to_opponent_base_proxy,2027-03-27 00:00:00,168.0,1,2,0,False,[],2027-03-27 00:00:00,168.0,1,2,0,False,[]
j2_2026_04030000_大宮_藤枝,2027-04-03 00:00:00,大宮,藤枝,0.0,0.0,4.8338,3.376,0.0,0.8565,0.0,4.0,171.3,hit,4.83,8.23,conditions_v2,partial,home_base_to_opponent_base_proxy,2027-03-27 00:00:00,168.0,1,2,0,False,[],2027-03-27 00:00:00,168.0,1,2,0,False,[]
j2_2026_04100000_湘南_藤枝,2027-04-10 00:00:00,湘南,藤枝,0.0,0.0,4.5927,4.5429,0.0,0.566,0.0,4.0,113.2,hit,4.59,9.11,conditions_v2,partial,home_base_to_opponent_base_proxy,2027-04-03 00:00:00,168.0,1,2,0,False,[],2027-04-03 00:00:00,168.0,1,2,0,False,[]
j2_2026_04100000_鳥栖_札幌,2027-04-10 00:00:00,鳥栖,札幌,0.0,0.0,6.1818,6.5666,0.0,7.156,0.0,4.0,1431.2,hit,6.18,17.72,conditions_v2,partial,home_base_to_opponent_base_proxy,2027-04-03 00:00:00,168.0,1,2,0,False,[],2027-04-03 00:00:00,168.0,1,2,0,False,[]
j2_2026_04100000_磐田_今治,2027-04-10 00:00:00,磐田,今治,0.0,0.0,5.5128,4.7117,0.0,2.2875,0.0,4.0,457.5,hit,5.51,11.0,conditions_v2,partial,home_base_to_opponent_base_proxy,2027-04-03 00:00:00,168.0,1,2,0,False,[],2027-04-03 00:00:00,168.0,1,2,0,False,[]
j2_2026_04100000_甲府_いわき,2027-04-10 00:00:00,甲府,いわき,0.0,0.0,6.6075,4.1769,0.0,1.2805,0.0,4.0,256.1,hit,6.61,9.46,conditions_v2,partial,home_base_to_opponent_base_proxy,2027-04-03 00:00:00,168.0,1,2,0,False,[],2027-04-03 00:00:00,168.0,1,2,0,False,[]
j2_2026_04100000_横浜FC_徳島,2027-04-10 00:00:00,横浜FC,徳島,0.0,0.0,5.3792,3.8462,0.0,2.3875,0.0,4.0,477.5,hit,5.38,10.23,conditions_v2,partial,home_base_to_opponent_base_proxy,2027-04-03 00:00:00,168.0,1,2,0,False,[],2027-04-03 00:00:00,168.0,1,2,0,False,[]
j2_2026_04100000_八戸_大宮,2027-04-10 00:00:00,八戸,大宮,0.0,0.0,4.412,3.8794,0.0,2.7175,0.0,4.0,543.5,hit,4.41,10.6,conditions_v2,partial,home_base_to_opponent_base_proxy,2027-04-03 00:00:00,168.0,1,2,0,False,[],2027-04-03 00:00:00,168.0,1,2,0,False,[]
j2_2026_04100000_新潟_秋田,2027-04-10 00:00:00,新潟,秋田,0.0,0.0,6.8944,4.0067,0.0,1.1165,0.0,4.0,223.3,hit,6.89,9.12,conditions_v2,partial,home_base_to_opponent_base_proxy,2027-04-03 00:00:00,168.0,1,2,0,False,[],2027-04-03 00:00:00,168.0,1,2,0,False,[]
j2_2026_04100000_宮崎_仙台,2027-04-10 00:00:00,宮崎,仙台,0.0,0.0,8.3692,4.014,0.0,5.4955,0.0,4.0,1099.1,hit,8.37,13.51,conditions_v2,partial,home_base_to_opponent_base_proxy,2027-04-03 00:00:00,168.0,1,2,0,False,[],2027-04-03 00:00:00,168.0,1,2,0,False,[]
j2_2026_04100000_大分_富山,2027-04-10 00:00:00,大分,富山,0.0,0.0,7.4174,3.625,0.0,3.1615,0.0,4.0,632.3,hit,7.42,10.79,conditions_v2,partial,home_base_to_opponent_base_proxy,2027-04-03 00:00:00,168.0,1,2,0,False,[],2027-04-03 00:00:00,168.0,1,2,0,False,[]
j2_2026_04100000_栃木C_山形,2027-04-10 00:00:00,栃木Ｃ,山形,0.0,0.0,5.9284,8.124,0.0,1.157,0.0,4.0,231.4,hit,5.93,13.28,conditions_v2,partial,home_base_to_opponent_base_proxy,2027-04-03 00:00:00,168.0,1,2,0,False,[],2027-04-03 00:00:00,168.0,1,2,0,False,[]
j2_2026_04170000_徳島_札幌,2027-04-17 00:00:00,徳島,札幌,0.0,0.0,5.3981,9.2997,0.0,5.7315,0.0,4.0,1146.3,hit,5.4,19.03,conditions_v2,partial,home_base_to_opponent_base_proxy,2027-04-10 00:00:00,168.0,1,2,0,False,[],2027-04-10 00:00:00,168.0,1,2,0,False,[]
j2_2026_04170000_藤枝_新潟,2027-04-17 00:00:00,藤枝,新潟,0.0,0.0,5.2239,5.5789,0.0,1.709,0.0,4.0,341.8,hit,5.22,11.29,conditions_v2,partial,home_base_to_opponent_base_proxy,2027-04-10 00:00:00,168.0,1,2,0,False,[],2027-04-10 00:00:00,168.0,1,2,0,False,[]
j2_2026_04170000_秋田_湘南,2027-04-17 00:00:00,秋田,湘南,0.0,0.0,4.7548,3.7544,0.0,2.4565,0.0,4.0,491.3,hit,4.75,10.21,conditions_v2,partial,home_base_to_opponent_base_proxy,2027-04-10 00:00:00,168.0,1,2,0,False,[],2027-04-10 00:00:00,168.0,1,2,0,False,[]
j2_2026_04170000_甲府_仙台,2027-04-17 00:00:00,甲府,仙台,0.0,0.0,5.3947,6.6204,0.0,1.812,0.0,4.0,362.4,hit,5.39,12.43,conditions_v2,partial,home_base_to_opponent_base_proxy,2027-04-10 00:00:00,168.0,1,2,0,False,[],2027-04-10 00:00:00,168.0,1,2,0,False,[]
j2_2026_04170000_山形_大分,2027-04-17 00:00:00,山形,大分,0.0,0.0,8.354,5.8817,0.0,4.857,0.0,4.0,971.4,hit,8.35,14.74,conditions_v2,partial,home_base_to_opponent_base_proxy,2027-04-10 00:00:00,168.0,1,2,0,False,[],2027-04-10 00:00:00,168.0,1,2,0,False,[]
j2_2026_04170000_いわき_栃木C,2027-04-17 00:00:00,いわき,栃木Ｃ,0.0,0.0,5.2677,4.7254,0.0,0.6615,0.0,4.0,132.3,hit,5.27,9.39,conditions_v2,partial,home_base_to_opponent_base_proxy,2027-04-10 00:00:00,168.0,1,2,0,False,[],2027-04-10 00:00:00,168.0,1,2,0,False,[]
j2_2026_04170000_大宮_宮崎,2027-04-17 00:00:00,大宮,宮崎,0.0,0.0,5.5274,6.8519,0.0,4.3165,0.0,4.0,863.3,hit,5.53,15.17,conditions_v2,partial,home_base_to_opponent_base_proxy,2027-04-10 00:00:00,168.0,1,2,0,False,[],2027-04-10 00:00:00,168.0,1,2,0,False,[]
j2_2026_04170000_八戸_鳥栖,2027-04-17 00:00:00,八戸,鳥栖,0.0,0.0,3.7664,4.8932,0.0,6.292,0.0,4.0,1258.4,hit,3.77,15.19,conditions_v2,partial,home_base_to_opponent_base_proxy,2027-04-10 00:00:00,168.0,1,2,0,False,[],2027-04-10 00:00:00,168.0,1,2,0,False,[]
j2_2026_04170000_今治_横浜FC,2027-04-17 00:00:00,今治,横浜FC,0.0,0.0,6.1036,4.5646,0.0,3.1365,0.0,4.0,627.3,hit,6.1,11.7,conditions_v2,partial,home_base_to_opponent_base_proxy,2027-04-10 00:00:00,168.0,1,2,0,False,[],2027-04-10 00:00:00,168.0,1,2,0,False,[]
j2_2026_04170000_富山_磐田,2027-04-17 00:00:00,富山,磐田,0.0,0.0,5.4789,4.5454,0.0,1.1,0.0,4.0,220.0,hit,5.48,9.65,conditions_v2,partial,home_base_to_opponent_base_proxy,2027-04-10 00:00:00,168.0,1,2,0,False,[],2027-04-10 00:00:00,168.0,1,2,0,False,[]
j2_2026_04240000_鳥栖_徳島,2027-04-24 00:00:00,鳥栖,徳島,0.0,0.0,7.585,4.3871,0.0,1.945,0.0,4.0,389.0,hit,7.58,10.33,conditions_v2,partial,home_base_to_opponent_base_proxy,2027-04-17 00:00:00,168.0,1,2,0,False,[],2027-04-17 00:00:00,168.0,1,2,0,False,[]
j2_2026_04240000_磐田_いわき,2027-04-24 00:00:00,磐田,いわき,0.0,0.0,5.1534,4.2519,0.0,1.8535,0.0,4.0,370.7,hit,5.15,10.11,conditions_v2,partial,home_base_to_opponent_base_proxy,2027-04-17 00:00:00,168.0,1,2,0,False,[],2027-04-17 00:00:00,168.0,1,2,0,False,[]
j2_2026_04240000_横浜FC_甲府,2027-04-24 00:00:00,横浜FC,甲府,0.0,0.0,6.0949,4.4799,0.0,0.4665,0.0,4.0,93.3,hit,6.09,8.95,conditions_v2,partial,home_base_to_opponent_base_proxy,2027-04-17 00:00:00,168.0,1,2,0,False,[],2027-04-17 00:00:00,168.0,1,2,0,False,[]
j2_2026_04240000_栃木C_湘南,2027-04-24 00:00:00,栃木Ｃ,湘南,0.0,0.0,5.5066,5.3634,0.0,0.5695,0.0,4.0,113.9,hit,5.51,9.93,conditions_v2,partial,home_base_to_opponent_base_proxy,2027-04-17 00:00:00,168.0,1,2,0,False,[],2027-04-17 00:00:00,168.0,1,2,0,False,[]
j2_2026_04240000_札幌_今治,2027-04-24 00:00:00,札幌,今治,0.0,0.0,11.0235,4.8846,0.0,6.19,0.0,4.0,1238.0,hit,11.02,15.07,conditions_v2,partial,home_base_to_opponent_base_proxy,2027-04-17 00:00:00,168.0,1,2,0,False,[],2027-04-17 00:00:00,168.0,1,2,0,False,[]
j2_2026_04240000_山形_藤枝,2027-04-24 00:00:00,山形,藤枝,0.0,0.0,7.0224,4.4734,0.0,2.1455,0.0,4.0,429.1,hit,7.02,10.62,conditions_v2,partial,home_base_to_opponent_base_proxy,2027-04-17 00:00:00,168.0,1,2,0,False,[],2027-04-17 00:00:00,168.0,1,2,0,False,[]
j2_2026_04240000_宮崎_八戸,2027-04-24 00:00:00,宮崎,八戸,0.0,0.0,8.5851,3.1423,0.0,6.498,0.0,4.0,1299.6,hit,8.59,13.64,conditions_v2,partial,home_base_to_opponent_base_proxy,2027-04-17 00:00:00,168.0,1,2,0,False,[],2027-04-17 00:00:00,168.0,1,2,0,False,[]
j2_2026_04240000_大分_秋田,2027-04-24 00:00:00,大分,秋田,0.0,0.0,7.4942,3.9778,0.0,5.228,0.0,4.0,1045.6,hit,7.49,13.21,conditions_v2,partial,home_base_to_opponent_base_proxy,2027-04-17 00:00:00,168.0,1,2,0,False,[],2027-04-17 00:00:00,168.0,1,2,0,False,[]
j2_2026_04240000_仙台_富山,2027-04-24 00:00:00,仙台,富山,0.0,0.0,7.5588,4.5044,0.0,1.8795,0.0,4.0,375.9,hit,7.56,10.38,conditions_v2,partial,home_base_to_opponent_base_proxy,2027-04-17 00:00:00,168.0,1,2,0,False,[],2027-04-17 00:00:00,168.0,1,2,0,False,[]
j2_2026_04240000_新潟_大宮,2027-04-24 00:00:00,新潟,大宮,0.0,0.0,6.596,4.5373,0.0,1.1225,0.0,4.0,224.5,hit,6.6,9.66,conditions_v2,partial,home_base_to_opponent_base_proxy,2027-04-17 00:00:00,168.0,1,2,0,False,[],2027-04-17 00:00:00,168.0,1,2,0,False,[]
j2_2026_04290000_湘南_大分,2027-04-29 00:00:00,湘南,大分,0.0,0.0,5.978,6.3125,0.0,3.7245,0.0,4.0,744.9,hit,5.98,14.04,conditions_v2,partial,home_base_to_opponent_base_proxy,2027-04-24 00:00:00,120.0,1,2,0,False,[],2027-04-24 00:00:00,120.0,1,2,0,False,[]
j2_2026_04290000_磐田_仙台,2027-04-29 00:00:00,磐田,仙台,0.0,0.0,4.2841,6.483,0.0,2.4075,0.0,4.0,481.5,hit,4.28,12.89,conditions_v2,partial,home_base_to_opponent_base_proxy,2027-04-24 00:00:00,120.0,1,2,0,False,[],2027-04-24 00:00:00,120.0,1,2,0,False,[]
j2_2026_04290000_甲府_今治,2027-04-29 00:00:00,甲府,今治,0.0,0.0,4.8709,7.5967,0.0,2.7155,0.0,4.0,543.1,hit,4.87,14.31,conditions_v2,partial,home_base_to_opponent_base_proxy,2027-04-24 00:00:00,120.0,1,2,0,False,[],2027-04-24 00:00:00,120.0,1,2,0,False,[]
j2_2026_04290000_秋田_八戸,2027-04-29 00:00:00,秋田,八戸,0.0,0.0,6.4853,5.9686,0.0,0.753,0.0,4.0,150.6,hit,6.49,10.72,conditions_v2,partial,home_base_to_opponent_base_proxy,2027-04-24 00:00:00,120.0,1,2,0,False,[],2027-04-24 00:00:00,120.0,1,2,0,False,[]
j2_2026_04290000_札幌_宮崎,2027-04-29 00:00:00,札幌,宮崎,0.0,0.0,9.4367,6.8754,0.0,7.4795,0.0,4.0,1495.9,hit,9.44,18.35,conditions_v2,partial,home_base_to_opponent_base_proxy,2027-04-24 00:00:00,120.0,1,2,0,False,[],2027-04-24 00:00:00,120.0,1,2,0,False,[]
j2_2026_04290000_富山_山形,2027-04-29 00:00:00,富山,山形,0.0,0.0,5.8088,5.4567,0.0,1.6955,0.0,4.0,339.1,hit,5.81,11.15,conditions_v2,partial,home_base_to_opponent_base_proxy,2027-04-24 00:00:00,120.0,1,2,0,False,[],2027-04-24 00:00:00,120.0,1,2,0,False,[]
j2_2026_04290000_徳島_藤枝,2027-04-29 00:00:00,徳島,藤枝,0.0,0.0,5.7192,5.6723,0.0,1.703,0.0,4.0,340.6,hit,5.72,11.38,conditions_v2,partial,home_base_to_opponent_base_proxy,2027-04-24 00:00:00,120.0,1,2,0,False,[],2027-04-24 00:00:00,120.0,1,2,0,False,[]
j2_2026_04290000_大宮_栃木C,2027-04-29 00:00:00,大宮,栃木Ｃ,0.0,0.0,5.5461,4.3975,0.0,0.2345,0.0,4.0,46.9,hit,5.55,8.63,conditions_v2,partial,home_base_to_opponent_base_proxy,2027-04-24 00:00:00,120.0,1,2,0,False,[],2027-04-24 00:00:00,120.0,1,2,0,False,[]
j2_2026_04290000_いわき_鳥栖,2027-04-29 00:00:00,いわき,鳥栖,0.0,0.0,5.5362,6.31,0.0,5.1145,0.0,4.0,1022.9,hit,5.54,15.42,conditions_v2,partial,home_base_to_opponent_base_proxy,2027-04-24 00:00:00,120.0,1,2,0,False,[],2027-04-24 00:00:00,120.0,1,2,0,False,[]
j2_2026_04290000_新潟_横浜FC,2027-04-29 00:00:00,新潟,横浜FC,0.0,0.0,5.2556,5.0113,0.0,1.417,0.0,4.0,283.4,hit,5.26,10.43,conditions_v2,partial,home_base_to_opponent_base_proxy,2027-04-24 00:00:00,120.0,1,2,0,False,[],2027-04-24 00:00:00,120.0,1,2,0,False,[]
j2_2026_05030000_鳥栖_秋田,2027-05-03 00:00:00,鳥栖,秋田,0.0,0.0,8.4341,5.3865,0.0,5.54,0.0,4.0,1108.0,hit,8.43,14.93,conditions_v2,partial,home_base_to_opponent_base_proxy,2027-04-29 00:00:00,96.0,1,2,0,False,[],2027-04-29 00:00:00,96.0,1,2,0,False,[]
j2_2026_05030000_藤枝_札幌,2027-05-03 00:00:00,藤枝,札幌,0.0,0.0,6.6275,7.4107,0.0,4.725,0.0,4.0,945.0,hit,6.63,16.14,conditions_v2,partial,home_base_to_opponent_base_proxy,2027-04-29 00:00:00,96.0,1,2,0,False,[],2027-04-29 00:00:00,96.0,1,2,0,False,[]
j2_2026_05030000_横浜FC_いわき,2027-05-03 00:00:00,横浜FC,いわき,0.0,0.0,6.039,4.4855,0.0,1.0295,0.0,4.0,205.9,hit,6.04,9.52,conditions_v2,partial,home_base_to_opponent_base_proxy,2027-04-29 00:00:00,96.0,1,2,0,False,[],2027-04-29 00:00:00,96.0,1,2,0,False,[]
j2_2026_05030000_栃木C_甲府,2027-05-03 00:00:00,栃木Ｃ,甲府,0.0,0.0,5.0612,4.0336,0.0,0.6195,0.0,4.0,123.9,hit,5.06,8.65,conditions_v2,partial,home_base_to_opponent_base_proxy,2027-04-29 00:00:00,96.0,1,2,0,False,[],2027-04-29 00:00:00,96.0,1,2,0,False,[]
j2_2026_05030000_山形_湘南,2027-05-03 00:00:00,山形,湘南,0.0,0.0,6.1431,5.0999,0.0,1.7265,0.0,4.0,345.3,hit,6.14,10.83,conditions_v2,partial,home_base_to_opponent_base_proxy,2027-04-29 00:00:00,96.0,1,2,0,False,[],2027-04-29 00:00:00,96.0,1,2,0,False,[]
j2_2026_05030000_宮崎_富山,2027-05-03 00:00:00,宮崎,富山,0.0,0.0,9.6581,4.6577,0.0,3.64,0.0,4.0,728.0,hit,9.66,12.3,conditions_v2,partial,home_base_to_opponent_base_proxy,2027-04-29 00:00:00,96.0,1,2,0,False,[],2027-04-29 00:00:00,96.0,1,2,0,False,[]
j2_2026_05030000_大分_大宮,2027-05-03 00:00:00,大分,大宮,0.0,0.0,7.8857,4.4258,0.0,3.9505,0.0,4.0,790.1,hit,7.89,12.38,conditions_v2,partial,home_base_to_opponent_base_proxy,2027-04-29 00:00:00,96.0,1,2,0,False,[],2027-04-29 00:00:00,96.0,1,2,0,False,[]
j2_2026_05030000_八戸_磐田,2027-05-03 00:00:00,八戸,磐田,0.0,0.0,6.8572,3.4946,0.0,3.621,0.0,4.0,724.2,hit,6.86,11.12,conditions_v2,partial,home_base_to_opponent_base_proxy,2027-04-29 00:00:00,96.0,1,2,0,False,[],2027-04-29 00:00:00,96.0,1,2,0,False,[]
j2_2026_05030000_仙台_新潟,2027-05-03 00:00:00,仙台,新潟,0.0,0.0,7.2667,4.2875,0.0,0.8335,0.0,4.0,166.7,hit,7.27,9.12,conditions_v2,partial,home_base_to_opponent_base_proxy,2027-04-29 00:00:00,96.0,1,2,0,False,[],2027-04-29 00:00:00,96.0,1,2,0,False,[]
j2_2026_05030000_今治_徳島,2027-05-03 00:00:00,今治,徳島,0.0,0.0,8.6346,4.608,0.0,0.7665,0.0,4.0,153.3,hit,8.63,9.37,conditions_v2,partial,home_base_to_opponent_base_proxy,2027-04-29 00:00:00,96.0,1,2,0,False,[],2027-04-29 00:00:00,96.0,1,2,0,False,[]
j2_2026_05090000_横浜FC_栃木C,2027-05-09 00:00:00,横浜FC,栃木Ｃ,0.0,0.0,4.8088,4.0485,0.0,0.4835,0.0,4.0,96.7,hit,4.81,8.53,conditions_v2,partial,home_base_to_opponent_base_proxy,2027-05-03 00:00:00,144.0,1,2,0,False,[],2027-05-03 00:00:00,144.0,1,2,0,False,[]
j2_2026_05090000_湘南_宮崎,2027-05-09 00:00:00,湘南,宮崎,0.0,0.0,5.9781,7.9098,0.0,4.0585,0.0,4.0,811.7,hit,5.98,15.97,conditions_v2,partial,home_base_to_opponent_base_proxy,2027-05-03 00:00:00,144.0,1,2,0,False,[],2027-05-03 00:00:00,144.0,1,2,0,False,[]
j2_2026_05090000_新潟_大分,2027-05-09 00:00:00,新潟,大分,0.0,0.0,4.9031,6.3168,0.0,4.239,0.0,4.0,847.8,hit,4.9,14.56,conditions_v2,partial,home_base_to_opponent_base_proxy,2027-05-03 00:00:00,144.0,1,2,0,False,[],2027-05-03 00:00:00,144.0,1,2,0,False,[]
j2_2026_05090000_徳島_仙台,2027-05-09 00:00:00,徳島,仙台,0.0,0.0,5.4581,5.8773,0.0,3.634,0.0,4.0,726.8,hit,5.46,13.51,conditions_v2,partial,home_base_to_opponent_base_proxy,2027-05-03 00:00:00,144.0,1,2,0,False,[],2027-05-03 00:00:00,144.0,1,2,0,False,[]
j2_2026_05090000_札幌_磐田,2027-05-09 00:00:00,札幌,磐田,0.0,0.0,8.6372,5.2626,0.0,4.855,0.0,4.0,971.0,hit,8.64,14.12,conditions_v2,partial,home_base_to_opponent_base_proxy,2027-05-03 00:00:00,144.0,1,2,0,False,[],2027-05-03 00:00:00,144.0,1,2,0,False,[]
j2_2026_05090000_富山_甲府,2027-05-09 00:00:00,富山,甲府,0.0,0.0,6.5044,4.8974,0.0,0.838,0.0,4.0,167.6,hit,6.5,9.74,conditions_v2,partial,home_base_to_opponent_base_proxy,2027-05-03 00:00:00,144.0,1,2,0,False,[],2027-05-03 00:00:00,144.0,1,2,0,False,[]
j2_2026_05090000_大宮_鳥栖,2027-05-09 00:00:00,大宮,鳥栖,0.0,0.0,6.4069,6.7953,0.0,4.4,0.0,4.0,880.0,hit,6.41,15.2,conditions_v2,partial,home_base_to_opponent_base_proxy,2027-05-03 00:00:00,144.0,1,2,0,False,[],2027-05-03 00:00:00,144.0,1,2,0,False,[]
j2_2026_05090000_今治_藤枝,2027-05-09 00:00:00,今治,藤枝,0.0,0.0,7.392,5.6566,0.0,2.462,0.0,4.0,492.4,hit,7.39,12.12,conditions_v2,partial,home_base_to_opponent_base_proxy,2027-05-03 00:00:00,144.0,1,2,0,False,[],2027-05-03 00:00:00,144.0,1,2,0,False,[]
j2_2026_05090000_いわき_八戸,2027-05-09 00:00:00,いわき,八戸,0.0,0.0,5.448,5.9084,0.0,2.003,0.0,4.0,400.6,hit,5.45,11.91,conditions_v2,partial,home_base_to_opponent_base_proxy,2027-05-03 00:00:00,144.0,1,2,0,False,[],2027-05-03 00:00:00,144.0,1,2,0,False,[]
j2_2026_05090000_山形_秋田,2027-05-09 00:00:00,山形,秋田,0.0,0.0,5.0828,7.8419,0.0,0.78,0.0,4.0,156.0,hit,5.08,12.62,conditions_v2,partial,home_base_to_opponent_base_proxy,2027-05-03 00:00:00,144.0,1,2,0,False,[],2027-05-03 00:00:00,144.0,1,2,0,False,[]
j2_2026_05150000_鳥栖_湘南,2027-05-15 00:00:00,鳥栖,湘南,0.0,0.0,8.5476,4.8554,0.0,4.193,0.0,4.0,838.6,hit,8.55,13.05,conditions_v2,partial,home_base_to_opponent_base_proxy,2027-05-09 00:00:00,144.0,1,2,0,False,[],2027-05-09 00:00:00,144.0,1,2,0,False,[]
j2_2026_05150000_秋田_栃木C,2027-05-15 00:00:00,秋田,栃木Ｃ,0.0,0.0,8.0515,4.8616,0.0,1.8915,0.0,4.0,378.3,hit,8.05,10.75,conditions_v2,partial,home_base_to_opponent_base_proxy,2027-05-09 00:00:00,144.0,1,2,0,False,[],2027-05-09 00:00:00,144.0,1,2,0,False,[]
j2_2026_05150000_甲府_藤枝,2027-05-15 00:00:00,甲府,藤枝,0.0,0.0,5.6251,6.7045,0.0,0.4425,0.0,4.0,88.5,hit,5.63,11.15,conditions_v2,partial,home_base_to_opponent_base_proxy,2027-05-09 00:00:00,144.0,1,2,0,False,[],2027-05-09 00:00:00,144.0,1,2,0,False,[]
j2_2026_05150000_札幌_仙台,2027-05-15 00:00:00,札幌,仙台,0.0,0.0,7.1938,7.4713,0.0,2.6205,0.0,4.0,524.1,hit,7.19,14.09,conditions_v2,partial,home_base_to_opponent_base_proxy,2027-05-09 00:00:00,144.0,1,2,0,False,[],2027-05-09 00:00:00,144.0,1,2,0,False,[]
j2_2026_05150000_磐田_山形,2027-05-15 00:00:00,磐田,山形,0.0,0.0,7.5927,4.1228,0.0,2.2975,0.0,4.0,459.5,hit,7.59,10.42,conditions_v2,partial,home_base_to_opponent_base_proxy,2027-05-09 00:00:00,144.0,1,2,0,False,[],2027-05-09 00:00:00,144.0,1,2,0,False,[]
j2_2026_05150000_宮崎_今治,2027-05-15 00:00:00,宮崎,今治,0.0,0.0,9.356,5.7453,0.0,1.29,0.0,4.0,258.0,hit,9.36,11.04,conditions_v2,partial,home_base_to_opponent_base_proxy,2027-05-09 00:00:00,144.0,1,2,0,False,[],2027-05-09 00:00:00,144.0,1,2,0,False,[]
j2_2026_05150000_大分_横浜FC,2027-05-15 00:00:00,大分,横浜FC,0.0,0.0,8.0754,3.9337,0.0,3.8585,0.0,4.0,771.7,hit,8.08,11.79,conditions_v2,partial,home_base_to_opponent_base_proxy,2027-05-09 00:00:00,144.0,1,2,0,False,[],2027-05-09 00:00:00,144.0,1,2,0,False,[]
j2_2026_05150000_八戸_徳島,2027-05-15 00:00:00,八戸,徳島,0.0,0.0,6.6126,4.3572,0.0,4.674,0.0,4.0,934.8,hit,6.61,13.03,conditions_v2,partial,home_base_to_opponent_base_proxy,2027-05-09 00:00:00,144.0,1,2,0,False,[],2027-05-09 00:00:00,144.0,1,2,0,False,[]
j2_2026_05150000_いわき_大宮,2027-05-15 00:00:00,いわき,大宮,0.0,0.0,4.3634,5.2723,0.0,0.823,0.0,4.0,164.6,hit,4.36,10.1,conditions_v2,partial,home_base_to_opponent_base_proxy,2027-05-09 00:00:00,144.0,1,2,0,False,[],2027-05-09 00:00:00,144.0,1,2,0,False,[]
j2_2026_05150000_富山_新潟,2027-05-15 00:00:00,富山,新潟,0.0,0.0,5.317,4.0658,0.0,1.081,0.0,4.0,216.2,hit,5.32,9.15,conditions_v2,partial,home_base_to_opponent_base_proxy,2027-05-09 00:00:00,144.0,1,2,0,False,[],2027-05-09 00:00:00,144.0,1,2,0,False,[]
j2_2026_05230000_秋田_札幌,2027-05-23 00:00:00,秋田,札幌,0.0,0.0,6.8351,5.8588,0.0,1.9115,0.0,4.0,382.3,hit,6.84,11.77,conditions_v2,partial,home_base_to_opponent_base_proxy,2027-05-15 00:00:00,192.0,0,2,0,False,[],2027-05-15 00:00:00,192.0,0,2,0,False,[]
j2_2026_05230000_今治_いわき,2027-05-23 00:00:00,今治,いわき,0.0,0.0,6.2042,3.5683,0.0,3.939,0.0,4.0,787.8,hit,6.2,11.51,conditions_v2,partial,home_base_to_opponent_base_proxy,2027-05-15 00:00:00,192.0,0,2,0,False,[],2027-05-15 00:00:00,192.0,0,2,0,False,[]
j2_2026_05230000_仙台_鳥栖,2027-05-23 00:00:00,仙台,鳥栖,0.0,0.0,8.3611,6.8741,0.0,5.415,0.0,4.0,1083.0,hit,8.36,16.29,conditions_v2,partial,home_base_to_opponent_base_proxy,2027-05-15 00:00:00,192.0,0,2,0,False,[],2027-05-15 00:00:00,192.0,0,2,0,False,[]
j2_2026_05230000_山形_大宮,2027-05-23 00:00:00,山形,大宮,0.0,0.0,5.278,6.0524,0.0,1.385,0.0,4.0,277.0,hit,5.28,11.44,conditions_v2,partial,home_base_to_opponent_base_proxy,2027-05-15 00:00:00,192.0,0,2,0,False,[],2027-05-15 00:00:00,192.0,0,2,0,False,[]
j2_2026_05230000_徳島_甲府,2027-05-23 00:00:00,徳島,甲府,0.0,0.0,6.59,4.7812,0.0,1.9835,0.0,4.0,396.7,hit,6.59,10.76,conditions_v2,partial,home_base_to_opponent_base_proxy,2027-05-15 00:00:00,192.0,0,2,0,False,[],2027-05-15 00:00:00,192.0,0,2,0,False,[]
j2_2026_05230000_新潟_八戸,2027-05-23 00:00:00,新潟,八戸,0.0,0.0,5.0941,5.3824,0.0,1.825,0.0,4.0,365.0,hit,5.09,11.21,conditions_v2,partial,home_base_to_opponent_base_proxy,2027-05-15 00:00:00,192.0,0,2,0,False,[],2027-05-15 00:00:00,192.0,0,2,0,False,[]
j2_2026_05230000_栃木C_大分,2027-05-23 00:00:00,栃木Ｃ,大分,0.0,0.0,5.9761,6.5261,0.0,4.042,0.0,4.0,808.4,hit,5.98,14.57,conditions_v2,partial,home_base_to_opponent_base_proxy,2027-05-15 00:00:00,192.0,0,2,0,False,[],2027-05-15 00:00:00,192.0,0,2,0,False,[]
j2_2026_05230000_横浜FC_富山,2027-05-23 00:00:00,横浜FC,富山,0.0,0.0,5.6929,4.3916,0.0,1.2585,0.0,4.0,251.7,hit,5.69,9.65,conditions_v2,partial,home_base_to_opponent_base_proxy,2027-05-15 00:00:00,192.0,0,2,0,False,[],2027-05-15 00:00:00,192.0,0,2,0,False,[]
j2_2026_05230000_湘南_磐田,2027-05-23 00:00:00,湘南,磐田,0.0,0.0,6.8452,6.5925,0.0,0.7505,0.0,4.0,150.1,hit,6.85,11.34,conditions_v2,partial,home_base_to_opponent_base_proxy,2027-05-15 00:00:00,192.0,0,2,0,False,[],2027-05-15 00:00:00,192.0,0,2,0,False,[]
j2_2026_05230000_藤枝_宮崎,2027-05-23 00:00:00,藤枝,宮崎,0.0,0.0,6.9879,7.4341,0.0,3.4935,0.0,4.0,698.7,hit,6.99,14.93,conditions_v2,partial,home_base_to_opponent_base_proxy,2027-05-15 00:00:00,192.0,0,2,0,False,[],2027-05-15 00:00:00,192.0,0,2,0,False,[]
